Date,Open,High,Low,Close
2006-05-15 23:00:00+00:00,0.9496027207839901,0.9499870766924967,0.9414308364550237,0.9438905218718229
2006-05-16 23:00:00+00:00,0.9439793688970303,0.9535429055712814,0.9362658181027275,0.9528857703944363
2006-05-17 23:00:00+00:00,0.9531992193944291,0.9532994927602926,0.9375668918686502,0.9395545657892131
2006-05-18 23:00:00+00:00,0.939513919139806,0.9489541133593208,0.9407262931433045,0.9454209923637326
2006-05-21 23:00:00+00:00,0.9440632376588078,0.9501044821906893,0.9349585471225992,0.9371292005438427
2006-05-22 23:00:00+00:00,0.9369397029708451,0.9421988563261141,0.9333953185150111,0.9415140237411275
2006-05-23 23:00:00+00:00,0.9415118192730725,0.9427908523733705,0.9323398205866785,0.939534977240647
2006-05-24 23:00:00+00:00,0.93967683120743,0.9412689484128387,0.9364671509283468,0.9369495579494521
2006-05-25 23:00:00+00:00,0.9372815552012039,0.9430098813608776,0.935430992778975,0.9421012975749339
2006-05-28 23:00:00+00:00,0.9422211373972084,0.9422972941074066,0.9387338902565752,0.9391950385273694
2006-05-29 23:00:00+00:00,0.9390247156536572,0.9393357748261247,0.92608073586351,0.9273891921255795
2006-05-30 23:00:00+00:00,0.9274949577300124,0.932297971669026,0.926258887494772,0.9316177261647511
2006-05-31 23:00:00+00:00,0.931387840686322,0.9382257778940267,0.930144102846416,0.9298641009814445
2006-06-01 23:00:00+00:00,0.9302382525889336,0.9302397368638805,0.9196690608344561,0.9208706606408958
2006-06-04 23:00:00+00:00,0.9195715005882398,0.9193901503841226,0.9110280143222131,0.9176314608020806
2006-06-05 23:00:00+00:00,0.9180135239682172,0.9268990598310974,0.9162604481445286,0.9257922233136386
2006-06-06 23:00:00+00:00,0.9258796290662828,0.930897620869869,0.9243453579029813,0.9272359310093633
2006-06-07 23:00:00+00:00,0.9270206459662651,0.9425774081089646,0.9272708948918016,0.9402919820503624
2006-06-08 23:00:00+00:00,0.9402958299787034,0.9426392836825148,0.9374113248488075,0.9398788024550843
2006-06-11 23:00:00+00:00,0.9412682135635623,0.9466417725064586,0.9384113870899918,0.9459870439093729
2006-06-12 23:00:00+00:00,0.9466094529258645,0.9525711260204623,0.9454212727549665,0.9508766392371099
2006-06-13 23:00:00+00:00,0.9509231827284107,0.9520203070215387,0.9446621750770695,0.9471114140559941
2006-06-14 23:00:00+00:00,0.9473718038880038,0.9484981228454163,0.9452208364180987,0.9464787259636945
2006-06-15 23:00:00+00:00,0.9465735555509266,0.947030847615501,0.9430754744643975,0.945761443836121
2006-06-18 23:00:00+00:00,0.9459702917875513,0.9523238980930198,0.9458296119633055,0.9503579348781049
2006-06-19 23:00:00+00:00,0.9502305130466463,0.951892361502226,0.9427658386727227,0.9436975143392875
2006-06-20 23:00:00+00:00,0.9438856421137756,0.9434967901874813,0.9353870170369636,0.9370452650523541
2006-06-21 23:00:00+00:00,0.9371490500565401,0.9467354928700661,0.9351800649319333,0.9445882130006483
2006-06-22 23:00:00+00:00,0.9446669449859335,0.9519703546239435,0.9433342020637446,0.9522392858237134
2006-06-25 23:00:00+00:00,0.9491058543394478,0.9489693192919216,0.94094381119991,0.9422946151596799
2006-06-26 23:00:00+00:00,0.9421771926167031,0.9492675630909057,0.9408869143855723,0.9496284357403529
2006-06-27 23:00:00+00:00,0.9495183393353497,0.9501731587489851,0.9444737609028558,0.945658778934728
2006-06-28 23:00:00+00:00,0.9457795617735842,0.949135713094233,0.9380394247217368,0.9386704222778012
2006-06-29 23:00:00+00:00,0.9384754178342504,0.9377282777572169,0.9258476584429705,0.9266244023564949
2006-07-02 23:00:00+00:00,0.9259245274284211,0.9306531617025644,0.9217886439863864,0.9243781920974291
2006-07-03 23:00:00+00:00,0.9244258041884588,0.9254601457063113,0.9215042553333956,0.9221053426463176
2006-07-04 23:00:00+00:00,0.9225598873961853,0.9297293381044042,0.9200484598362837,0.9281743374926129
2006-07-05 23:00:00+00:00,0.9282873697096246,0.9290005997966974,0.9226639148084829,0.922702732657411
2006-07-06 23:00:00+00:00,0.9227481958728245,0.9235351300976687,0.9169780717336201,0.9188217963294151
2006-07-09 23:00:00+00:00,0.9185977785659992,0.9290153577103962,0.9179640039855853,0.9266562954731987
2006-07-10 23:00:00+00:00,0.9264010868978247,0.9296178384576548,0.9225006087994807,0.923336257577972
2006-07-11 23:00:00+00:00,0.9232570493247061,0.9300457422451451,0.922494863834708,0.9291539314440329
2006-07-12 23:00:00+00:00,0.9289976381359335,0.9330598406684194,0.9262571889725912,0.9312730712447089
2006-07-13 23:00:00+00:00,0.9312788777678607,0.9373955497078856,0.931764315290338,0.9362895833867679
2006-07-16 23:00:00+00:00,0.9374067517998064,0.9489223672888388,0.9378683735260073,0.9485328818840646
2006-07-17 23:00:00+00:00,0.9483914359583023,0.9539824822614222,0.9475228724216509,0.9533133775488345
2006-07-18 23:00:00+00:00,0.9534351247578046,0.9547938114718645,0.9420795328308922,0.9425980676166734
2006-07-19 23:00:00+00:00,0.9426109468195023,0.943703636573895,0.9383445602326785,0.9396929039133127
2006-07-20 23:00:00+00:00,0.9396149180215567,0.9384753595142686,0.9356163049519306,0.9361168263332896
2006-07-23 23:00:00+00:00,0.9363053848019304,0.9436046107132361,0.9361756947584599,0.9425250365109397
2006-07-24 23:00:00+00:00,0.9428277383889864,0.9460571313255204,0.9396340833470549,0.945192454563789
2006-07-25 23:00:00+00:00,0.9452546056545675,0.945855580104774,0.9347655357914334,0.9356593028714295
2006-07-26 23:00:00+00:00,0.9360241011664135,0.9361876938923154,0.9303535235816108,0.9355544826768613
2006-07-27 23:00:00+00:00,0.9355278838482921,0.9385208799782795,0.9298819341652971,0.9305541120114256
2006-07-30 23:00:00+00:00,0.9301409764773221,0.9323778472133437,0.9272922006759599,0.9268506251031713
2006-07-31 23:00:00+00:00,0.9272411347073756,0.9310322434899321,0.9231343832373512,0.923227393103208
2006-08-01 23:00:00+00:00,0.923588629724445,0.9250408475311508,0.9225204820238495,0.9234629321630158
2006-08-02 23:00:00+00:00,0.9235755872779062,0.9279034591072106,0.9215976687278933,0.9260764692714591
2006-08-03 23:00:00+00:00,0.9258106523288299,0.9282133322807776,0.9175752392104108,0.9185989347899461
2006-08-06 23:00:00+00:00,0.9188407047026942,0.9213795669455688,0.9171953793908726,0.9207480220505911
2006-08-07 23:00:00+00:00,0.9210438681360519,0.9237375637448784,0.9166270237956614,0.9243739270152335
2006-08-08 23:00:00+00:00,0.9242303395421341,0.9240727636883098,0.9136850923831754,0.9154288465105869
2006-08-09 23:00:00+00:00,0.9151694686842379,0.9273288039419356,0.9139732861977052,0.9236734329692676
2006-08-10 23:00:00+00:00,0.9237376997105852,0.9302875973361456,0.9233828089746581,0.9307434084600413
2006-08-13 23:00:00+00:00,0.9294202383511232,0.9321275255717734,0.9278757940001103,0.9314622768860453
2006-08-15 23:00:00+00:00,0.9266539349885006,0.9263889242031245,0.9188462171506169,0.9199866224123773
2006-08-16 23:00:00+00:00,0.9202849959425421,0.9215774529130133,0.9172456960587796,0.9197782385575521
2006-08-17 23:00:00+00:00,0.919612643478551,0.9260910977629552,0.9210614298075496,0.9231482073887739
2006-08-20 23:00:00+00:00,0.9227622087485486,0.9227653550696302,0.9148831732114542,0.9202094351821689
2006-08-21 23:00:00+00:00,0.920157973741662,0.9249858261550558,0.9182933258135934,0.9230185676991158
2006-08-22 23:00:00+00:00,0.9230887876786729,0.9252783276773981,0.9210933134627646,0.9249420668013637
2006-08-23 23:00:00+00:00,0.9245993523654056,0.9278844653581898,0.9205403716808361,0.9277749653902584
2006-08-24 23:00:00+00:00,0.9272477014992189,0.933271705192829,0.925989269016958,0.9303045876828119
2006-08-27 23:00:00+00:00,0.9310903683158397,0.9314261808435546,0.926997427593129,0.9306341579991526
2006-08-28 23:00:00+00:00,0.9305570312300266,0.9310939124076602,0.9249077316927681,0.9256645010978678
2006-08-29 23:00:00+00:00,0.9255664027653538,0.9283280992713834,0.9247850230758144,0.9255253330847699
2006-08-30 23:00:00+00:00,0.9257163427234898,0.9330290844922599,0.9246673744599906,0.9322057775245277
2006-08-31 23:00:00+00:00,0.9319871377241234,0.9397023515055876,0.931345008753344,0.935198873364082
2006-09-03 23:00:00+00:00,0.9345033291233922,0.9349377519291838,0.9296069717169039,0.9313528647696937
2006-09-04 23:00:00+00:00,0.9313528647696937,0.9354142128956413,0.930373457306453,0.931434417984287
2006-09-05 23:00:00+00:00,0.9314601714210066,0.9385204867954204,0.9315460072931284,0.9336487680644193
2006-09-06 23:00:00+00:00,0.9336960082923297,0.9447972087378417,0.9330725233534296,0.9445702250283091
2006-09-07 23:00:00+00:00,0.9448611442030768,0.9470084026102766,0.9415859294355117,0.9448073443370192
2006-09-10 23:00:00+00:00,0.9443873102331266,0.9462776084863365,0.9360602118164107,0.9389037962867653
2006-09-11 23:00:00+00:00,0.9388137980959252,0.9391529225226303,0.9323823617478296,0.9371175125897765
2006-09-12 23:00:00+00:00,0.937320052849778,0.9383288933684119,0.9345533384824404,0.9360361870091202
2006-09-13 23:00:00+00:00,0.9357347793027402,0.9372799686739838,0.9302209205297972,0.9313872774657287
2006-09-14 23:00:00+00:00,0.9315105236945945,0.9363204761980266,0.9304239344770289,0.9352238620248738
2006-09-17 23:00:00+00:00,0.9318383590943262,0.9327665318048105,0.9288248477558483,0.9287843580945702
2006-09-18 23:00:00+00:00,0.9284659108939314,0.9339172229011652,0.9272514494891231,0.9337906667475239
2006-09-19 23:00:00+00:00,0.9333136572749929,0.9344845092816729,0.9321902830656009,0.9347636038720599
2006-09-20 23:00:00+00:00,0.9341469745190447,0.9350322686109599,0.9279791533701885,0.9298772794497251
2006-09-21 23:00:00+00:00,0.9299941129095902,0.9315814060920151,0.9272407199084249,0.9305676843581744
2006-09-24 23:00:00+00:00,0.9304554142412054,0.9386625271523932,0.9287991652131614,0.9385392172865759
2006-09-25 23:00:00+00:00,0.9384621361069814,0.942310184895781,0.935480143162049,0.9417641204980518
2006-09-26 23:00:00+00:00,0.9422561040772851,0.9430523124576279,0.9378914191876079,0.9389086627818077
2006-09-27 23:00:00+00:00,0.9385714049549332,0.9385261206420124,0.9344176011907545,0.9345564831062422
2006-09-28 23:00:00+00:00,0.9347047154263066,0.9403737228721561,0.9337417312737061,0.9403737228721561
2006-10-01 23:00:00+00:00,0.9402492869201304,0.9448241672500234,0.9385949349064592,0.9408804686475573
2006-10-02 23:00:00+00:00,0.940587445805959,0.9417221274779017,0.9376781747896256,0.9389816624774369
2006-10-03 23:00:00+00:00,0.9391487977974219,0.9444537172128946,0.9392231157676135,0.9415841885946149
2006-10-04 23:00:00+00:00,0.9416272428721983,0.9428622799997479,0.9373064800174209,0.9373571054917244
2006-10-05 23:00:00+00:00,0.9373458552081211,0.94674279004543,0.9371762672190431,0.9472060885533895
2006-10-08 23:00:00+00:00,0.9467139191439914,0.9494877774291536,0.9439112800248413,0.9490870795116396
2006-10-09 23:00:00+00:00,0.9487660572366245,0.9504727991075204,0.946294415789826,0.9492973864917984
2006-10-10 23:00:00+00:00,0.9492871398068005,0.949211653640218,0.945214786102847,0.9465990714893475
2006-10-11 23:00:00+00:00,0.9467395688546195,0.949174286049058,0.9429393497944558,0.9461976127704337
2006-10-12 23:00:00+00:00,0.9464443594561963,0.9539164340793552,0.9468040031362288,0.9489363292163525
2006-10-15 23:00:00+00:00,0.9521601830921467,0.9524023667610174,0.9481513150018143,0.9497648077714638
2006-10-16 23:00:00+00:00,0.9495014238206332,0.950631429611035,0.9469982423408903,0.9489292525019333
2006-10-17 23:00:00+00:00,0.9490142274660186,0.9511283702956602,0.9466356303018217,0.9474630604525919
2006-10-18 23:00:00+00:00,0.9480974890236276,0.9480441369285963,0.9392436574235744,0.9395846621594518
2006-10-19 23:00:00+00:00,0.9395052280113076,0.9391873634820675,0.9364057118705731,0.9384840769078205
2006-10-22 23:00:00+00:00,0.9383824221048065,0.9425482664916904,0.9380320775791491,0.9418388100258568
2006-10-23 23:00:00+00:00,0.9418327701796728,0.9439884036457972,0.9399837745768476,0.9414720674995848
2006-10-24 23:00:00+00:00,0.9415749004303907,0.9424126954686596,0.9384120755827499,0.9383474397221454
2006-10-25 23:00:00+00:00,0.9383249288874614,0.9385085776716424,0.9335373368043761,0.9341173511547023
2006-10-26 23:00:00+00:00,0.9341284684581322,0.9355274160083437,0.9294020808320433,0.93022058955216
2006-10-30 00:00:00+00:00,0.9308890576482451,0.9326098034177203,0.9303235474790569,0.9320181411040857
2006-10-31 00:00:00+00:00,0.9324834816079073,0.9348208745596055,0.9272682832978648,0.9282508799485167
2006-11-01 00:00:00+00:00,0.928315197261321,0.9291480406624479,0.9244943590793255,0.9272338863706538
2006-11-02 00:00:00+00:00,0.9272844627617185,0.9277146904264042,0.9243734196225941,0.9247282988029912
2006-11-03 00:00:00+00:00,0.9243667100338937,0.9295347301912541,0.9233003174043357,0.9257000990612186
2006-11-06 00:00:00+00:00,0.9255211349959244,0.9279794817562679,0.9246926253072919,0.9249926485127569
2006-11-07 00:00:00+00:00,0.9252290808228312,0.9246674071804691,0.916391362054248,0.9184179576157138
2006-11-08 00:00:00+00:00,0.9184693483223507,0.9213351587329048,0.9169633276197118,0.9194012866209775
2006-11-09 00:00:00+00:00,0.9195234986161283,0.9196871314231512,0.9090336793597078,0.9094494621545322
2006-11-10 00:00:00+00:00,0.9094775160531359,0.9112127015612222,0.9050926036645573,0.9102180188488922
2006-11-13 00:00:00+00:00,0.9098513280484857,0.9124526248153639,0.9072248605238571,0.9111368459582584
2006-11-14 00:00:00+00:00,0.9112013516767713,0.9117200920728167,0.9058628382915218,0.9080374348664787
2006-11-15 00:00:00+00:00,0.9079091192358747,0.9130597032516534,0.9075689306777258,0.907190014506364
2006-11-16 00:00:00+00:00,0.9071317354249833,0.9096687858952857,0.9069791490943472,0.9085269327647307
2006-11-17 00:00:00+00:00,0.9085153038336521,0.9111587413036422,0.9067033340369041,0.9069633133491007
2006-11-20 00:00:00+00:00,0.908956643728707,0.9120192204093067,0.9074333599757615,0.9116763426534124
2006-11-21 00:00:00+00:00,0.9115965883841811,0.9135013303545246,0.9095231218007914,0.9111073942525498
2006-11-22 00:00:00+00:00,0.9114039157737747,0.911149867275511,0.8992688039586656,0.8997636762978433
2006-11-23 00:00:00+00:00,0.9114039157737747,0.9112434828755052,0.8973686089721488,0.899281671410978
2006-11-24 00:00:00+00:00,0.8990916550096328,0.8990108017951963,0.8866703682907373,0.8870835097522496
2006-11-27 00:00:00+00:00,0.8833609716255313,0.8881390185036203,0.8841536366049931,0.8853023952418936
2006-11-28 00:00:00+00:00,0.8851396648318742,0.8881160788815874,0.8839987091412936,0.8845723122850538
2006-11-29 00:00:00+00:00,0.8842784743173882,0.8892931898973524,0.8836398162802087,0.8881514844246255
2006-11-30 00:00:00+00:00,0.8881600589125753,0.8876492916301075,0.8776988591567668,0.8783990180142904
2006-12-01 00:00:00+00:00,0.8782575835277316,0.8787812340289285,0.870793886604033,0.870793423872442
2006-12-04 00:00:00+00:00,0.8691027754354402,0.8741446839077023,0.8698075863666984,0.8719822828747363
2006-12-05 00:00:00+00:00,0.8719951690385493,0.8756495940075788,0.8716822862343214,0.872779213642272
2006-12-06 00:00:00+00:00,0.872617302435242,0.8802403906243337,0.8719821644642849,0.8776886653046606
2006-12-07 00:00:00+00:00,0.8783615574990826,0.8785604824234693,0.873639290786816,0.8760026946459262
2006-12-08 00:00:00+00:00,0.8759221456781741,0.8834490656849315,0.8721946391112145,0.883126544153612
2006-12-11 00:00:00+00:00,0.8844535827309947,0.8879086234867345,0.8801045166931678,0.8801543964661842
2006-12-12 00:00:00+00:00,0.880149280155611,0.8830005877663034,0.8740120370047542,0.8747168564680426
2006-12-13 00:00:00+00:00,0.8746911468267184,0.8816740697914962,0.8748003350415473,0.8792628605235022
2006-12-14 00:00:00+00:00,0.8793292477824485,0.8864648122658384,0.8781385803144146,0.8860257737441345
2006-12-15 00:00:00+00:00,0.8860959595420271,0.8913365231216938,0.8849363515988053,0.8908112750670674
2006-12-18 00:00:00+00:00,0.8904727905583973,0.8921685458714805,0.8874829171611598,0.889068944076823
2006-12-19 00:00:00+00:00,0.8889217878448856,0.889961652930824,0.8775612445096462,0.8785134129576999
2006-12-20 00:00:00+00:00,0.8791437406637003,0.8808378643326941,0.8749163531052507,0.8780943127027006
2006-12-21 00:00:00+00:00,0.8778592593583205,0.8779349597055125,0.8742776840231966,0.8743505111365962
2006-12-22 00:00:00+00:00,0.8744355435634898,0.8824845304054336,0.8725810959094893,0.8830863052935772
2006-12-25 00:00:00+00:00,0.8809937201018729,0.881321794435058,0.8785574442647024,0.8803552855853001
2006-12-26 00:00:00+00:00,0.8805923952613725,0.8857762998317367,0.8786413161399746,0.8846494714573223
2006-12-27 00:00:00+00:00,0.8845698720024832,0.8864424952234771,0.8800108416988626,0.8861777029199835
2006-12-28 00:00:00+00:00,0.8858620551554416,0.8867541186993384,0.8812972440834911,0.8849885754568084
2006-12-29 00:00:00+00:00,0.8849301346872619,0.8836337037602139,0.8784524327666865,0.8812724457598564
2007-01-01 00:00:00+00:00,0.8790599718378953,0.8791032480377416,0.8803166577934286,0.8799212911113282
2007-01-02 00:00:00+00:00,0.8796070462407942,0.8790307680583432,0.871604577420909,0.873817217448204
2007-01-03 00:00:00+00:00,0.8735974940969136,0.8816657530624107,0.8718730126037891,0.8802414578693717
2007-01-04 00:00:00+00:00,0.8801885375850376,0.8916684446536818,0.8791978246257676,0.8905082597567995
2007-01-05 00:00:00+00:00,0.8905808622656107,0.895283437854089,0.8896810989981997,0.8939885358810783
2007-01-08 00:00:00+00:00,0.8938658974127918,0.8975693996359487,0.8930681402211826,0.8963676521611236
2007-01-09 00:00:00+00:00,0.8964384161009742,0.900812929297277,0.8936918450228765,0.9003489091253383
2007-01-10 00:00:00+00:00,0.9002680768066901,0.9063237415649249,0.898938828853992,0.9051441978157139
2007-01-11 00:00:00+00:00,0.9052896239540518,0.9101119412200996,0.9007288642760437,0.9089043667296289
2007-01-12 00:00:00+00:00,0.908701478418372,0.9096257298933259,0.8997279884102283,0.9019627706104372
2007-01-15 00:00:00+00:00,0.8997242032419177,0.9005731191901575,0.8975888918496645,0.9001859643461715
2007-01-16 00:00:00+00:00,0.9003078217502456,0.8999717544817913,0.8954147934528458,0.8978963699335555
2007-01-17 00:00:00+00:00,0.8980730513299501,0.9013663933586838,0.8958328136364548,0.898955322285755
2007-01-18 00:00:00+00:00,0.8993655067673105,0.9024718123688097,0.8967948351934669,0.9012996872761629
2007-01-19 00:00:00+00:00,0.9009168320417772,0.9029173504655083,0.8983839822213173,0.9004985801950115
2007-01-22 00:00:00+00:00,0.8996132499881062,0.9041259433382474,0.8995817458440398,0.9028792880561969
2007-01-23 00:00:00+00:00,0.9025894011589203,0.9038244571427454,0.8930298407547322,0.8943933774306487
2007-01-24 00:00:00+00:00,0.8943528066597982,0.8985908014657458,0.8927009646459568,0.898509297918002
2007-01-25 00:00:00+00:00,0.898624630692172,0.8998284116564293,0.8941767886100978,0.8993787159657591
2007-01-26 00:00:00+00:00,0.8989673842988409,0.9027190901453226,0.9003323521695604,0.9021838400119357
2007-01-29 00:00:00+00:00,0.9010117705125932,0.9018673909459837,0.8928155600718881,0.8945211664965494
2007-01-30 00:00:00+00:00,0.8946364032644433,0.894365688719592,0.891072597069613,0.8934527443665295
2007-01-31 00:00:00+00:00,0.8933996042091569,0.8962145993013605,0.8899029565822879,0.8906211601243458
2007-02-01 00:00:00+00:00,0.8906752712091167,0.8912700714910627,0.8874380118402001,0.8914271585725909
2007-02-02 00:00:00+00:00,0.8913430412951975,0.8961379878576088,0.8895240374709888,0.8964969335356231
2007-02-05 00:00:00+00:00,0.8952990954447546,0.9045192637697644,0.8934236764512239,0.9035927168718945
2007-02-06 00:00:00+00:00,0.9037121566846319,0.9056514580701502,0.9002154752425503,0.8994658615246537
2007-02-07 00:00:00+00:00,0.8995799201489199,0.899325693330613,0.8955026723256709,0.8954146404231044
2007-02-08 00:00:00+00:00,0.8953277098857221,0.8982873238323311,0.8910285159651283,0.8915747378451251
2007-02-09 00:00:00+00:00,0.8918282370719519,0.8967242721338624,0.8911695857835192,0.8954226708228072
2007-02-12 00:00:00+00:00,0.8938476637951753,0.901902547119524,0.8934887046778033,0.9016894609225764
2007-02-13 00:00:00+00:00,0.9012364343474601,0.9021138446906348,0.8981446754242804,0.8985461086116363
2007-02-14 00:00:00+00:00,0.8985114455385937,0.8987856397647926,0.8902206586206056,0.8905492043952372
2007-02-15 00:00:00+00:00,0.890564618914252,0.9024537275322366,0.8893502517740536,0.9011153535443586
2007-02-16 00:00:00+00:00,0.9011025305812405,0.9049921976036861,0.8997579071429244,0.8998604124423721
2007-02-19 00:00:00+00:00,0.8996363900065882,0.901962993009818,0.8982128151933007,0.8988885014232392
2007-02-20 00:00:00+00:00,0.8985683588630182,0.9029467710303045,0.8962492222262252,0.9006732701790321
2007-02-21 00:00:00+00:00,0.9006783562258497,0.908395234423016,0.900461038257937,0.9055451408626467
2007-02-22 00:00:00+00:00,0.9052330860699677,0.9109304464087962,0.9047241255002582,0.906722481518905
2007-02-23 00:00:00+00:00,0.9066876665311698,0.9084427628796262,0.9037165371441359,0.9063444060793133
2007-02-26 00:00:00+00:00,0.9028300642499753,0.9041975948710044,0.8992377203206975,0.8991741416229228
2007-02-27 00:00:00+00:00,0.89884018703073,0.9005846023505473,0.8921100403418866,0.8943285924262057
2007-02-28 00:00:00+00:00,0.8944262932167434,0.9009809842067471,0.8948838812579112,0.8956383863414564
2007-03-01 00:00:00+00:00,0.895635115450199,0.9044066405525,0.8951790686101708,0.9037993638590176
2007-03-02 00:00:00+00:00,0.9034748476091841,0.9032789175909735,0.900550661734444,0.9002019493220639
2007-03-05 00:00:00+00:00,0.9014028750852192,0.9123193019255206,0.9011830328415914,0.9092817054176056
2007-03-06 00:00:00+00:00,0.9093224061174771,0.9091990648720605,0.9020371064915144,0.901594444462072
2007-03-07 00:00:00+00:00,0.9015713941141472,0.9034366770218116,0.8990746025232875,0.9011310620654613
2007-03-08 00:00:00+00:00,0.9009288216547493,0.9066661615929634,0.9007222540246645,0.9060411720465407
2007-03-09 00:00:00+00:00,0.906046830434228,0.9082282676371637,0.9041683976019605,0.9080857274357306
2007-03-12 00:00:00+00:00,0.9068666479054336,0.9079137765156213,0.9004339572709135,0.9012786759760044
2007-03-13 00:00:00+00:00,0.9011749976151429,0.9041490378611624,0.8987325691322321,0.9000013119871999
2007-03-14 00:00:00+00:00,0.8999257668848301,0.9033863508924157,0.8972540613871295,0.8978910533688196
2007-03-15 00:00:00+00:00,0.8978615038223131,0.8994971142770218,0.8923955428097131,0.8917863983899589
2007-03-16 00:00:00+00:00,0.891692284253307,0.89162156099904,0.8891293918468072,0.8909074759003652
2007-03-19 00:00:00+00:00,0.8914566191856339,0.8958058372683755,0.8908995333366473,0.8927154225292527
2007-03-20 00:00:00+00:00,0.8928690164749653,0.8977246467062068,0.8925442658055656,0.8932996616492634
2007-03-21 00:00:00+00:00,0.8932937300683306,0.8959938417028841,0.8877304411160669,0.8879996859266185
2007-03-22 00:00:00+00:00,0.8883339459938717,0.8943892080744109,0.8879123873196931,0.8933063300292763
2007-03-23 00:00:00+00:00,0.8933140254823324,0.8962242346666159,0.8922917372228535,0.8967522140830497
2007-03-25 23:00:00+00:00,0.8968042313131532,0.8983504659537797,0.8925331903449091,0.8935530045643023
2007-03-26 23:00:00+00:00,0.8935684914394132,0.8954499461618737,0.8914257298992966,0.8913449916992322
2007-03-27 23:00:00+00:00,0.8914844035665835,0.898813852847661,0.8906261716369516,0.8987098812191389
2007-03-28 23:00:00+00:00,0.8989733699284091,0.899021087985656,0.8937992546641198,0.8946404940409548
2007-03-29 23:00:00+00:00,0.894563648814017,0.8992416595570281,0.89362547735375,0.8927452660661418
2007-04-01 23:00:00+00:00,0.8937156062212569,0.8976832322275535,0.8927410011712454,0.8977771540065689
2007-04-02 23:00:00+00:00,0.8975979960671904,0.8987413306560446,0.8952435700398406,0.8992396948037165
2007-04-03 23:00:00+00:00,0.8988509952188154,0.8990942765939706,0.88924447114262,0.8891433959287239
2007-04-04 23:00:00+00:00,0.8894249040483784,0.8910761011585454,0.8827467040226733,0.885246316745685
2007-04-05 23:00:00+00:00,0.8848757224181615,0.8884469246268312,0.8860596134460847,0.8875973937724694
2007-04-08 23:00:00+00:00,0.8877387930273434,0.8898239872927994,0.8863560310378077,0.8891774725392046
2007-04-09 23:00:00+00:00,0.8887026930074051,0.8892087091860598,0.8820304977192263,0.8824320068359375
2007-04-10 23:00:00+00:00,0.8822460202385877,0.884351579993733,0.8816554346912188,0.8824041382738013
2007-04-11 23:00:00+00:00,0.8823597409498867,0.8829354433529678,0.8781511820103364,0.8793544848434032
2007-04-12 23:00:00+00:00,0.8794537414684102,0.8803848788948657,0.8765970213640915,0.8783979433584677
2007-04-15 23:00:00+00:00,0.8753151380125985,0.8765131735829798,0.8701799279428414,0.8718365338354228
2007-04-16 23:00:00+00:00,0.8717968092449987,0.8720166709635688,0.8673242014978073,0.8673281624999527
2007-04-17 23:00:00+00:00,0.8673025228110818,0.8699375419240603,0.8666581025612793,0.8657455964091106
2007-04-18 23:00:00+00:00,0.8655988026748841,0.8694945825136646,0.8643943935354093,0.864360740100772
2007-04-19 23:00:00+00:00,0.8643811698771703,0.8654645373895947,0.8627696950776205,0.8647611880956272
2007-04-22 23:00:00+00:00,0.864806396484375,0.8683049098374985,0.8644329939388835,0.8661035632829465
2007-04-23 23:00:00+00:00,0.8659671102258125,0.8678393066688822,0.8623364813204699,0.8624320103677383
2007-04-24 23:00:00+00:00,0.8624854418212777,0.8629469433601908,0.8585287093669123,0.8598749083967333
2007-04-25 23:00:00+00:00,0.859977262504616,0.8619221662587973,0.8589212420704819,0.8610067046117614
2007-04-26 23:00:00+00:00,0.860827958997773,0.861127065886015,0.8543321690408485,0.8542122352915937
2007-04-29 23:00:00+00:00,0.8562184926623833,0.861353997332984,0.8547324989419952,0.8562534210128632
2007-04-30 23:00:00+00:00,0.8555247022198614,0.8598489299519829,0.8542758780611363,0.8595540528659555
2007-05-01 23:00:00+00:00,0.8590168405853754,0.8628746548210409,0.8569967241572576,0.8589474794456491
2007-05-02 23:00:00+00:00,0.8592797252670783,0.8651308687075131,0.8573895334067495,0.8632468578125535
2007-05-03 23:00:00+00:00,0.8635410391149534,0.8643248936532038,0.8605629924457158,0.8622833311151078
2007-05-06 23:00:00+00:00,0.8626696038826087,0.8628691707862283,0.8603844661277248,0.8626834373239736
2007-05-07 23:00:00+00:00,0.86228285344055,0.8695574206367934,0.8605576408108703,0.8683483895247822
2007-05-08 23:00:00+00:00,0.8684607800192657,0.8711050871977113,0.8672014967693789,0.8706351579176179
2007-05-09 23:00:00+00:00,0.8706224108703892,0.8766939469296461,0.8670155229049227,0.8755770296204778
2007-05-10 23:00:00+00:00,0.87552586281742,0.8772165179919936,0.8721324887301851,0.8726332759471136
2007-05-13 23:00:00+00:00,0.8723636133649074,0.8721628093959868,0.8698709198100908,0.8701909161809438
2007-05-14 23:00:00+00:00,0.870072874354538,0.8702805408884455,0.8644740296552508,0.8660948608961975
2007-05-15 23:00:00+00:00,0.8659251301936711,0.8716083367421729,0.8633314273927911,0.8716032810525068
2007-05-16 23:00:00+00:00,0.8711001985067922,0.8746323732491738,0.8690533702027848,0.8745316086416711
2007-05-17 23:00:00+00:00,0.8747233738885932,0.8751198310360295,0.8715064115570036,0.8727545302001446
2007-05-20 23:00:00+00:00,0.8721327670036763,0.8771604245157595,0.8717535439607184,0.875939787510795
2007-05-21 23:00:00+00:00,0.8758886359763557,0.8759727979130963,0.8716364524052279,0.8730444815818902
2007-05-22 23:00:00+00:00,0.8725492711507431,0.8749792083020862,0.8705659851362317,0.872970372671595
2007-05-23 23:00:00+00:00,0.8733937664811856,0.8767989878897089,0.8726647308552655,0.8752972003173876
2007-05-24 23:00:00+00:00,0.8755640667963347,0.875683572186539,0.8721746786577903,0.8741642121531203
2007-05-27 23:00:00+00:00,0.8738830938551647,0.8756534410851271,0.8739670027706821,0.8754699969370661
2007-05-28 23:00:00+00:00,0.8755946286608423,0.8819100162808616,0.8754415127919802,0.8815441373078282
2007-05-29 23:00:00+00:00,0.8820173698735476,0.8875886961633498,0.8828876395668107,0.8877613873830238
2007-05-30 23:00:00+00:00,0.8881457383656695,0.8881377471747834,0.8835403149751813,0.8849670796584692
2007-05-31 23:00:00+00:00,0.8854672139864253,0.8896936516820064,0.884686860309746,0.8874046001996858
2007-06-03 23:00:00+00:00,0.8877020922560649,0.8886684304965802,0.884937807929311,0.8851996811312645
2007-06-04 23:00:00+00:00,0.8851524360874211,0.8854585184221352,0.8812214965352069,0.8836369164775132
2007-06-05 23:00:00+00:00,0.8835341900113294,0.8862222224934861,0.8817207309357067,0.8842839774781215
2007-06-06 23:00:00+00:00,0.8844213026665427,0.8884936718120404,0.8830007973340696,0.8885120469828701
2007-06-07 23:00:00+00:00,0.8884480895053164,0.8968962576604367,0.8884732365967967,0.8932529902556496
2007-06-10 23:00:00+00:00,0.8943818527033323,0.8971800190854446,0.8943109371229728,0.895510877628035
2007-06-11 23:00:00+00:00,0.8954771200124592,0.9054021131792442,0.8943190544505148,0.9049246147153979
2007-06-12 23:00:00+00:00,0.9049477475382246,0.908949090476922,0.9034463375681281,0.9037814660968744
2007-06-13 23:00:00+00:00,0.9038471572636836,0.906774477963756,0.9026122750096459,0.9062807750289333
2007-06-14 23:00:00+00:00,0.9060205099887156,0.9063247296549095,0.9011526962921723,0.9017546300319588
2007-06-17 23:00:00+00:00,0.900608699735165,0.9012353275130207,0.8982020837683518,0.8985109010786454
2007-06-18 23:00:00+00:00,0.8987042620863006,0.8997902211731282,0.8965115601460462,0.8969730015759345
2007-06-19 23:00:00+00:00,0.8968517302908087,0.8974418277562658,0.8822114021263108,0.8846345522805872
2007-06-20 23:00:00+00:00,0.8846473667108561,0.8860568282656509,0.8817201897846831,0.8818454314632195
2007-06-21 23:00:00+00:00,0.8817649029925311,0.8820406465992588,0.8770806600281084,0.8785451169686983
2007-06-24 23:00:00+00:00,0.8774650942754337,0.8807308578266767,0.877846093159411,0.8800998272300843
2007-06-25 23:00:00+00:00,0.8801653974673475,0.8830944082636476,0.8793761489467958,0.8829778682299265
2007-06-26 23:00:00+00:00,0.8829537938012453,0.8865264468080252,0.8802131695177728,0.8796622341848598
2007-06-27 23:00:00+00:00,0.8796622341848598,0.8800511342655085,0.876212907748326,0.8782787663905526
2007-06-28 23:00:00+00:00,0.8781970492577388,0.8795039040165405,0.8746939501785885,0.8755603881070295
2007-07-01 23:00:00+00:00,0.8745873401500746,0.8755867312044311,0.867828903560196,0.8683173469329852
2007-07-02 23:00:00+00:00,0.8687093343931342,0.869326036520221,0.8647904351965543,0.8658328990348503
2007-07-03 23:00:00+00:00,0.8658712930961131,0.866385082426889,0.8600517189336645,0.8607419880228496
2007-07-04 23:00:00+00:00,0.8606261392918937,0.8623305590412609,0.8578140848544121,0.861372339795975
2007-07-05 23:00:00+00:00,0.8610652834795405,0.8624116483472659,0.8589951782226563,0.8609475582265119
2007-07-08 23:00:00+00:00,0.8608929292862747,0.863446799131054,0.8595965644679786,0.8627180248875647
2007-07-09 23:00:00+00:00,0.8628964077388003,0.864585873567491,0.8529128860826651,0.8531895814232018
2007-07-10 23:00:00+00:00,0.8534375735419603,0.853996764201779,0.8503372538479017,0.8527337672587365
2007-07-11 23:00:00+00:00,0.8526702068785519,0.8530310906397474,0.8479961126935558,0.8491118950865528
2007-07-12 23:00:00+00:00,0.8490602390585741,0.8504391884311887,0.8484235422861449,0.849142479193373
2007-07-15 23:00:00+00:00,0.8503191947623,0.8510292695459639,0.8478308493628802,0.8498842651668979
2007-07-16 23:00:00+00:00,0.849736537046105,0.8509985420052169,0.8481653964369228,0.8497653441084103
2007-07-17 23:00:00+00:00,0.8500345377266338,0.8525658907999168,0.847304087484048,0.8495843698397653
2007-07-18 23:00:00+00:00,0.8494993664143442,0.8509204779856623,0.8480933284030941,0.8501573010024303
2007-07-19 23:00:00+00:00,0.8497014029233931,0.8503163553098414,0.8474858324072162,0.848619725567631
2007-07-22 23:00:00+00:00,0.8484933902178005,0.850797615545979,0.8477807338559017,0.8505204701002951
2007-07-23 23:00:00+00:00,0.8504954978657414,0.852335166090941,0.8473761145121719,0.8510059119810713
2007-07-24 23:00:00+00:00,0.8513635746196386,0.8599715994460728,0.851477693987944,0.8585511312628241
2007-07-25 23:00:00+00:00,0.8588177711596292,0.8621244859433606,0.8581355578290079,0.860470449660121
2007-07-26 23:00:00+00:00,0.8605801980992355,0.8648627880687014,0.8595054911811261,0.8613144808294829
2007-07-29 23:00:00+00:00,0.8624375469139213,0.8629648583498059,0.8563483114623945,0.8568871790358649
2007-07-30 23:00:00+00:00,0.8569145960275008,0.861081676906683,0.8556012696717271,0.8611370242245737
2007-07-31 23:00:00+00:00,0.8611352558054967,0.8676838949462933,0.860855992775897,0.8628512668895562
2007-08-01 23:00:00+00:00,0.8628385358004925,0.8641750219013622,0.8581761679652352,0.8581212625242565
2007-08-02 23:00:00+00:00,0.8583365383426232,0.8600466919152483,0.8556317003572954,0.8588769149034688
2007-08-05 23:00:00+00:00,0.8556100357993308,0.8561288251166023,0.8515238589497957,0.8534289225043369
2007-08-06 23:00:00+00:00,0.8534360383448396,0.8596965938255446,0.8519366061969935,0.8586503840819218
2007-08-07 23:00:00+00:00,0.8587764879913389,0.8602099615825006,0.8539110855925759,0.8553267205123566
2007-08-08 23:00:00+00:00,0.8552830016603096,0.8670626574458047,0.8542836340999816,0.8663393376174481
2007-08-09 23:00:00+00:00,0.8662371466915476,0.8696829532257503,0.8656290467181046,0.8657337356089697
2007-08-12 23:00:00+00:00,0.8656034983751533,0.8760413523700987,0.864391637244397,0.8754793561052716
2007-08-13 23:00:00+00:00,0.8754298629570866,0.8821243453050633,0.8748545357814224,0.8819927408882859
2007-08-14 23:00:00+00:00,0.8821438467468549,0.8928786214600064,0.8825750500594169,0.8929489429718233
2007-08-15 23:00:00+00:00,0.8931662829331006,0.8978073598565715,0.8923094642732561,0.8930343924232512
2007-08-16 23:00:00+00:00,0.8930800912004452,0.899888709746458,0.8819516663161036,0.8857347968656805
2007-08-19 23:00:00+00:00,0.8845868140993898,0.8885791490246365,0.8829435659837672,0.8881210316203493
2007-08-20 23:00:00+00:00,0.887957636060651,0.8926200497058403,0.8874064426184755,0.8933668312117902
2007-08-21 23:00:00+00:00,0.8931357276682033,0.8931571766325854,0.8857194185148058,0.8856912389246875
2007-08-22 23:00:00+00:00,0.8856872032820935,0.8862112128132349,0.8825443739075893,0.8851829106476958
2007-08-23 23:00:00+00:00,0.8851331406798776,0.8869287278917204,0.8768040672682417,0.8770224026659829
2007-08-26 23:00:00+00:00,0.8766649139380072,0.8808648556207217,0.875229229235839,0.8809086994307714
2007-08-27 23:00:00+00:00,0.8807756785613662,0.8850973966181711,0.8784680220080384,0.885735562768384
2007-08-28 23:00:00+00:00,0.8857395535046378,0.8884177198679079,0.8776748835251742,0.8772514593644022
2007-08-29 23:00:00+00:00,0.8775821597464124,0.8841363289917362,0.8778400813229801,0.8823981688964218
2007-08-30 23:00:00+00:00,0.8821930020303265,0.884016361277186,0.8754988480896595,0.8845571666603763
2007-09-02 23:00:00+00:00,0.883020752392673,0.8854069024820368,0.8811690181998546,0.8852633791874452
2007-09-03 23:00:00+00:00,0.8853018638958003,0.8894375725286026,0.8838734611345438,0.8850555824672809
2007-09-04 23:00:00+00:00,0.8850328415894196,0.8880664077793439,0.8812452048483872,0.8823952227430797
2007-09-05 23:00:00+00:00,0.8826171331142821,0.8830948974171438,0.8745568012878353,0.8751476571728575
2007-09-06 23:00:00+00:00,0.8751973608452612,0.8772753719532369,0.8706825540491822,0.8735547841448765
2007-09-10 23:00:00+00:00,0.8705186838399555,0.8728974442539446,0.8660391612389489,0.8655510418940133
2007-09-11 23:00:00+00:00,0.8656504053091432,0.8662892675028847,0.8561882269258787,0.8555174991543553
2007-09-12 23:00:00+00:00,0.8561574247988759,0.8586152871391068,0.8551865572902886,0.8582416189649905
2007-09-13 23:00:00+00:00,0.8579352853369514,0.8587699687213425,0.856228737243878,0.8574839973703734
2007-09-16 23:00:00+00:00,0.8577832966669784,0.8606806981621326,0.8567739828430749,0.8600010336207182
2007-09-17 23:00:00+00:00,0.8595772368795382,0.8626668562918518,0.8497880846201301,0.8501829983165735
2007-09-18 23:00:00+00:00,0.8502151385892773,0.8526934823193392,0.847405311390025,0.8475856378339451
2007-09-19 23:00:00+00:00,0.8471893969273012,0.8473737797619831,0.8393855907711738,0.8392061269393236
2007-09-20 23:00:00+00:00,0.8391803999686377,0.8419761957410802,0.8380082538476901,0.8389989855246298
2007-09-23 23:00:00+00:00,0.8374510045007768,0.8376326085010944,0.8358662462912291,0.8384897606833821
2007-09-24 23:00:00+00:00,0.8383370403698454,0.8409838987451296,0.836740446380897,0.8365431558262096
2007-09-25 23:00:00+00:00,0.8366117012816594,0.8422570300586129,0.8363952192437272,0.8419242430793511
2007-09-26 23:00:00+00:00,0.8419974389918012,0.8442636775893592,0.8378253136419048,0.8390535233135276
2007-09-27 23:00:00+00:00,0.8394426415054449,0.8375178598619663,0.8288569274532414,0.8275254624219118
2007-09-30 23:00:00+00:00,0.8282482402781635,0.8320618657128983,0.8285968067170805,0.8297445498054415
2007-10-01 23:00:00+00:00,0.8295706065717138,0.8391597644488714,0.8304464503987224,0.8397989929990364
2007-10-02 23:00:00+00:00,0.8397212019139095,0.8404653142603379,0.8354071594867386,0.8397674480782474
2007-10-03 23:00:00+00:00,0.8396958738804713,0.8420326886828294,0.8372153147517016,0.8385071732734155
2007-10-04 23:00:00+00:00,0.8381252200694759,0.8424332497996395,0.8331592144909192,0.832498455328316
2007-10-07 23:00:00+00:00,0.832860572375525,0.8410581561043659,0.8325488328419637,0.8410807743357432
2007-10-08 23:00:00+00:00,0.8409466210840891,0.8428960041424888,0.8362750474298143,0.8364311276035065
2007-10-09 23:00:00+00:00,0.8363554118451647,0.8366618916596873,0.8315470569119771,0.8329464944836646
2007-10-10 23:00:00+00:00,0.8329572782671816,0.8333870850736561,0.8252157754739087,0.8285143202115794
2007-10-11 23:00:00+00:00,0.8282969259793259,0.829578285765983,0.8280037115880914,0.8282104106460304
2007-10-14 23:00:00+00:00,0.8277973787053116,0.8288934019902421,0.8234383332474994,0.8287796573095779
2007-10-15 23:00:00+00:00,0.8287900320713028,0.8344870836396129,0.8281183608974464,0.8321599019738414
2007-10-16 23:00:00+00:00,0.8322308296897641,0.8336255774564968,0.8292575841756845,0.8299002996968713
2007-10-17 23:00:00+00:00,0.8299626199757811,0.8313686719418704,0.8257025394344232,0.8272066846660088
2007-10-18 23:00:00+00:00,0.8274758371898887,0.8303995902300867,0.8261975276332646,0.8266083576705958
2007-10-21 23:00:00+00:00,0.8258042131783743,0.8414995966993818,0.8246205343294194,0.8377723011484862
2007-10-22 23:00:00+00:00,0.8375883768328144,0.8378894559658131,0.8299839023220846,0.8302045093333158
2007-10-23 23:00:00+00:00,0.8304754584062719,0.8373278174304883,0.8299772586491977,0.8334301376545141
2007-10-24 23:00:00+00:00,0.8333913601575786,0.8344276677866211,0.8288155712641109,0.8295175776086536
2007-10-25 23:00:00+00:00,0.8294127495439261,0.8293174033324351,0.8228467814045324,0.8232795911019859
2007-10-29 00:00:00+00:00,0.8229350813691035,0.8249780715554718,0.8203619157039924,0.824720989822983
2007-10-30 00:00:00+00:00,0.8248948355068036,0.8267000515635975,0.820444273685531,0.8210276333334133
2007-10-31 00:00:00+00:00,0.821460323538753,0.8235468873888142,0.8189635456038715,0.8195765027036626
2007-11-01 00:00:00+00:00,0.8196644936838458,0.8296100286581738,0.8189595977266934,0.8290931239613707
2007-11-02 00:00:00+00:00,0.8288425316668602,0.8258256708193674,0.8218683152284922,0.8219723552371272
2007-11-05 00:00:00+00:00,0.8221165260287816,0.8260768998303711,0.8213903970691642,0.8254176908787444
2007-11-06 00:00:00+00:00,0.8253364608592466,0.8253647105141858,0.8169987044058191,0.817072886089649
2007-11-07 00:00:00+00:00,0.8171056381454975,0.8169545310332004,0.8081888112515339,0.8146073342992982
2007-11-08 00:00:00+00:00,0.8145371924253336,0.8147910015979442,0.810560063246523,0.8105012174826582
2007-11-09 00:00:00+00:00,0.810231636691079,0.8146078917400466,0.8076067113044441,0.812992851092407
2007-11-12 00:00:00+00:00,0.8129538424809185,0.8225135479279938,0.8119634133927114,0.8206309670818224
2007-11-13 00:00:00+00:00,0.8205269902246456,0.8209069769818349,0.8120613655260009,0.8118410305194154
2007-11-14 00:00:00+00:00,0.8117799803841533,0.811671207681399,0.8043553760317459,0.8085526715831453
2007-11-15 00:00:00+00:00,0.8088486499932576,0.8147382413250708,0.805079284610667,0.8144545927634218
2007-11-16 00:00:00+00:00,0.8144312483550157,0.8173765387039185,0.8110629359508422,0.8096772463698206
2007-11-19 00:00:00+00:00,0.8101061255758577,0.8150516666978985,0.8098239163375834,0.8128606478165133
2007-11-20 00:00:00+00:00,0.8126157038569587,0.8148295633894304,0.8045924014296838,0.8046245454901847
2007-11-21 00:00:00+00:00,0.8047514496452747,0.8113791855103837,0.8045038163959841,0.8062554502987312
2007-11-22 00:00:00+00:00,0.8064093169367506,0.8095685088688049,0.8056533882462386,0.8056969523268275
2007-11-23 00:00:00+00:00,0.8060410976006572,0.8095806523598994,0.8019744809995193,0.8030857222319948
2007-11-27 00:00:00+00:00,0.8010900553762205,0.8085398734627176,0.799462668617144,0.8059845470552454
2007-11-28 00:00:00+00:00,0.8058888364596585,0.816708836146836,0.805754374724683,0.8092773208814756
2007-11-29 00:00:00+00:00,0.8094112905103015,0.8177243695896835,0.8090912672076412,0.8165066044567423
2007-11-30 00:00:00+00:00,0.8165066044567423,0.821607804296682,0.8168523790358658,0.8237517106435156
2007-12-03 00:00:00+00:00,0.8184012394362196,0.8254383540554694,0.8169205835120773,0.8254471936474777
2007-12-04 00:00:00+00:00,0.825145767422707,0.8264781119742727,0.8144171147861167,0.8140376122367089
2007-12-05 00:00:00+00:00,0.81391172441749,0.8252042111329804,0.8141520189689331,0.8257188132118328
2007-12-06 00:00:00+00:00,0.8256719537709288,0.8286710825390583,0.8208284491030818,0.8204374813527578
2007-12-07 00:00:00+00:00,0.820529593530979,0.8248018783418986,0.8209012742614397,0.8203865638730824
2007-12-10 00:00:00+00:00,0.8221053255575239,0.826089195352362,0.8192468083695247,0.8215816255273848
2007-12-11 00:00:00+00:00,0.8216136656293807,0.828460785328569,0.8174096166751429,0.8270582283732056
2007-12-12 00:00:00+00:00,0.8272602703282059,0.827927057537082,0.8207378667202054,0.8217885214477663
2007-12-13 00:00:00+00:00,0.8216149715486278,0.8305382921447811,0.8215775035510549,0.8258282346511748
2007-12-14 00:00:00+00:00,0.8260077924155681,0.8368377668522128,0.8254404269246246,0.8353600451355431
2007-12-17 00:00:00+00:00,0.8347377952175619,0.8432689739557518,0.8350336802766016,0.8412804460378834
2007-12-20 00:00:00+00:00,0.8420681242226761,0.8469011024307647,0.8418960156939074,0.8451892711884759
2007-12-21 00:00:00+00:00,0.8452986916494466,0.846266201515532,0.840921315867641,0.8445440579403505
2007-12-24 00:00:00+00:00,0.8432048610877675,0.844866905612607,0.8416381029382849,0.8430055777745408
2007-12-27 00:00:00+00:00,0.8350626361081889,0.8365012439455565,0.829147557379239,0.8306364814905844
2007-12-28 00:00:00+00:00,0.830700373283766,0.8313967506363256,0.8205864899974241,0.8206961771073799
2007-12-31 00:00:00+00:00,0.8191850881658892,0.8299241102648632,0.8189702426893902,0.8283314050691637
2008-01-03 00:00:00+00:00,0.8194597790811151,0.8201069674286144,0.8122292194876943,0.8127266415182307
2008-01-04 00:00:00+00:00,0.8127650660771073,0.8170813158169296,0.8098322894000864,0.8157867568394731
2008-01-07 00:00:00+00:00,0.8148765711152294,0.819695246850882,0.8147925172567092,0.8192681734942877
2008-01-10 00:00:00+00:00,0.8225661789827506,0.8226975704209738,0.8106489761248846,0.8114409628421739
2008-01-11 00:00:00+00:00,0.8112310137783177,0.8149162974881613,0.809982303996866,0.8135469792021379
2008-01-14 00:00:00+00:00,0.812330259029265,0.8129987706031472,0.8073959191289964,0.8079623652911534
2008-01-15 00:00:00+00:00,0.8075784827208626,0.8173128808477713,0.8074657637177646,0.816562330256874
2008-01-16 00:00:00+00:00,0.81651102127861,0.8273784471172788,0.8134760298017876,0.8246793444431009
2008-01-17 00:00:00+00:00,0.824799898477623,0.8269696108157926,0.8206190215678637,0.8255983544462266
2008-01-23 00:00:00+00:00,0.8287386654814661,0.840400453345714,0.8283406977267981,0.8305953498631746
2008-01-24 00:00:00+00:00,0.8300881541599223,0.8332074225404434,0.8205542747757549,0.8202162191943415
2008-01-25 00:00:00+00:00,0.8206947989273913,0.8282121933880267,0.8190922831742082,0.8284557481563679
2008-01-28 00:00:00+00:00,0.8265196535782056,0.8294194441462864,0.8180780849856432,0.8185637872155285
2008-01-29 00:00:00+00:00,0.8186546620406439,0.8212968006564361,0.818736705014109,0.8196006844780458
2008-01-30 00:00:00+00:00,0.819134774815181,0.8206534459259625,0.8151275660957084,0.8158764974518904
2008-01-31 00:00:00+00:00,0.8158356815734447,0.8198956601322656,0.8111183939734607,0.8162650204529143
2008-02-01 00:00:00+00:00,0.8167673388112632,0.8193429122678223,0.8123098902419637,0.8155164450693903
2008-02-04 00:00:00+00:00,0.8161738829631926,0.8164337727843164,0.8112372577339313,0.8125745526231151
2008-02-05 00:00:00+00:00,0.8124839768761981,0.8275866579231852,0.8117142808558406,0.8277166378327616
2008-02-06 00:00:00+00:00,0.8276587069267997,0.8309305403958983,0.8236652726464453,0.8260484419537454
2008-02-07 00:00:00+00:00,0.8261020203127474,0.8367380936462984,0.8248177781649992,0.8355154816310408
2008-02-08 00:00:00+00:00,0.8353701381104002,0.8364286198852354,0.8309431327215525,0.8322304404787647
2008-02-11 00:00:00+00:00,0.8306364814905844,0.8347562974951348,0.8284786788651776,0.8330169647637969
2008-02-12 00:00:00+00:00,0.8330084107619835,0.8327115667295708,0.8244977156574403,0.8260245062309889
2008-02-13 00:00:00+00:00,0.8266567529409463,0.8296664675593582,0.8207213287199772,0.8222812214353329
2008-02-14 00:00:00+00:00,0.8221695106925493,0.8223222285260994,0.816669465846721,0.8165094448041597
2008-02-15 00:00:00+00:00,0.8161889410747506,0.8172599435157618,0.8113742805966643,0.8124551145886637
2008-02-18 00:00:00+00:00,0.8116256232336363,0.815484216637794,0.8102700697203268,0.8149192868468319
2008-02-19 00:00:00+00:00,0.8149738690013297,0.8147749480086531,0.8087207598231052,0.8101538313314528
2008-02-20 00:00:00+00:00,0.8103565589424742,0.8160461498935283,0.8100850475895437,0.8102643787514444
2008-02-21 00:00:00+00:00,0.8102259251275542,0.8111107810523276,0.8046102311807226,0.8056938075557839
2008-02-22 00:00:00+00:00,0.8055783589060042,0.8066835807798658,0.803254312051275,0.8048158278228296
2008-02-25 00:00:00+00:00,0.8046596140901692,0.8066931822128179,0.8043921701785549,0.8043812409887423
2008-02-26 00:00:00+00:00,0.8044121854535344,0.8069534718070696,0.7938496611025261,0.7956709489505
2008-02-27 00:00:00+00:00,0.7957067587078134,0.7975544055170848,0.7918379503649191,0.7954090029535262
2008-02-28 00:00:00+00:00,0.7951597039451621,0.7981659826433747,0.7897984358991098,0.791490498030402
2008-02-29 00:00:00+00:00,0.7914519559551704,0.7956060373208853,0.7906662781376903,0.7926862324959881
2008-03-03 00:00:00+00:00,0.7911921627912792,0.7942094643702173,0.7879403724258887,0.7897550188041081
2008-03-04 00:00:00+00:00,0.7899862909239079,0.7921258840322208,0.7890806273165965,0.789600816969529
2008-03-05 00:00:00+00:00,0.7896522175810554,0.7931322472056057,0.7850056724601294,0.7842460125919053
2008-03-06 00:00:00+00:00,0.7844265117196955,0.7851044417808263,0.7824187608433695,0.783348549803725
2008-03-07 00:00:00+00:00,0.7831749234846594,0.7881815064718777,0.7826075748421182,0.7865311643923637
2008-03-10 00:00:00+00:00,0.7843615865810719,0.7872059335382852,0.784290786909663,0.7867890824187527
2008-03-11 00:00:00+00:00,0.7865266543895987,0.7884785560685023,0.7792534981727081,0.7857931570762053
2008-03-12 00:00:00+00:00,0.785969296810925,0.7856161988145388,0.7779276260028453,0.7789304888528407
2008-03-13 00:00:00+00:00,0.7790460170979354,0.7797632831478426,0.7740733547465933,0.7749897335300427
2008-03-14 00:00:00+00:00,0.7748612609804361,0.7783067966047799,0.783966000353801,0.7844474353241229
2008-03-17 00:00:00+00:00,0.7719372835605804,0.7749855568801882,0.7663986436828509,0.7744873195783205
2008-03-18 00:00:00+00:00,0.7743830417059318,0.7762300000711468,0.7691306917965692,0.7740292046345446
2008-03-19 00:00:00+00:00,0.773681752459683,0.7749617841701881,0.7693505740481484,0.7738038383400038
2008-03-20 00:00:00+00:00,0.7735615717207104,0.7863522541961548,0.7737303137552585,0.7838286307335335
2008-03-24 00:00:00+00:00,0.7856931442144727,0.7886315652204979,0.7844751081175949,0.7854278168695732
2008-03-25 00:00:00+00:00,0.7851505131850128,0.7862189610369406,0.7725939802528689,0.7747824511270562
2008-03-26 00:00:00+00:00,0.774576727094934,0.7753268967281445,0.763109512615493,0.765552659461114
2008-03-27 00:00:00+00:00,0.765778061653688,0.7683768163606203,0.7633646364065386,0.7638280323980801
2008-03-28 00:00:00+00:00,0.7639308225405728,0.7646968502158603,0.7614258045327654,0.7621819501316537
2008-03-30 23:00:00+00:00,0.7644858808603842,0.7653110711330878,0.7596400627292136,0.76447609033962
2008-04-01 23:00:00+00:00,0.7724447186018918,0.77559876987102,0.7656172026692395,0.7663096797368639
2008-04-02 23:00:00+00:00,0.7658730015358752,0.7729011197797402,0.7648502155875246,0.7664758306087799
2008-04-03 23:00:00+00:00,0.766737231667006,0.7666448861892617,0.7630780892527188,0.7644748057550046
2008-04-06 23:00:00+00:00,0.7644876979612306,0.7692160016606715,0.763447457202248,0.7654594998771133
2008-04-07 23:00:00+00:00,0.7654821949715276,0.7665935133204337,0.7610650069579837,0.766524531025547
2008-04-08 23:00:00+00:00,0.7664672202154175,0.7662195623489898,0.7588416488559491,0.7612689055788251
2008-04-09 23:00:00+00:00,0.7611918926849198,0.7665151950598648,0.7586614856931082,0.765733917607282
2008-04-10 23:00:00+00:00,0.7654273493438919,0.7647435757265769,0.7616198881693498,0.7679800405445607
2008-04-13 23:00:00+00:00,0.769247556801062,0.770110198189092,0.7595993098322693,0.7621956626587426
2008-04-14 23:00:00+00:00,0.7622611025037362,0.765976002693217,0.7611137541192772,0.7623984358532491
2008-04-15 23:00:00+00:00,0.7624987104322998,0.7631521399438425,0.7544708878526356,0.7550446811423893
2008-04-16 23:00:00+00:00,0.7547837777087889,0.7613145191168377,0.7545583011176407,0.760322943646319
2008-04-17 23:00:00+00:00,0.7601560393230747,0.7637073797720917,0.756929182261793,0.7590361379792175
2008-04-20 23:00:00+00:00,0.7635003558655273,0.7635410114388443,0.7547103978736951,0.7553958225566182
2008-04-21 23:00:00+00:00,0.7553701848351225,0.7584243179798482,0.7486104771719785,0.7491691191083881
2008-04-22 23:00:00+00:00,0.7491435097301811,0.7546461183109534,0.746890523740501,0.7543242966251161
2008-04-23 23:00:00+00:00,0.7543276295706709,0.7645798388724744,0.7537720651613982,0.7626091221126801
2008-04-24 23:00:00+00:00,0.7625834679310484,0.7700637742702,0.7613287320572244,0.7678826178429043
2008-04-27 23:00:00+00:00,0.7692446068375037,0.7690955420434941,0.7656380620293077,0.7674639950872102
2008-04-28 23:00:00+00:00,0.7674403613810268,0.772615287962318,0.7665065943351171,0.7719466810932811
2008-04-29 23:00:00+00:00,0.7717483437629095,0.7735931539306203,0.7657970747980662,0.7664866082715985
2008-05-01 23:00:00+00:00,0.7744460026917802,0.7799453423412156,0.773826661708285,0.7780072984978155
2008-05-04 23:00:00+00:00,0.7766217971707609,0.7769340457112639,0.7736176019182186,0.7753252960559266
2008-05-05 23:00:00+00:00,0.7753381461702957,0.7762057524201046,0.7683549987355014,0.7706996644871292
2008-05-06 23:00:00+00:00,0.7708536862448901,0.7773659348826922,0.7699742465210159,0.7779003794676292
2008-05-07 23:00:00+00:00,0.7777464523608335,0.7819490155846023,0.7731800035142198,0.7736418455667738
2008-05-08 23:00:00+00:00,0.773910479999261,0.7742580829292065,0.7681862551001611,0.7687380853442773
2008-05-11 23:00:00+00:00,0.7695948756002136,0.7738675117787435,0.7649745694395794,0.766606779101136
2008-05-12 23:00:00+00:00,0.7667201488585976,0.771255998530438,0.7650093115862712,0.770027074823008
2008-05-13 23:00:00+00:00,0.7699678275740969,0.7743949786126842,0.7694883186304925,0.7719969018456717
2008-05-14 23:00:00+00:00,0.7719543676982016,0.7755261723209768,0.768282702485779,0.7737245115230192
2008-05-15 23:00:00+00:00,0.7737199328369069,0.7741741215116565,0.7652815088333824,0.7670714594117906
2008-05-18 23:00:00+00:00,0.7663713105528999,0.7686943335937023,0.76284601612642,0.7667021079406875
2008-05-19 23:00:00+00:00,0.7668615539126871,0.7676609642537463,0.7580864476359164,0.7608754235760788
2008-05-20 23:00:00+00:00,0.7612221161266246,0.7622923731297225,0.7556943486860315,0.7562082639100941
2008-05-21 23:00:00+00:00,0.7558464302659903,0.7610752539898102,0.7557012242017216,0.7581414184444077
2008-05-22 23:00:00+00:00,0.7586286120508919,0.7599892355084499,0.755140546132355,0.7550677359048656
2008-05-26 23:00:00+00:00,0.7561713291553396,0.760510302366405,0.7540121814377265,0.7592811048557956
2008-05-27 23:00:00+00:00,0.759477803713124,0.7668233827785433,0.7568069929923739,0.7645958362599972
2008-05-28 23:00:00+00:00,0.7646855380595631,0.7708912295842698,0.7641885231545966,0.7700470799475455
2008-05-29 23:00:00+00:00,0.770008580490174,0.7737206906498537,0.7678887434586177,0.7680233330128249
2008-06-01 23:00:00+00:00,0.7685022268309032,0.7738264453598214,0.7685927278984985,0.7729119192972044
2008-06-02 23:00:00+00:00,0.7727557979083082,0.7758119457619498,0.7662871986896056,0.7737855839139544
2008-06-03 23:00:00+00:00,0.7740190781295119,0.7755554210909474,0.7721191657842685,0.7747001899260394
2008-06-04 23:00:00+00:00,0.7740257829983505,0.7762369429374356,0.7648339938031391,0.7655619594165213
2008-06-05 23:00:00+00:00,0.765399832497122,0.7663777586291627,0.7564426329500915,0.7563941945136352
2008-06-08 23:00:00+00:00,0.7563087651581605,0.7658326504191084,0.7551122163128063,0.7639276794319529
2008-06-09 23:00:00+00:00,0.7633904870624374,0.7763624941649057,0.7634980118602451,0.77559360229939
2008-06-10 23:00:00+00:00,0.7754911341544342,0.7757605254732779,0.7703660056081313,0.7719990092329911
2008-06-11 23:00:00+00:00,0.7718332432786091,0.779962396149924,0.7717818976768037,0.7763669839579525
2008-06-12 23:00:00+00:00,0.777070997457434,0.7832367262049658,0.7765607625142954,0.7783280809113425
2008-06-15 23:00:00+00:00,0.7782982457382358,0.7808392612261377,0.7715189571463539,0.7725194201955377
2008-06-16 23:00:00+00:00,0.772254690736637,0.7744202671633688,0.7687301345854157,0.7738613402790959
2008-06-17 23:00:00+00:00,0.7738910694648752,0.7770421332037196,0.7730313462490784,0.7740087391832625
2008-06-18 23:00:00+00:00,0.7740641556824321,0.7781448083084744,0.7715871163945658,0.775885921714742
2008-06-19 23:00:00+00:00,0.7756911273910578,0.7763503479336069,0.7698767534355837,0.7719968131825424
2008-06-22 23:00:00+00:00,0.773016855755826,0.7783156712732915,0.7715172013785797,0.7753269311205493
2008-06-23 23:00:00+00:00,0.7747265442132789,0.775560578118629,0.7709654838820245,0.7746237237741852
2008-06-24 23:00:00+00:00,0.7745526051841343,0.7755376305526398,0.7683365999635284,0.768118566182308
2008-06-25 23:00:00+00:00,0.7682750680630991,0.770418947578511,0.7645806829307411,0.7651378521557307
2008-06-26 23:00:00+00:00,0.7653142510469005,0.7651576980278331,0.7642087905952888,0.7630872433322388
2008-06-29 23:00:00+00:00,0.7656402518940469,0.7724005471178587,0.7643361289020205,0.7714585893439092
2008-07-01 23:00:00+00:00,0.7665636669363284,0.7682298340007082,0.7645859339764771,0.7658270174896757
2008-07-02 23:00:00+00:00,0.7656474574301689,0.7694279690182385,0.7627605943324474,0.7687443728383474
2008-07-03 23:00:00+00:00,0.7687680201506429,0.7694397174204252,0.7659716740309715,0.7664118666534229
2008-07-06 23:00:00+00:00,0.766081880285349,0.771588972793771,0.7658144267842626,0.7675569758611166
2008-07-07 23:00:00+00:00,0.7676979683688873,0.7732865108767245,0.7667556060655076,0.7709099813013187
2008-07-08 23:00:00+00:00,0.77065363235576,0.7735416355016372,0.7681438318134663,0.7699338908618211
2008-07-09 23:00:00+00:00,0.7699466663422876,0.7709676029731977,0.7679100393340067,0.7679470779889489
2008-07-10 23:00:00+00:00,0.7679470779889489,0.7694603937926134,0.7609375914269585,0.7612966194563966
2008-07-13 23:00:00+00:00,0.7618980241912786,0.7662382845227144,0.7611569144017956,0.7652465290595762
2008-07-14 23:00:00+00:00,0.7652721378646046,0.7654462114608974,0.7591948865607056,0.7644267354681883
2008-07-15 23:00:00+00:00,0.7644078539624837,0.7717087585528576,0.7633368739348066,0.7703522470971349
2008-07-16 23:00:00+00:00,0.7706019358201577,0.7711981846418968,0.7641693123635096,0.7651691224351909
2008-07-17 23:00:00+00:00,0.7651200849863069,0.7678974403993303,0.7640114965623624,0.7640955105398269
2008-07-20 23:00:00+00:00,0.7648929744474158,0.7653937517005659,0.7603376811899205,0.7613795344757024
2008-07-21 23:00:00+00:00,0.7613672434378854,0.7703740425069261,0.760345416760612,0.7680172272231469
2008-07-22 23:00:00+00:00,0.7680518367312491,0.7738102768329916,0.7670540629512133,0.7728065610326421
2008-07-23 23:00:00+00:00,0.7728252222792235,0.7760229660350099,0.7720801399087682,0.7737997594535548
2008-07-24 23:00:00+00:00,0.77382537942319,0.774190222966367,0.7701723272561132,0.7718720855718696
2008-07-27 23:00:00+00:00,0.772362411159364,0.773172336624881,0.7685529417628835,0.7707911767453622
2008-07-28 23:00:00+00:00,0.7710476012993156,0.7801514969763119,0.7689397918484472,0.7781480521437961
2008-07-29 23:00:00+00:00,0.778364632668325,0.7793908804303443,0.7757265603055064,0.7769930656314211
2008-07-30 23:00:00+00:00,0.7765900684286828,0.7771444096944105,0.7727482400792935,0.7754390419540287
2008-08-25 23:00:00+00:00,0.8202392442916467,0.8233568861393449,0.8177647458761875,0.8199333808541518
2008-08-26 23:00:00+00:00,0.8196561460572331,0.8213695448578557,0.8149055291118283,0.8176077687541313
2008-08-27 23:00:00+00:00,0.8179162931911664,0.8222805155470768,0.8135997003719135,0.8204352955650069
2008-08-28 23:00:00+00:00,0.820358450385808,0.827303100159133,0.8186829730511446,0.8262251941099311
2008-08-31 23:00:00+00:00,0.8259454218120387,0.8318645696451133,0.8242139958037402,0.8313174601855685
2008-09-01 23:00:00+00:00,0.8312661998534651,0.8371017819975536,0.8301809892678641,0.8337283205235075
2008-09-02 23:00:00+00:00,0.8337389126353966,0.8427479316029871,0.8329169218260177,0.8382117442857878
2008-09-03 23:00:00+00:00,0.8385212416579,0.8528267093267593,0.8356028873630877,0.8506782010365175
2008-09-04 23:00:00+00:00,0.8504791524252682,0.8547802827721241,0.8465896421823473,0.8494261499143113
2008-09-07 23:00:00+00:00,0.8442027175130068,0.8624566635856039,0.8389566146011876,0.8561447298160159
2008-09-08 23:00:00+00:00,0.8563276634409956,0.8655270105167773,0.8551369770795032,0.8631211558000402
2008-09-09 23:00:00+00:00,0.8634329952412274,0.8725615968660831,0.8614561424172571,0.8714397425560046
2008-09-10 23:00:00+00:00,0.8715153608868317,0.8795949512222848,0.8702078524200648,0.8725598454618485
2008-09-11 23:00:00+00:00,0.8726766658183064,0.873458151072581,0.8578597407493312,0.8584791836522416
2008-09-14 23:00:00+00:00,0.8542332164078169,0.8700273474836006,0.8457466422810893,0.8669190744652986
2008-09-15 23:00:00+00:00,0.8671499774889792,0.8773433367587029,0.8671919266477666,0.8758600165668705
2008-09-16 23:00:00+00:00,0.8754823881849397,0.877160758285341,0.8596732800679128,0.8635878171141124
2008-09-17 23:00:00+00:00,0.8634721314287477,0.8660482376586667,0.8499974419660621,0.8604982812553131
2008-09-18 23:00:00+00:00,0.8609143927709964,0.86681788059945,0.8483427971753007,0.8458403692927765
2008-09-21 23:00:00+00:00,0.8494022678422398,0.8509787784446875,0.8305992754177559,0.8360425725848432
2008-09-22 23:00:00+00:00,0.8360103004190705,0.8471289101847439,0.8332409294680969,0.8437049185325334
2008-09-23 23:00:00+00:00,0.8437076969071445,0.8523500974337215,0.8421737872237768,0.8508454769676495
2008-09-24 23:00:00+00:00,0.8512980658963986,0.8504087705377504,0.841955416862124,0.8467810365280998
2008-09-25 23:00:00+00:00,0.8467354981069024,0.8539650822936757,0.8453209591524837,0.8544098826473686
2008-09-28 23:00:00+00:00,0.8557038859443024,0.8745772744588515,0.8570581072892217,0.8739742506585865
2008-09-29 23:00:00+00:00,0.8743477441855921,0.8976809058084256,0.8718182998091496,0.8900995442032898
2008-09-30 23:00:00+00:00,0.8898774324417247,0.8961607419357096,0.8835993310018346,0.8942604760427575
2008-10-01 23:00:00+00:00,0.894259894765699,0.9077962663029789,0.8892237272721412,0.9057966255130191
2008-10-02 23:00:00+00:00,0.9057910713132692,0.9097422065457281,0.8992491658558381,0.908521903668908
2008-10-05 23:00:00+00:00,0.9161765316872809,0.9335906851302993,0.9154653850921627,0.927022696240705
2008-10-06 23:00:00+00:00,0.9273783334201252,0.9291410515784643,0.9030998777127962,0.9176328264835607
2008-10-07 23:00:00+00:00,0.9178745188953921,0.9232748085431217,0.9073175788174362,0.9147509661576022
2008-10-08 23:00:00+00:00,0.9149097798130514,0.9178787479652022,0.903511138036219,0.9174628143542836
2008-10-09 23:00:00+00:00,0.9170704270081702,0.9360898042883361,0.9126138307380038,0.9280191164283462
2008-10-12 23:00:00+00:00,0.9120975253832533,0.9274361488273326,0.9070910718014424,0.9160631024798003
2008-10-13 23:00:00+00:00,0.915977221835772,0.9272652021316804,0.9066030137657362,0.9265393961804348
2008-10-14 23:00:00+00:00,0.9270481794414799,0.9729597542671475,0.9240987909916368,0.9698294547392636
2008-10-15 23:00:00+00:00,0.9700780454541094,0.9803466522246164,0.9498793339183064,0.9547165783607564
2008-10-16 23:00:00+00:00,0.955749850556101,0.9700226557872674,0.9483246036544493,0.957525287503483
2008-10-19 23:00:00+00:00,0.9547406508947376,0.9665966950711197,0.9381910441745377,0.9637592802813313
2008-10-20 23:00:00+00:00,0.9641447773433527,1.00247503649242,0.9587989152936325,1.0014576243601518
2008-10-21 23:00:00+00:00,1.0019609033627181,1.0227562614654462,0.9981667591115686,1.0114706835459797
2008-10-22 23:00:00+00:00,1.010786344781957,1.0233976744690674,0.9846370395085545,0.988557015673034
2008-10-23 23:00:00+00:00,0.988777682515046,1.0342721943608824,0.9895431115288029,1.023877140819484
2008-10-27 00:00:00+00:00,1.0187505526569036,1.0537058515049926,1.0145926852701062,1.035024137428112
2008-10-28 00:00:00+00:00,1.035091318632003,1.0407334402133817,0.9957520003561087,0.9962326370753004
2008-10-29 00:00:00+00:00,0.9964403415737059,1.006614155007331,0.9795470927346273,0.9806478958932308
2008-10-30 00:00:00+00:00,0.9791513318632427,0.9970217503702524,0.9536216906300173,0.9835253629291076
2008-10-31 00:00:00+00:00,0.9833152525807606,1.0051096622370694,0.9853369040167352,0.9993304263007812
2008-11-03 00:00:00+00:00,0.9968516233603627,1.009726255051348,0.9838630661640532,1.0061805295691209
2008-11-04 00:00:00+00:00,1.0063110781634947,1.0140612152414914,0.9783793707481286,0.9818843466518004
2008-11-05 00:00:00+00:00,0.9820495191661875,1.0079334865112461,0.9826415039493062,1.0064900870621736
2008-11-06 00:00:00+00:00,1.0062062909258014,1.0233720957537145,1.0005425477138965,1.0229809561699157
2008-11-07 00:00:00+00:00,1.0226331056301634,1.024621753867456,1.0048691881814396,1.0212310256599504
2008-11-10 00:00:00+00:00,1.0106203381111605,1.0141262890412532,0.9947053877050559,1.0123871218773626
2008-11-11 00:00:00+00:00,1.01215510786673,1.043552828315127,1.006081116064813,1.0407757081013584
2008-11-12 00:00:00+00:00,1.0395012848715353,1.049616279387277,1.026579770458293,1.0463705780160262
2008-11-13 00:00:00+00:00,1.0463570593456688,1.0557899429016966,1.0051398209763887,1.0072393495722847
2008-11-14 00:00:00+00:00,1.0076256293549877,1.0290110891302018,1.006507205441631,1.0271874525848539
2008-11-17 00:00:00+00:00,1.03614471620455,1.0374369182824363,1.0163938920094737,1.033885113730679
2008-11-18 00:00:00+00:00,1.0329741038987477,1.0434591604575707,1.0315912085756385,1.0349285165732303
2008-11-19 00:00:00+00:00,1.0351931625219182,1.0580123165195305,1.0232050651188285,1.056000001968876
2008-11-20 00:00:00+00:00,1.055357745087416,1.0759546492915535,1.0502113060309708,1.0733953754463388
2008-11-21 00:00:00+00:00,1.0733050509309054,1.0970508433826063,1.0501401317079115,1.0785768124023563
2008-11-24 00:00:00+00:00,1.0699924377002488,1.0779686948009044,1.0237947360533353,1.0258659624703972
2008-11-25 00:00:00+00:00,1.0258160168932375,1.0414297652798474,1.0097506179466056,1.018711972675208
2008-11-26 00:00:00+00:00,1.018724341009957,1.0413976062454364,1.0189556377170532,1.0327726998267779
2008-11-27 00:00:00+00:00,1.0328014913962404,1.0330496413606638,1.0235742282370632,1.0276953305733425
2008-11-28 00:00:00+00:00,1.0276695579196413,1.0527109965647996,1.0258289726768082,1.0474952749323332
2008-12-01 00:00:00+00:00,1.0481458213217474,1.075558843988656,1.0433653128130491,1.0735143917820211
2008-12-02 00:00:00+00:00,1.0735522061194718,1.0840911513529763,1.052203409124789,1.0586231259740966
2008-12-03 00:00:00+00:00,1.059014066102487,1.0743267202846067,1.0560729738163024,1.0577304710306574
2008-12-04 00:00:00+00:00,1.0576593556598473,1.0822541638989347,1.0557543634718742,1.0634306890759178
2008-12-05 00:00:00+00:00,1.0631643735376053,1.0978538944941032,1.0646202862464398,1.0731138642731088
2008-12-08 00:00:00+00:00,1.0722978314416771,1.0731701255783537,1.0361503293514862,1.0406240437151073
2008-12-09 00:00:00+00:00,1.0407547230651581,1.05885383883625,1.0396010135215685,1.056332602774483
2008-12-10 00:00:00+00:00,1.0563012908827216,1.0573348611410953,1.0433961662054339,1.0495238612081372
2008-12-11 00:00:00+00:00,1.0488487297481603,1.0514598689889634,1.0217304254540833,1.0236783116037922
2008-12-12 00:00:00+00:00,1.024619952525484,1.0441938885964435,1.0218391591487153,1.0393948217245417
2008-12-15 00:00:00+00:00,1.029447435248193,1.040690952791516,1.0228414622291235,1.0344520836453324
2008-12-16 00:00:00+00:00,1.0338060256425559,1.0506110673861537,1.019716247450873,1.0192652744082544
2008-12-17 00:00:00+00:00,1.019780937563797,1.027536310141083,0.9786708917488002,0.981638517323687
2008-12-18 00:00:00+00:00,0.9797898977427187,0.9997291557556124,0.968670082555998,0.9939090839166218
2008-12-19 00:00:00+00:00,0.9938700804110809,1.0167900224902884,0.9877628205404693,1.0078652975193185
2008-12-22 00:00:00+00:00,1.0004773909045803,1.0213246779722032,0.9954140228928646,1.0178967752764303
2008-12-23 00:00:00+00:00,1.0191225851735761,1.0401507117428745,1.0085910277169372,1.0310592366040028
2008-12-24 00:00:00+00:00,1.0310499839050224,1.051848735939228,1.0240982797024696,1.0268986228677623
2008-12-25 00:00:00+00:00,1.0293513814429562,1.0294291649230458,1.024113533015695,1.028948494610738
2008-12-26 00:00:00+00:00,1.0291461534893227,1.0405490908005943,1.0247250148297087,1.041432136285962
2008-12-29 00:00:00+00:00,1.014825247175126,1.018113549265821,0.9874822394948298,1.0115352240987656
2008-12-30 00:00:00+00:00,1.0104428499878773,1.0130679018986815,0.992572321861782,0.9953016699517925
2008-12-31 00:00:00+00:00,0.9959482040048611,1.0163955561712095,0.9966871618713911,1.0132643108843766
2009-01-02 00:00:00+00:00,1.005071617568357,1.0136432966432256,0.9926786456876793,0.9943872483618297
2009-01-05 00:00:00+00:00,0.9894321675919068,1.0231958030805264,0.9903138565194964,1.0128888578553492
2009-01-06 00:00:00+00:00,1.013210494379136,1.0293112157604003,1.011287172136349,1.012473197669559
2009-01-07 00:00:00+00:00,1.0138145435735817,1.017504044990435,0.9980108071512148,1.0127603437046924
2009-01-08 00:00:00+00:00,1.0130327407833193,1.0226399597194873,1.0012653923384287,1.0039590587743927
2009-01-09 00:00:00+00:00,1.0042554279980673,1.023838666522961,1.0050090708573391,1.0200285848194306
2009-01-12 00:00:00+00:00,1.0241282905002442,1.042765934510472,1.0233464987640668,1.0380196133018496
2009-01-13 00:00:00+00:00,1.0366668187737162,1.0715398928153643,1.0379385433564308,1.0667345148733338
2009-01-14 00:00:00+00:00,1.0658715855899024,1.0883088537868388,1.0508610288026479,1.0794703000678263
2009-01-15 00:00:00+00:00,1.079658098978091,1.0958979722645303,1.0615595379985419,1.0626047433563048
2009-01-16 00:00:00+00:00,1.0632105162068515,1.063253518178772,1.0439262399763871,1.056876843481874
2009-01-19 00:00:00+00:00,1.04015159267888,1.072242049990551,1.037428104714135,1.0695669036408466
2009-01-20 00:00:00+00:00,1.069061964804861,1.090240547051007,1.070012796030583,1.0874452855783188
2009-01-21 00:00:00+00:00,1.0874452855783188,1.0889459058100768,1.0518231981971586,1.0557031114316657
2009-01-22 00:00:00+00:00,1.0562559536260592,1.069218234389195,1.0440830995042654,1.0608318135458603
2009-01-23 00:00:00+00:00,1.0611986405097098,1.0841608953976987,1.0502575324494088,1.0554867223833202
2009-01-26 00:00:00+00:00,1.061389590990562,1.0634959343500765,1.0269638820801386,1.030311598237791
2009-01-27 00:00:00+00:00,1.0303022663845602,1.0460236238124982,1.0104814307108603,1.0356596636658841
2009-01-28 00:00:00+00:00,1.0364417532236112,1.0396197144197634,1.0234938960693543,1.0348109207404679
2009-01-29 00:00:00+00:00,1.0351069153468493,1.0586273954064402,1.0309723750763449,1.0570356233298739
2009-01-30 00:00:00+00:00,1.0570842678967498,1.080338125035718,1.0610453284784256,1.0824942976931906
2009-02-02 00:00:00+00:00,1.078824830314443,1.0837748867852115,1.0706362970504864,1.0807614709021827
2009-02-03 00:00:00+00:00,1.080843001678552,1.0823946849894068,1.058180738128717,1.0594822030480204
2009-02-04 00:00:00+00:00,1.060050737225131,1.0759096655483367,1.0556753603082263,1.0687151008771139
2009-02-05 00:00:00+00:00,1.0688578876191739,1.0738789950011178,1.0627655655481574,1.067846458533225
2009-02-06 00:00:00+00:00,1.0667449033699634,1.0678013911093822,1.041399797849122,1.0415544268304813
2009-02-09 00:00:00+00:00,1.042162691670753,1.0542652314100687,1.0289798980557585,1.0407852978079564
2009-02-10 00:00:00+00:00,1.040186236794304,1.068044032257261,1.0414222954725043,1.0647088580679005
2009-02-11 00:00:00+00:00,1.0644561912393244,1.0851755879345573,1.0612680392330296,1.0807027139777399
2009-02-12 00:00:00+00:00,1.080485102199911,1.095940033320425,1.075200815118878,1.0792845688941177
2009-02-13 00:00:00+00:00,1.0794685112776923,1.082103780685609,1.0738067354912815,1.0796320310012117
2009-02-16 00:00:00+00:00,1.088132081434832,1.1070765421656752,1.0874763838209607,1.1039183588270318
2009-02-17 00:00:00+00:00,1.1048320265991536,1.1416323830011708,1.105579848935985,1.1390361519576946
2009-02-18 00:00:00+00:00,1.138498012466187,1.1441389373793092,1.1250742191023637,1.127809364498114
2009-02-19 00:00:00+00:00,1.1282048065356576,1.1289162070659347,1.1038930525298505,1.1241230943869371
2009-02-20 00:00:00+00:00,1.124355138883371,1.14303024924352,1.127335615123154,1.1352542355436785
2009-02-23 00:00:00+00:00,1.134427905501917,1.1476007338226508,1.1069177230508858,1.1477253535116836
2009-02-24 00:00:00+00:00,1.1463451956791957,1.1590628392287423,1.1330302759510462,1.1316590501846402
2009-02-25 00:00:00+00:00,1.1317829314330947,1.156732805229184,1.1263609556770344,1.1540316342483905
2009-02-26 00:00:00+00:00,1.1535554747798298,1.1612183276111687,1.1394643415004446,1.1600123590499625
2009-02-27 00:00:00+00:00,1.1594242207858905,1.1720905834464743,1.156497405963682,1.1630493482575521
2009-03-02 00:00:00+00:00,1.1689519073209407,1.191445701620223,1.169549763631231,1.191277362056837
2009-03-03 00:00:00+00:00,1.191148390788353,1.1959069041222856,1.1691839329776228,1.1940502266271853
2009-03-04 00:00:00+00:00,1.193839921064037,1.198670414636866,1.1615476063959245,1.1635231102222483
2009-03-05 00:00:00+00:00,1.1637938427288805,1.2013582835386163,1.1639797120327815,1.2005698881433142
2009-03-06 00:00:00+00:00,1.2007889907692875,1.1998455312814809,1.177935580473434,1.1827534788383942
2009-03-09 00:00:00+00:00,1.178638678778097,1.1899783544740858,1.1722525550057834,1.1833314366577046
2009-03-10 00:00:00+00:00,1.1841603390787399,1.1840832684675664,1.1419737111028483,1.142503457801055
2009-03-11 00:00:00+00:00,1.1416062954359933,1.152949846388257,1.1265137874546405,1.1296599366274935
2009-03-12 00:00:00+00:00,1.130621602887996,1.1437757390668493,1.1071363802657133,1.1074216314675005
2009-03-13 00:00:00+00:00,1.108119972412641,1.1158209325532518,1.1003938455036557,1.110506257795832
2009-03-16 00:00:00+00:00,1.1182115968084227,1.1195394533624778,1.0857105452286513,1.1007108176072544
2009-03-17 00:00:00+00:00,1.0996749693157797,1.1024824495084202,1.084279288524693,1.0838375034669867
2009-03-18 00:00:00+00:00,1.0838494045871097,1.0884339187367644,1.0365209662851829,1.0402244724033614
2009-03-19 00:00:00+00:00,1.0399004029291794,1.0468737628789677,1.0240073496249773,1.0269928732404257
2009-03-20 00:00:00+00:00,1.02782904634719,1.060047141931973,1.0290245040312376,1.0531875674001154
2009-03-23 00:00:00+00:00,1.0456604279368178,1.0542328460454853,1.0279041032956637,1.029561701618154
2009-03-24 00:00:00+00:00,1.0292170373058358,1.0518939894614079,1.0226988163928983,1.0468398448510319
2009-03-25 00:00:00+00:00,1.0465392397228126,1.0548567961584137,1.0325178380226563,1.039318715085191
2009-03-26 00:00:00+00:00,1.0396268046982777,1.0432382891368237,1.0305136853522754,1.03352683933517
2009-03-27 00:00:00+00:00,1.0338481588731105,1.0586073787886492,1.0237726124935282,1.0495805414504649
2009-03-29 23:00:00+00:00,1.0622347029180303,1.0806838588386891,1.0601884112680109,1.0736730034709776
2009-03-30 23:00:00+00:00,1.0753698398198088,1.074979679028893,1.05906513281565,1.0645577376940767
2009-03-31 23:00:00+00:00,1.0644242075186114,1.0702331060503572,1.054884145430988,1.054068024995756
2009-04-01 23:00:00+00:00,1.053982573117689,1.0550656494894544,1.0320987757819855,1.0320690513919437
2009-04-02 23:00:00+00:00,1.0312939337239997,1.044246365102922,1.0264175246210692,1.0303613967533638
2009-04-05 23:00:00+00:00,1.022365653890003,1.0394127483274436,1.0153848267053456,1.0365843858164756
2009-04-06 23:00:00+00:00,1.035882668636779,1.062416070430554,1.0368676581001428,1.0554252749788477
2009-04-07 23:00:00+00:00,1.054796241917485,1.071859617530544,1.0556789687386077,1.0667364067966971
2009-04-08 23:00:00+00:00,1.0667776923938823,1.0750006183022638,1.0538812879894826,1.066174601953696
2009-04-09 23:00:00+00:00,1.0659551726790246,1.0705010770451036,1.0619496807728375,1.0619477375910393
2009-04-13 23:00:00+00:00,1.0521426631533262,1.0589236866787908,1.0510547867165916,1.0557032726567348
2009-04-14 23:00:00+00:00,1.0560831936004922,1.0732867679424658,1.0524663795367972,1.0634654112311943
2009-04-15 23:00:00+00:00,1.0636073098332592,1.0777260632857164,1.0612347709269467,1.0694754741897845
2009-04-16 23:00:00+00:00,1.0699739421410177,1.092629553403862,1.0694503769149901,1.0876919432919905
2009-04-19 23:00:00+00:00,1.0891550641092824,1.1224787020633076,1.0899624948888307,1.1208274209889078
2009-04-20 23:00:00+00:00,1.1215722156655463,1.1246325778964372,1.099207975857944,1.1028412905355105
2009-04-21 23:00:00+00:00,1.1030899695006646,1.107493908532753,1.0829338333082692,1.087059717780739
2009-04-22 23:00:00+00:00,1.086972265534603,1.0912420214841114,1.064117333790016,1.064748839861823
2009-04-23 23:00:00+00:00,1.0647945568533117,1.0671136907299699,1.0413539575697783,1.046960860032327
2009-04-26 23:00:00+00:00,1.0512459800766998,1.0616454301987808,1.0473465152657748,1.0538980781367357
2009-04-27 23:00:00+00:00,1.0545203046825342,1.0672229489954057,1.051067722989309,1.0528298937893767
2009-04-28 23:00:00+00:00,1.0516680563521301,1.0533625336782195,1.0324614529677731,1.0396179739977605
2009-04-29 23:00:00+00:00,1.039551381488795,1.0423895360699784,1.0276205914848044,1.0394502287298415
2009-04-30 23:00:00+00:00,1.0396273167260828,1.0402344402237755,1.0295624502275107,1.0334063680919892
2009-05-03 23:00:00+00:00,1.0335500870072765,1.0422000751132927,1.0146238359199178,1.0152025187133058
2009-05-04 23:00:00+00:00,1.0150728907340185,1.0294970758953543,1.0157612838781236,1.026542609513399
2009-05-05 23:00:00+00:00,1.027074842247567,1.035327448366055,1.0172077683672895,1.0203328509184084
2009-05-06 23:00:00+00:00,1.0212265969263794,1.026214736388754,1.0028423927504537,1.013891021811739
2009-05-07 23:00:00+00:00,1.0139996395819273,1.0187100420915538,0.9870512297680665,0.9874432714347964
2009-05-10 23:00:00+00:00,0.9873927808593702,1.0094125476369888,0.9868101621608569,1.0084001334422956
2009-05-11 23:00:00+00:00,1.0085941447139743,1.014583581708435,0.9989924041017616,1.0052646025299847
2009-05-12 23:00:00+00:00,1.005329490396555,1.0231682501195736,0.9964732777160898,1.0238089377740174
2009-05-13 23:00:00+00:00,1.022928741514408,1.0281766120420095,1.0093525672191515,1.012143972118008
2009-05-14 23:00:00+00:00,1.011846258736138,1.0228488697429046,1.0061101459837962,1.020915933938847
2009-05-17 23:00:00+00:00,1.0197680166480463,1.027898480719745,0.994059226559566,0.9941051941149613
2009-05-18 23:00:00+00:00,0.9940148249148074,0.9972029356023064,0.9860757685680184,0.9892664579378861
2009-05-19 23:00:00+00:00,0.9890858461906423,0.995356725011684,0.9718720646809803,0.9784947764504346
2009-05-20 23:00:00+00:00,0.9780171399318187,0.9858637102200821,0.9658753523910298,0.9673520560173566
2009-05-21 23:00:00+00:00,0.967429433494151,0.9722025312687387,0.9556544222992317,0.9554941736956134
2009-05-24 23:00:00+00:00,0.96084380060935,0.9694663306377701,0.9593682770674807,0.9655288085579457
2009-05-25 23:00:00+00:00,0.9654642779983887,0.9845983146349041,0.9637949403936628,0.9725117436313201
2009-05-26 23:00:00+00:00,0.9725493703394874,0.9971496045258477,0.9713221035829654,0.9961691019946993
2009-05-27 23:00:00+00:00,0.9967108463895086,1.0097636854053156,0.9893954575407372,0.9904807243432548
2009-05-28 23:00:00+00:00,0.9910353849872591,0.9911772792105589,0.9721150220039638,0.9724067539759856
2009-06-01 23:00:00+00:00,0.9568173476490295,0.9739320245036535,0.9554867094988505,0.9664318672941653
2009-06-02 23:00:00+00:00,0.9658900320524335,0.9976136305691974,0.9596789798073123,0.9932270854574112
2009-06-03 23:00:00+00:00,0.9937559763049199,0.9962076425204857,0.9777043684703983,0.9856929167222364
2009-06-04 23:00:00+00:00,0.9858735284694803,1.0085270672657303,0.9837925202371984,1.0077788220649662
2009-06-07 23:00:00+00:00,1.0063217989514013,1.0227545618087028,1.0021934841136524,1.0115587660881102
2009-06-08 23:00:00+00:00,1.011468463708624,1.016911787953612,0.9849815832765113,0.9858726168215387
2009-06-09 23:00:00+00:00,0.9852791311374507,0.9999483898525962,0.9782457730090917,0.9950460313685319
2009-06-10 23:00:00+00:00,0.9945171878523683,0.9999226165354684,0.9795223174363821,0.9797958943242356
2009-06-11 23:00:00+00:00,0.9798088135730859,0.9954852887148641,0.9775331743712022,0.9907870179006367
2009-06-14 23:00:00+00:00,0.9921547275969471,1.0208497442784095,0.9907863622630783,1.0142957020425385
2009-06-15 23:00:00+00:00,1.013509166024397,1.0174304440230664,1.004981219356963,1.0106324369868473
2009-06-16 23:00:00+00:00,1.0112518627123972,1.0253277286428433,1.001071117606338,1.0126585168042994
2009-06-17 23:00:00+00:00,1.0128390022734335,1.0226439815459394,1.0093429120836859,1.0195999760781564
2009-06-18 23:00:00+00:00,1.0197290605114353,1.0252506574407068,1.0120654062013321,1.0205287741973272
2009-06-21 23:00:00+00:00,1.0207491875457126,1.0349889957105571,1.020375752153471,1.0332637333098222
2009-06-22 23:00:00+00:00,1.0323606577771336,1.037285516324952,1.0143758175245512,1.0183739287760925
2009-06-23 23:00:00+00:00,1.0181288068802468,1.0273157712682928,1.0072265825705715,1.0212788318200006
2009-06-24 23:00:00+00:00,1.020606972129657,1.0312637144829309,1.0138725266892132,1.019020631398991
2009-06-25 23:00:00+00:00,1.019742938892348,1.0196771232730566,0.9992257111405971,1.0101162771666865
2009-06-28 23:00:00+00:00,1.0054453834500583,1.012877101559451,0.9870565214868389,0.9894705358300385
2009-06-29 23:00:00+00:00,0.9889542815080572,1.00268381644716,0.9847852823705263,0.9943610326032549
2009-06-30 23:00:00+00:00,0.9940644389449198,0.9980001042246868,0.9735717898576497,0.9774574498005201
2009-07-01 23:00:00+00:00,0.9787991840415932,1.0086449886291113,0.9772237694336385,1.0075360255284536
2009-07-02 23:00:00+00:00,1.0071747088145404,1.0104770297357064,0.9998064198940787,1.008465113480109
2009-07-05 23:00:00+00:00,1.004864602751489,1.0154187787940818,1.002000163675487,1.008297317497872
2009-07-06 23:00:00+00:00,1.0080907752843342,1.0261538443554232,1.0025550935115983,1.0254980759704184
2009-07-07 23:00:00+00:00,1.0257945660487786,1.0343719570908707,1.0219500519023585,1.0282691429918966
2009-07-08 23:00:00+00:00,1.0282303832471278,1.0307593027847892,1.0071359748617374,1.010438734485257
2009-07-09 23:00:00+00:00,1.0096646603971102,1.0293275398865998,1.009729769309862,1.023199704573972
2009-07-12 23:00:00+00:00,1.0207099514062816,1.030308112574765,1.0147233380274991,1.0154965767225996
2009-07-13 23:00:00+00:00,1.0161292406599314,1.0246829047943167,1.0092135192490665,1.0149290023311492
2009-07-14 23:00:00+00:00,1.0150199057991733,1.0165802157549457,0.9989289577674867,1.0022453113565892
2009-07-15 23:00:00+00:00,1.0012645269548146,1.0112384236920555,1.0010839501417395,1.0052001873704144
2009-07-16 23:00:00+00:00,1.0052130412602756,1.0156123364258052,1.0043745608086905,1.011510125429024
2009-07-19 23:00:00+00:00,0.9958965805391594,0.996696822484372,0.9952900824010993,0.9955999359614804
2009-07-20 23:00:00+00:00,0.9824252981493503,0.9844131022575456,0.9820892095000215,0.9843092534205027
2009-07-21 23:00:00+00:00,0.9799990019744539,0.9803739288407022,0.9786951125638165,0.9794954786458846
2009-07-22 23:00:00+00:00,0.9676499433395916,0.9688128809775075,0.9671845416501813,0.9685149159512756
2009-07-23 23:00:00+00:00,0.9676499433395916,0.9710717429462374,0.9572073575806678,0.9630953134691898
2009-07-26 23:00:00+00:00,0.9531207861730824,0.9541407422078646,0.9525511532045631,0.9531711994656126
2009-07-27 23:00:00+00:00,0.9637534357446906,0.9661677575880482,0.9633003869756155,0.9656369713456529
2009-07-28 23:00:00+00:00,0.9676249371712392,0.9693153223296169,0.9671067091818212,0.9685141022770352
2009-07-29 23:00:00+00:00,0.9560493423337763,0.9565795041245632,0.9549771192745116,0.9558159253787457
2009-07-30 23:00:00+00:00,0.9560493423337763,0.9566322449714907,0.9041307569158185,0.9265639635618534
2009-08-02 23:00:00+00:00,0.9114406154187317,0.9121760901014018,0.9105373469219865,0.9120470605348027
2009-08-03 23:00:00+00:00,0.9198420481926896,0.9198420481926896,0.9182012123028974,0.9192335237051666
2009-08-04 23:00:00+00:00,0.91849903110917,0.9204526535122017,0.91844740697642,0.9194203605482216
2009-08-05 23:00:00+00:00,0.9227573144596981,0.9233449022881576,0.9217369265424632,0.922215353361651
2009-08-06 23:00:00+00:00,0.9227573144596981,0.9282617377251686,0.9193485961750394,0.9243632711465521
2009-08-09 23:00:00+00:00,0.9357402601653689,0.9363121561637247,0.934215964483089,0.935456365537161
2009-08-10 23:00:00+00:00,0.9435247927576714,0.9438738724383092,0.9425541007971713,0.9436151114491431
2009-08-11 23:00:00+00:00,0.9283631857487569,0.9300165309371052,0.9277944357575749,0.9289041291595506
2009-08-12 23:00:00+00:00,0.9210492558432762,0.9236039251700852,0.921084900651185,0.9230848221432687
2009-08-13 23:00:00+00:00,0.9210492558432762,0.9322891346266124,0.9174893209594707,0.9252535493151042
2009-08-16 23:00:00+00:00,0.9405958338842384,0.9407514578005209,0.936776669869863,0.9367645666386136
2009-08-17 23:00:00+00:00,0.9331432563212808,0.9338795234089151,0.9307684234241052,0.9312845232914289
2009-08-18 23:00:00+00:00,0.9263717196337058,0.9263597520707678,0.9238798472944786,0.9248345797845131
2009-08-19 23:00:00+00:00,0.921905847590391,0.9222939367980055,0.9200211312412002,0.9217629144625222
2009-08-20 23:00:00+00:00,0.921905847590391,0.9286193585280981,0.9032903486682523,0.9040061395435715
2009-08-23 23:00:00+00:00,0.9103085403930592,0.9110698284434641,0.9088093936740889,0.9091706964042441
2009-08-24 23:00:00+00:00,0.910592431370556,0.9120376050332012,0.909971869574107,0.9117783598827726
2009-08-25 23:00:00+00:00,0.9196588418296195,0.9208974606008122,0.9188924595038794,0.9209181961106226
2009-08-26 23:00:00+00:00,0.9164366096022615,0.9174052543688234,0.9148087625132225,0.9155958009686608
2009-08-27 23:00:00+00:00,0.9164484492748765,0.9187191610608918,0.9077268489367613,0.9187191610608918
2009-08-30 23:00:00+00:00,0.917618192765992,0.9179676546090958,0.9169441223398479,0.9177838426382606
2009-08-31 23:00:00+00:00,0.9387152250997207,0.9400448709738027,0.9369709803272066,0.9395393508924
2009-09-01 23:00:00+00:00,0.9305251145415033,0.9320474745501776,0.9301335297816651,0.932107569735087
2009-09-02 23:00:00+00:00,0.9326779129558723,0.9331552545783023,0.9318873587888887,0.9327140059322097
2009-09-03 23:00:00+00:00,0.9326779129558723,0.9366396357017905,0.9196046457964772,0.9196387260190902
2009-09-06 23:00:00+00:00,0.9186838826825542,0.9190709514002646,0.9175591288705024,0.9190172421993429
2009-09-07 23:00:00+00:00,0.9077653179579842,0.9077419157951109,0.9065371227046566,0.9071225812358241
2009-09-08 23:00:00+00:00,0.9025948096915193,0.9046334929291808,0.9026297416601954,0.9046451814713017
2009-09-09 23:00:00+00:00,0.90258188910966,0.9027625311493694,0.9013923086587734,0.9023600237203402
2009-09-10 23:00:00+00:00,0.90258188910966,0.9053068814413977,0.897314447244816,0.9009509977634549
2009-09-13 23:00:00+00:00,0.8991186416149494,0.9002335425934365,0.8981896038215885,0.8989161214520854
2009-09-14 23:00:00+00:00,0.8941636503241788,0.8960746922213672,0.8941636503241788,0.8953392365449544
2009-09-15 23:00:00+00:00,0.8843582858498955,0.8865906181008729,0.8843925677763168,0.8857991128287381
2009-09-16 23:00:00+00:00,0.8864501925154918,0.8874695297118919,0.8855454256324362,0.8864630519030725
2009-09-17 23:00:00+00:00,0.8864501925154918,0.8939667339884964,0.8825912964081652,0.8859867500180449
2009-09-20 23:00:00+00:00,0.8888286824861366,0.8912415393580165,0.8883871263073336,0.8898738210659011
2009-09-21 23:00:00+00:00,0.8785662188933568,0.8785435157198567,0.8752096676273183,0.877377455997717
2009-09-22 23:00:00+00:00,0.886210876794538,0.8865205320902988,0.8845161314933531,0.8847657777309915
2009-09-23 23:00:00+00:00,0.8931456060107398,0.8959728458956834,0.8922281087740265,0.894540593148789
2009-09-24 23:00:00+00:00,0.8931456060107398,0.899707122570155,0.8879669852329075,0.8952577729627448
2009-09-27 23:00:00+00:00,0.8999574152555279,0.9007187229326755,0.8990657754827702,0.9003432727940389
2009-09-28 23:00:00+00:00,0.9037253129541858,0.9048866255783259,0.9026917708855766,0.9033240588332982
2009-09-29 23:00:00+00:00,0.8978296212603235,0.8978683229770862,0.8963198851328125,0.8972102092052372
2009-09-30 23:00:00+00:00,0.9060737807001951,0.9092610220867829,0.906085488456284,0.9087565912295952
2009-10-01 23:00:00+00:00,0.9080831692989091,0.9080831692989091,0.9080831692989091,0.9080831692989091
2009-10-04 23:00:00+00:00,0.9029794278101669,0.9033535806134088,0.9017135754239546,0.9026309937820862
2009-10-05 23:00:00+00:00,0.8931041418737,0.8951945808320395,0.8927428344750019,0.8942396882025443
2009-10-06 23:00:00+00:00,0.9030376570530907,0.9030376570530907,0.9005987692341773,0.9007922878079607
2009-10-07 23:00:00+00:00,0.8985793637716473,0.8994180542602167,0.8968965988486624,0.8986283109854182
2009-10-08 23:00:00+00:00,0.8985793637716473,0.907266915546687,0.8959905756159754,0.9008735933297806
2009-10-11 23:00:00+00:00,0.8989135154455229,0.899894164033381,0.898110882853275,0.8987173894998975
2009-10-12 23:00:00+00:00,0.8985108929688977,0.8992231907085854,0.8977353326344603,0.8982283060384257
2009-10-13 23:00:00+00:00,0.8894551604309218,0.8903727979529331,0.8890910577710964,0.8902566942956864
2009-10-14 23:00:00+00:00,0.8944434018165519,0.8950539859007024,0.8929078057824212,0.8936189470768272
2009-10-15 23:00:00+00:00,0.8944434018165519,0.9046721931481785,0.8927976967772493,0.8967470548618391
2009-10-18 23:00:00+00:00,0.8921234679431056,0.892811528508647,0.891373668238608,0.8923041216424547
2009-10-19 23:00:00+00:00,0.8961005343851832,0.897971507045466,0.8961005343851832,0.8970811829730413
2009-10-20 23:00:00+00:00,0.8835840669277587,0.8840386790613974,0.8826831462673683,0.8839453649894917
2009-10-21 23:00:00+00:00,0.8757386936380099,0.8757386936380099,0.8741644751588816,0.8749773957977811
2009-10-22 23:00:00+00:00,0.8757386936380099,0.8812773919874622,0.8729271558665073,0.8739821978416715
2009-10-26 00:00:00+00:00,0.8758661774558787,0.8872644978184854,0.8714044226459092,0.8860228288444572
2009-10-27 00:00:00+00:00,0.8860973503160118,0.9018322729295299,0.8821282279701343,0.8983934719179241
2009-10-28 00:00:00+00:00,0.898343160685374,0.9127613190681704,0.8957168959206983,0.9110815443941609
2009-10-29 00:00:00+00:00,0.9102557026733534,0.9137817570982293,0.8968138102660623,0.8989238245003458
2009-10-30 00:00:00+00:00,0.8994825973108006,0.9157935727027154,0.8976268043382576,0.9127769722567312
2009-11-02 00:00:00+00:00,0.9150794707068121,0.9152516395814957,0.9009729461649173,0.9091038642362523
2009-11-03 00:00:00+00:00,0.9096762769156519,0.9266848038821797,0.9069710329974617,0.9201517274571431
2009-11-04 00:00:00+00:00,0.9204387049521169,0.9215514487075045,0.9044417506345666,0.9065758254215812
2009-11-05 00:00:00+00:00,0.9074391951847537,0.9147086044315788,0.8995354145274171,0.8999935945868168
2009-11-06 00:00:00+00:00,0.9000064546382606,0.9088516235351562,0.8959104835191789,0.9003832627002494
2009-11-09 00:00:00+00:00,0.9000464494133646,0.9006064630323841,0.8812119789741469,0.882586007439509
2009-11-10 00:00:00+00:00,0.8821070080797851,0.8869275895883999,0.879910222290593,0.8809828163131189
2009-11-11 00:00:00+00:00,0.8799390462641686,0.8835984848811135,0.8755581176125701,0.8795261656186719
2009-11-12 00:00:00+00:00,0.8793743991926207,0.8909261948416702,0.8768501660908984,0.8879784046808729
2009-11-13 00:00:00+00:00,0.8876960011823863,0.8911354926324659,0.8795989130788606,0.8812097873626774
2009-11-16 00:00:00+00:00,0.8774760136966316,0.8821161331668976,0.873172370926884,0.8760855310377935
2009-11-17 00:00:00+00:00,0.8760968513032387,0.8913318592164432,0.8757661739946383,0.8866665571437001
2009-11-18 00:00:00+00:00,0.8857360429173136,0.8876644872849987,0.878579409159081,0.8811680763008374
2009-11-19 00:00:00+00:00,0.8810245879876413,0.894516114265688,0.880437690114744,0.8890767646005733
2009-11-20 00:00:00+00:00,0.8890523550541718,0.9034850993082074,0.8872787016383356,0.893405090766972
2009-11-23 00:00:00+00:00,0.8952876137462837,0.8953188534029329,0.8833557418660103,0.8895182767681052
2009-11-24 00:00:00+00:00,0.8896200974533182,0.8978696363279053,0.8865918302885557,0.8909634876887264
2009-11-25 00:00:00+00:00,0.8915041014112094,0.8918193694083921,0.8817023475603809,0.8839667093263492
2009-11-27 00:00:00+00:00,0.9017536020744346,0.9145054861623271,0.8966473963541266,0.8970438667550867
2009-11-30 00:00:00+00:00,0.8990928606469768,0.9053468036055888,0.8923875092063333,0.8974915163213788
2009-12-01 00:00:00+00:00,0.8983818634022986,0.9026451726113597,0.8884286088757564,0.8892974927715447
2009-12-02 00:00:00+00:00,0.8898652967012425,0.8922438080818236,0.8808522421352204,0.8846536111598734
2009-12-03 00:00:00+00:00,0.8853474727445362,0.887998548919633,0.8748483692926227,0.8864472035617853
2009-12-04 00:00:00+00:00,0.8865619059802097,0.9030709420481036,0.8849012705873318,0.900397409409218
2009-12-08 00:00:00+00:00,0.9083319227636656,0.9235523063668871,0.9057063918160142,0.922170759299026
2009-12-09 00:00:00+00:00,0.9215633555353245,0.9227791450670813,0.9133127565521654,0.913909665999874
2009-12-10 00:00:00+00:00,0.9143086097968353,0.9191783664672935,0.9090921173271941,0.9154193632064327
2009-12-11 00:00:00+00:00,0.9153172144357601,0.9223941018786549,0.9106511515431953,0.9182256804493316
2009-12-14 00:00:00+00:00,0.9186214999285993,0.9218731410794513,0.9131893880072824,0.9164516259013519
2009-12-15 00:00:00+00:00,0.9161560033204447,0.9306644614014422,0.9156614209389649,0.9279615346766059
2009-12-16 00:00:00+00:00,0.9271847983392474,0.9289795434942576,0.9198668637633777,0.9267666630852476
2009-12-17 00:00:00+00:00,0.9268302328237423,0.9422987803007703,0.9259961602315105,0.9387063137256566
2009-12-18 00:00:00+00:00,0.9391712616493493,0.942727847604867,0.9334536857106001,0.9361367546291877
2009-12-21 00:00:00+00:00,0.9333994959973821,0.9419476837700724,0.9309419823224169,0.9399968947107085
2009-12-22 00:00:00+00:00,0.9394560648744972,0.947992683734551,0.9358092769519036,0.94270495293642
2009-12-23 00:00:00+00:00,0.9426927798651953,0.9488337254251406,0.9358496215738228,0.9374072908057142
2009-12-28 00:00:00+00:00,0.9375838565061027,0.9387482011407575,0.9264031120106776,0.9306205891916787
2009-12-29 00:00:00+00:00,0.9298616397022917,0.931635923363779,0.9210184046959393,0.928352182849272
2009-12-30 00:00:00+00:00,0.9286911714846587,0.9322003613785262,0.9221006910128964,0.9228041342653579
2010-01-04 00:00:00+00:00,0.9209837379345579,0.9242855909204198,0.9047601067698074,0.907990233190748
2010-01-05 00:00:00+00:00,0.908570440289699,0.9179321876947122,0.903687934156998,0.9151709914592806
2010-01-06 00:00:00+00:00,0.9150420617151087,0.9252101424105592,0.9090334733123339,0.9121872478102482
2010-01-07 00:00:00+00:00,0.9124569440444614,0.9204445684487212,0.9097041351267012,0.9183128601972241
2010-01-08 00:00:00+00:00,0.9178120876501368,0.9238048486599637,0.9113781954509012,0.9119251466665141
2010-01-11 00:00:00+00:00,0.9092444514623318,0.9099606860651155,0.9031559367694613,0.9076185479746226
2010-01-12 00:00:00+00:00,0.9075939156884462,0.9131679475557823,0.9055829962867842,0.9105669574542857
2010-01-13 00:00:00+00:00,0.9098881177721642,0.9123641535699502,0.9008782447600551,0.9047772991200078
2010-01-14 00:00:00+00:00,0.9051886366991463,0.9084651150440258,0.901134718700514,0.9031804860632082
2010-01-15 00:00:00+00:00,0.9034125512794969,0.9132799202318037,0.9025101095907236,0.9102998311041751
2010-01-18 00:00:00+00:00,0.9098664965368225,0.9118427396792463,0.9018119578117479,0.9014634611991927
2010-01-19 00:00:00+00:00,0.9017713587116569,0.9161944140090537,0.9016015358465569,0.9091599770791888
2010-01-20 00:00:00+00:00,0.9095734127898156,0.9274505922485188,0.9086844673744883,0.9262697097809723
2010-01-21 00:00:00+00:00,0.9267626888781028,0.9328461332118002,0.9220074038249862,0.9312425593909485
2010-01-22 00:00:00+00:00,0.931528329628602,0.9346651871698428,0.9239294042147221,0.9309297839832832
2010-01-25 00:00:00+00:00,0.9275623125515929,0.932029616479983,0.9240693500480626,0.9316666397589677
2010-01-26 00:00:00+00:00,0.9316280277223374,0.9403276561312343,0.9288924565388131,0.936295023896442
2010-01-27 00:00:00+00:00,0.9353199749585668,0.9417346889533638,0.9334671212330978,0.937985473993223
2010-01-28 00:00:00+00:00,0.9372660833730662,0.9466542996567389,0.9343171099447328,0.9466996218171183
2010-01-29 00:00:00+00:00,0.9465864680079519,0.9506985873409632,0.9417902169546742,0.9502543418068894
2010-02-01 00:00:00+00:00,0.9501571191480784,0.9517422046022792,0.9328689000532016,0.9335701803787122
2010-02-02 00:00:00+00:00,0.9337616604841253,0.9369859318885418,0.9287885084556681,0.9295665928363785
2010-02-03 00:00:00+00:00,0.9291296701342755,0.9373945982234061,0.9244927904754183,0.935402056947735
2010-02-04 00:00:00+00:00,0.9352940356581275,0.9576620178910272,0.9343086518270796,0.9557506085663757
2010-02-05 00:00:00+00:00,0.955431129218513,0.9674713063863515,0.9544734715261489,0.9568546805177002
2010-02-08 00:00:00+00:00,0.9598116386093479,0.961925978664456,0.9507921937442522,0.9577649231134765
2010-02-09 00:00:00+00:00,0.9579714566541394,0.9584486344813807,0.9384654793658974,0.9427725444420944
2010-02-10 00:00:00+00:00,0.9424900926681079,0.9464324402165,0.9334483245275935,0.9380638900296029
2010-02-11 00:00:00+00:00,0.93915957839726,0.9408305627413747,0.9297383211692722,0.9302927117963063
2010-02-12 00:00:00+00:00,0.9304414951069719,0.9446417425908986,0.9279720368575373,0.9306390483460542
2010-02-15 00:00:00+00:00,0.9328914357846795,0.9372258154048781,0.9307331175796302,0.9314049519843499
2010-02-16 00:00:00+00:00,0.9314178366562289,0.9327431785479294,0.922218690363441,0.9243038850576166
2010-02-17 00:00:00+00:00,0.9236086505573217,0.929663544376945,0.9191357582006217,0.9279679384129148
2010-02-18 00:00:00+00:00,0.9274332050056159,0.9392266180249629,0.9243647329775851,0.9381385364947988
2010-02-19 00:00:00+00:00,0.9386588500343304,0.9418239380753786,0.9277656478890667,0.9285705206844247
2010-02-22 00:00:00+00:00,0.927444504012624,0.9325713442227925,0.9251243648605988,0.9268933500770711
2010-02-23 00:00:00+00:00,0.9261935610213478,0.936840651103954,0.918105417472305,0.934493824657753
2010-02-24 00:00:00+00:00,0.9341166481238182,0.9357982682671208,0.9235046334264012,0.9276333518307942
2010-02-25 00:00:00+00:00,0.9280710110684737,0.9372126452749503,0.9242989744853569,0.925877034985583
2010-02-26 00:00:00+00:00,0.9254481855031389,0.9262281102304416,0.9136960759459295,0.9169425758359103
2010-03-01 00:00:00+00:00,0.9145677330681613,0.9330843627192553,0.9137912921159862,0.9239418398465189
2010-03-02 00:00:00+00:00,0.9242789777728945,0.9332622511065326,0.9217795768170177,0.9233118124112065
2010-03-03 00:00:00+00:00,0.9242016462113661,0.9295045667722563,0.916252212653614,0.9201316860960851
2010-03-04 00:00:00+00:00,0.9192633365407012,0.9249655459960723,0.9162903353725084,0.9213180899903999
2010-03-05 00:00:00+00:00,0.9218325012971803,0.9235501801117492,0.9147093850301629,0.9159022891733752
2010-03-08 00:00:00+00:00,0.9147114771188348,0.9171711806083848,0.910328523551135,0.9161635309958533
2010-03-09 00:00:00+00:00,0.9163807036846602,0.925155881982864,0.9157170688246338,0.9195596625984228
2010-03-10 00:00:00+00:00,0.9198661309610868,0.9233991078621567,0.9153486036945183,0.9181157237539321
2010-03-11 00:00:00+00:00,0.9181006364097996,0.921663073695735,0.9141859062890101,0.916618950215122
2010-03-12 00:00:00+00:00,0.9160588786381549,0.9177113812388792,0.9059602954357948,0.9079739605653537
2010-03-15 00:00:00+00:00,0.9077068824837835,0.9203258330930434,0.9075251157575109,0.916421192021884
2010-03-16 00:00:00+00:00,0.9158975876897539,0.9177951544727315,0.9089502489675243,0.9105787316828574
2010-03-17 00:00:00+00:00,0.9106560343720448,0.9134887659452023,0.9067723289545268,0.9114547022833686
2010-03-18 00:00:00+00:00,0.9107846972446604,0.9206607010825842,0.9108083992952861,0.917967088325567
2010-03-19 00:00:00+00:00,0.9179155353743264,0.9269367654336432,0.9151854204524117,0.9233386615016068
2010-03-22 00:00:00+00:00,0.9260640602059523,0.9334781833531915,0.9244010735422932,0.9256161907466596
2010-03-23 00:00:00+00:00,0.9261803129928973,0.9313129663802324,0.9220825041959956,0.9276208136143493
2010-03-24 00:00:00+00:00,0.928509749793032,0.9384018578288168,0.9268327212418866,0.9380484028207053
2010-03-25 00:00:00+00:00,0.9374299381037611,0.939614529692633,0.9275635089521799,0.9369386495080283
2010-03-26 00:00:00+00:00,0.9360891404456358,0.9373913563749244,0.9306116432711106,0.9350159394181701
2010-03-28 23:00:00+00:00,0.9307164638313691,0.9389798736326187,0.9300162295915252,0.9330183580852638
2010-03-29 23:00:00+00:00,0.9328074833055156,0.9384373035209899,0.9273826132637221,0.9363850854909306
2010-03-30 23:00:00+00:00,0.9357032623424915,0.9377583489640495,0.9255036864152643,0.9294031293336165
2010-03-31 23:00:00+00:00,0.9292964265774338,0.9306546472393353,0.9199835022722764,0.9210512694197489
2010-04-01 23:00:00+00:00,0.9213345791429153,0.9268328046744523,0.9204578968015983,0.9237482909810947
2010-04-04 23:00:00+00:00,0.9240059798661794,0.9269758893755983,0.9203824276584888,0.9234226658091969
2010-04-05 23:00:00+00:00,0.9229552851990921,0.9317058342498438,0.922486457234043,0.926826427061895
2010-04-06 23:00:00+00:00,0.9269010347520165,0.9356556468534367,0.9261803620553701,0.9337680162613476
2010-04-07 23:00:00+00:00,0.9347529665227348,0.9413245371340443,0.9307140122770341,0.9317269883363521
2010-04-08 23:00:00+00:00,0.9313820103538726,0.9349322171163742,0.9258055945867827,0.9257936408146135
2010-04-11 23:00:00+00:00,0.9184448544970389,0.9271442196506567,0.9148851164575464,0.924754784430544
2010-04-12 23:00:00+00:00,0.9243933396272193,0.9290468503770581,0.9199196067230525,0.9211845623211453
2010-04-13 23:00:00+00:00,0.9207969039197517,0.9231539851320751,0.9162949885142246,0.9163047360694739
2010-04-14 23:00:00+00:00,0.9168449383350541,0.9252435548464724,0.9160652688513858,0.9200356166892087
2010-04-15 23:00:00+00:00,0.9199721878786836,0.9271856096438292,0.9183462779375068,0.9271972836497461
2010-04-18 23:00:00+00:00,0.925335052898627,0.933071529165226,0.9233802719281871,0.9238524422854244
2010-04-19 23:00:00+00:00,0.9240095897052626,0.926441637240652,0.9176276707237546,0.9208609514164359
2010-04-20 23:00:00+00:00,0.9209455220764916,0.926465478732849,0.9189878725916246,0.9252947114780373
2010-04-21 23:00:00+00:00,0.9250974236758037,0.934052980363502,0.9230759351298444,0.9336254100473931
2010-04-22 23:00:00+00:00,0.9338490735244043,0.9375241359269064,0.9208222212091277,0.9230918312525316
2010-04-25 23:00:00+00:00,0.9239133205840115,0.9277472447326018,0.9184425031990247,0.9198429900751237
2010-04-26 23:00:00+00:00,0.9189993526405221,0.9401522597120714,0.918581887400114,0.9383026017189035
2010-04-27 23:00:00+00:00,0.9384974080089777,0.9461995569438826,0.9335479975726665,0.9372674828781765
2010-04-28 23:00:00+00:00,0.9366121099446878,0.9398300635387958,0.931010475860561,0.9318093990040152
2010-04-29 23:00:00+00:00,0.9312307736237837,0.9355599214145384,0.9268138765605829,0.9331100702403502
2010-05-02 23:00:00+00:00,0.931011638994285,0.9398173861116563,0.9302197051123223,0.9364380506048783
2010-05-03 23:00:00+00:00,0.9357448003571549,0.9565844519461828,0.9344361343280244,0.9556162082746763
2010-05-04 23:00:00+00:00,0.9563117403730067,0.9783325592111394,0.951840602574557,0.9765133398482638
2010-05-05 23:00:00+00:00,0.9766379604363004,1.0084896175887663,0.9725201989726912,1.000032145152787
2010-05-06 23:00:00+00:00,1.001003512539275,1.0027369503926975,0.980135108257525,0.9823573988953637
2010-05-09 23:00:00+00:00,0.9714623457590382,0.9768858430055213,0.949525483795465,0.9673127690284218
2010-05-10 23:00:00+00:00,0.9677373841394937,0.9816698951168333,0.9651971590238219,0.9807082121220275
2010-05-11 23:00:00+00:00,0.9807850628445822,0.9820531583819034,0.965614323969278,0.9695813026207414
2010-05-12 23:00:00+00:00,0.9698258862620648,0.9817796427137044,0.9660429103198132,0.9792962637971134
2010-05-13 23:00:00+00:00,0.97954066928295,0.997547484726884,0.9757871397982834,0.9940144545590793
2010-05-16 23:00:00+00:00,0.9940329582990688,1.0034988185101261,0.9894012020690245,0.9888831946415216
2010-05-17 23:00:00+00:00,0.9889654722932664,1.0088826405594502,0.9825502730749011,1.0075153190679276
2010-05-18 23:00:00+00:00,1.0072459996992478,1.014878871567275,0.9965628047083044,1.0012694054814448
2010-05-19 23:00:00+00:00,1.0020771711831413,1.0244814970948053,0.9966534578062384,1.0207123251838537
2010-05-20 23:00:00+00:00,1.0209367875743929,1.0203992467015708,0.9954107295575656,0.997795494413747
2010-05-23 23:00:00+00:00,1.0069856700708884,1.0159607289356765,0.9997948857403527,1.0115626132534077
2010-05-24 23:00:00+00:00,1.010955395074996,1.0354351180332384,1.0109106986569059,1.0154207422332424
2010-05-25 23:00:00+00:00,1.0154259558155032,1.0309143543070916,1.0110555230329739,1.0315373024949088
2010-05-26 23:00:00+00:00,1.0317170085362568,1.0306725264439012,1.0061840288212416,1.0115853358285467
2010-05-27 23:00:00+00:00,1.0120495942489196,1.0142737761970462,0.9967751368306171,1.0071900255407809
2010-05-30 23:00:00+00:00,1.007500127507372,1.006794241744902,1.0000834874656097,1.0044509674380138
2010-05-31 23:00:00+00:00,1.0039297363892927,1.020632310929933,0.9966350524707056,1.0052245074043746
2010-06-01 23:00:00+00:00,1.0052190712342324,1.0085822856202566,0.9982157550603237,1.000218179592711
2010-06-02 23:00:00+00:00,1.0002566746737251,1.0101892925719205,0.9901894312555725,1.0074660951540795
2010-06-03 23:00:00+00:00,1.007451885061737,1.031650498943152,0.9992630880839622,1.027905689988114
2010-06-06 23:00:00+00:00,1.0337242684873524,1.0416800416333643,1.030205399902331,1.040601866207654
2010-06-07 23:00:00+00:00,1.0402178618773983,1.0419332035173945,1.0298690881625776,1.0310645370617124
2010-06-08 23:00:00+00:00,1.0305647902655337,1.037580482998188,1.0172451403793934,1.0297510097659504
2010-06-09 23:00:00+00:00,1.029263799230007,1.031477926289139,1.0107962783232438,1.0138359464219924
2010-06-10 23:00:00+00:00,1.0134075066687762,1.0222980584535388,1.0094629060023514,1.015249888689848
2010-06-13 23:00:00+00:00,1.0130671924473844,1.0126447887196064,0.9997111116770386,1.0124503770250537
2010-06-14 23:00:00+00:00,1.0115207563648292,1.016672079566942,0.9925159476228964,0.9957509462983419
2010-06-15 23:00:00+00:00,0.9957123891844352,1.0059415109436294,0.9930166024713581,0.9992055049899513
2010-06-16 23:00:00+00:00,0.9986266972742633,1.0080567415293729,0.9911211172541532,0.9918959363016796
2010-06-17 23:00:00+00:00,0.9920438545178766,0.9940070445423655,0.9884020515110735,0.9917758764885153
2010-06-20 23:00:00+00:00,0.9896330541235532,0.9970873151778841,0.9807372847930315,0.9965376784702374
2010-06-21 23:00:00+00:00,0.9966538368235175,1.0022722757235425,0.993049311308191,1.0009386282783703
2010-06-22 23:00:00+00:00,1.0009001555221015,1.0065804581340765,0.9930426907842267,0.9964244309908805
2010-06-23 23:00:00+00:00,0.9963485890609468,1.004293391564188,0.9911817665574784,1.0005438745720152
2010-06-24 23:00:00+00:00,1.0002648584356186,1.0041198986495372,0.9890178998966341,0.9903558938636342
2010-06-27 23:00:00+00:00,0.9922602930947535,0.9971870558265422,0.9900662913471785,0.9949753692045692
2010-06-28 23:00:00+00:00,0.9951333817631878,1.0061525676806025,0.9936893615333952,1.0017982299072459
2010-06-29 23:00:00+00:00,1.0021708215177032,1.0030854359951573,0.9933183976432939,0.9996018856488471
2010-06-30 23:00:00+00:00,0.9993708054333363,1.006246694492412,0.9989467725063526,0.9857869025347195
2010-07-01 23:00:00+00:00,0.9863004976527926,0.9876226006311999,0.9713515619532254,0.9766880633546215
2010-07-04 23:00:00+00:00,0.9776471721981642,0.9876077512709878,0.9784250595357543,0.9867026021501678
2010-07-05 23:00:00+00:00,0.98589434292016,0.9910671751950433,0.9719371521256982,0.9753867900339348
2010-07-06 23:00:00+00:00,0.9754377808154415,0.9842423361991494,0.969747166772257,0.9716659230752656
2010-07-07 23:00:00+00:00,0.9717304426854503,0.9730177482486091,0.9639553913965831,0.9645091323096177
2010-07-08 23:00:00+00:00,0.9651256745306322,0.9662142021579372,0.961869918644254,0.9639075660446544
2010-07-11 23:00:00+00:00,0.962650530416462,0.9707668965520624,0.9627158162082314,0.9643776184038622
2010-07-12 23:00:00+00:00,0.9650974606772877,0.9663250804099035,0.9508378187807642,0.9517253459235062
2010-07-13 23:00:00+00:00,0.9510312279482056,0.9547407004732557,0.9452174623957285,0.9475750077354134
2010-07-14 23:00:00+00:00,0.9472760446499877,0.9519612749021483,0.9346485566337852,0.9363606075486898
2010-07-15 23:00:00+00:00,0.9371338411828345,0.9457026122497788,0.9362447011016454,0.9425914202676743
2010-07-18 23:00:00+00:00,0.950118310738913,0.9516014980231776,0.942509082167275,0.9477522750428905
2010-07-19 23:00:00+00:00,0.9475227656506737,0.9543578225681578,0.938184282893489,0.9455385153812076
2010-07-20 23:00:00+00:00,0.9459880190231911,0.9536230926344621,0.9426877096959055,0.9517941864137044
2010-07-21 23:00:00+00:00,0.951243058837411,0.9535809965057946,0.9382469847008331,0.9381986961924187
2010-07-22 23:00:00+00:00,0.9389576925039899,0.948767730127252,0.9356696016948642,0.939198797183933
2010-07-25 23:00:00+00:00,0.9420283983180189,0.9459214457379961,0.9366242228705218,0.9380118431960935
2010-07-26 23:00:00+00:00,0.9377534688261704,0.9424426889965917,0.932758070412717,0.9399252727984881
2010-07-27 23:00:00+00:00,0.9377534688261704,0.9428439314334652,0.9360214362101114,0.93956327786564
2010-07-28 23:00:00+00:00,0.9393740359031553,0.9412582831419136,0.9272429377226443,0.9287985903689537
2010-07-29 23:00:00+00:00,0.9291231648185415,0.936460038970559,0.9262827004183133,0.9281492521624404
2010-08-01 23:00:00+00:00,0.9279570172399884,0.9286698448853293,0.9119272313647049,0.9135989854727365
2010-08-02 23:00:00+00:00,0.9134057644119359,0.9157149109954111,0.9089514873692173,0.9124002912772468
2010-08-03 23:00:00+00:00,0.9119795632270803,0.9220870773496581,0.9110988096798377,0.9121167807682791
2010-08-04 23:00:00+00:00,0.9194337578812358,0.9226599306772572,0.9134910541276098,0.9192879074604003
2010-08-05 23:00:00+00:00,0.9179054471781074,0.9182057151433723,0.9065245849991976,0.9181480551447526
2010-08-08 23:00:00+00:00,0.911779844538951,0.9149533543835872,0.9090534174844878,0.9116767665300913
2010-08-09 23:00:00+00:00,0.9153406872630351,0.9283127307974892,0.9149991711827683,0.9153944087573053
2010-08-10 23:00:00+00:00,0.9234058740465637,0.9493838441093793,0.9230630586466958,0.9229728816724033
2010-08-11 23:00:00+00:00,0.9515715653000621,0.9540659516027559,0.9421472875866701,0.9513520476675074
2010-08-12 23:00:00+00:00,0.9511391368959025,0.9595089965657981,0.9442699400015605,0.9510986429349849
2010-08-15 23:00:00+00:00,0.9572921068460315,0.9615379330861403,0.944984971584356,0.9568148589209509
2010-08-16 23:00:00+00:00,0.9493773671782285,0.9505351689179614,0.9383126218150086,0.948707752942513
2010-08-17 23:00:00+00:00,0.9417222206644121,0.9476420352242853,0.9395643918294543,0.9422240673239044
2010-08-18 23:00:00+00:00,0.9443586269049106,0.9522988573100685,0.943425389269706,0.9442499003341224
2010-08-19 23:00:00+00:00,0.9501164799364913,0.9601347766198571,0.9486106880966103,0.9501550805424042
2010-08-22 23:00:00+00:00,0.9537420473978766,0.9548593303724054,0.9483257641051925,0.9535257655649378
2010-08-23 23:00:00+00:00,0.9536457414336712,0.9627991353444452,0.9516047853876999,0.9546214736308059
2010-08-24 23:00:00+00:00,0.9612139945328069,0.965284922409428,0.9551276704879544,0.9614716736866789
2010-08-25 23:00:00+00:00,0.9562796363855318,0.9574826528870658,0.9479255002208976,0.9566396847075485
2010-08-26 23:00:00+00:00,0.9532339057034741,0.9544192572677273,0.9431863328142247,0.9538125237169314
2010-08-29 23:00:00+00:00,0.9431352332763072,0.9521202150109652,0.943074066848737,0.943765204429808
2010-08-30 23:00:00+00:00,0.951638381770819,0.9570760148125188,0.9453844271283931,0.9514816587349106
2010-08-31 23:00:00+00:00,0.948546231378739,0.9502435486260323,0.9333538816356448,0.9479678216127158
2010-09-01 23:00:00+00:00,0.9368110903472415,0.9414087383496561,0.9324316105747766,0.9376856382853782
2010-09-02 23:00:00+00:00,0.9314440796538922,0.9343152901161689,0.9293592095977417,0.9317915989076739
2010-09-05 23:00:00+00:00,0.9287258709101169,0.9306946020406304,0.9262459712172121,0.9291375827434942
2010-09-06 23:00:00+00:00,0.9305056545552651,0.9429225616572454,0.9298223520585968,0.9298231955267527
2010-09-07 23:00:00+00:00,0.9445145314554433,0.9439313389841414,0.9326750722133634,0.9445009893934031
2010-09-08 23:00:00+00:00,0.9346049359031245,0.9395949402752509,0.9307038303502952,0.9350296871741564
2010-09-09 23:00:00+00:00,0.9372803998963534,0.9394465902798494,0.9296917247587709,0.9364824287389417
2010-09-12 23:00:00+00:00,0.9279313888818292,0.9285658907852633,0.9178556279383241,0.9283433635128845
2010-09-13 23:00:00+00:00,0.9191816632449584,0.9258615483521743,0.9072588337866,0.9185764997396884
2010-09-14 23:00:00+00:00,0.9104640872660609,0.9159178062715316,0.9080806197734737,0.9102064984350634
2010-09-15 23:00:00+00:00,0.911430695670966,0.9151828673817126,0.9036839402378335,0.9114178642645947
2010-09-16 23:00:00+00:00,0.9074765480566811,0.9124035617855394,0.9016488197220782,0.906691009578743
2010-09-19 23:00:00+00:00,0.9123782569088178,0.9138206444596665,0.8982415658024238,0.9122881115248233
2010-09-20 23:00:00+00:00,0.9011811388507768,0.9018779109449904,0.8940180181619191,0.9011811388507768
2010-09-21 23:00:00+00:00,0.8851164002084815,0.8872842153948388,0.8758523839952558,0.8843819349565093
2010-09-22 23:00:00+00:00,0.8832634922757728,0.8917212317952966,0.8814922600402244,0.8839466198063102
2010-09-23 23:00:00+00:00,0.8903636459381188,0.8926082100799023,0.87727914938401,0.8901574929187513
2010-09-26 23:00:00+00:00,0.8772805372614992,0.88243712072565,0.874663186374479,0.8775383867780867
2010-09-27 23:00:00+00:00,0.8836411404508167,0.8921695009433318,0.8711955756397102,0.8833704498283167
2010-09-28 23:00:00+00:00,0.8718969570579838,0.8729023062186113,0.8639369977670716,0.8714775294777676
2010-09-29 23:00:00+00:00,0.8658967278985257,0.8744303141889418,0.860590115873821,0.8652316911680922
2010-09-30 23:00:00+00:00,0.8687045418191452,0.8696094632880303,0.8599827704467549,0.869039635505576
2010-10-03 23:00:00+00:00,0.8649282433251803,0.8736180011278539,0.8641262397708094,0.8643611229683745
2010-10-04 23:00:00+00:00,0.8728939097703089,0.8763129599461947,0.8601139943061872,0.8736287158835958
2010-10-05 23:00:00+00:00,0.8630538015153334,0.8693595059739893,0.8563156711831275,0.8637225135390276
2010-10-06 23:00:00+00:00,0.8654932476047157,0.8664612451292157,0.8531570371599609,0.8655835115554459
2010-10-07 23:00:00+00:00,0.8579790807437255,0.8670344396597925,0.8559915585844556,0.8574320465853845
2010-10-10 23:00:00+00:00,0.85338435938218,0.8598492052806236,0.851899381458915,0.8536255328267109
2010-10-11 23:00:00+00:00,0.8586564161591647,0.8661297719660916,0.8586638590306096,0.8591745918268007
2010-10-12 23:00:00+00:00,0.8573324850328474,0.857632506495692,0.8509815816493204,0.8576289026267898
2010-10-13 23:00:00+00:00,0.8543535111553912,0.8541993878031785,0.840195438329875,0.8537478163707451
2010-10-14 23:00:00+00:00,0.8453566004039703,0.8525988673066367,0.8409158612827939,0.8448795911145217
2010-10-17 23:00:00+00:00,0.853763563931359,0.8657353123368406,0.8530394166338438,0.854343651374147
2010-10-18 23:00:00+00:00,0.8592829682757935,0.875261317147192,0.854763207497292,0.8589735070045889
2010-10-19 23:00:00+00:00,0.8760148413246582,0.8786149688995337,0.8570029326381805,0.8752802719516661
2010-10-20 23:00:00+00:00,0.8547433119344718,0.8605877049643923,0.8495240228207614,0.8551866750702272
2010-10-21 23:00:00+00:00,0.8594558820909979,0.8618096910041646,0.8517988592541426,0.859776104643378
2010-10-24 23:00:00+00:00,0.8510024565604615,0.8512573274919185,0.8422050041438711,0.8508607177403182
2010-10-25 23:00:00+00:00,0.8494089858490349,0.8675704589320965,0.8440098410329667,0.8500277352401656
2010-10-26 23:00:00+00:00,0.8664922321837029,0.8751900638339187,0.8638830378485388,0.8670464353148215
2010-10-27 23:00:00+00:00,0.8732517589973285,0.873741739455416,0.8634405907478491,0.873393558104074
2010-10-28 23:00:00+00:00,0.8732517589973285,0.8756492847811279,0.8629262163183345,0.873393558104074
2010-11-01 00:00:00+00:00,0.8584327843519421,0.8653441642999886,0.8524911379671976,0.8548615633992093
2010-11-02 00:00:00+00:00,0.8620116142058242,0.8639406609759487,0.8532371907150564,0.8617019693022201
2010-11-03 00:00:00+00:00,0.8557919601389153,0.8623952159975601,0.8547410883660728,0.8552629749624346
2010-11-04 00:00:00+00:00,0.8489665369893024,0.8504536020029149,0.8363075640640538,0.848424645811239
2010-11-05 00:00:00+00:00,0.8391520532703163,0.8553334572835264,0.8386451352027154,0.8384553891986062
2010-11-08 00:00:00+00:00,0.8496174825736251,0.8645915578275697,0.8491710059636481,0.8492304587902108
2010-11-09 00:00:00+00:00,0.8674028741015279,0.8716298132530317,0.8575797285480341,0.8671930611892107
2010-11-10 00:00:00+00:00,0.8714875553867188,0.8774204251802649,0.8662021608619233,0.8721326482118607
2010-11-11 00:00:00+00:00,0.8687927919836287,0.8815971187139034,0.8653785669653438,0.8680428359845648
2010-11-12 00:00:00+00:00,0.8833630128795369,0.8897603340037504,0.8735598049906007,0.8838274606628107
2010-11-15 00:00:00+00:00,0.8841469427628712,0.8910945683952172,0.878949748729188,0.884353396661857
2010-11-16 00:00:00+00:00,0.8885492218450141,0.8965633227393432,0.8826549387016815,0.8881865413603114
2010-11-17 00:00:00+00:00,0.8965895090781362,0.9022186011670403,0.8916715902902371,0.8955064114632257
2010-11-18 00:00:00+00:00,0.8918431113928196,0.8923400187921514,0.8822759076803984,0.8911969797423679
2010-11-19 00:00:00+00:00,0.8835964316304932,0.8892471258911103,0.8786776685665363,0.8844204184538091
2010-11-22 00:00:00+00:00,0.879336607322462,0.8910462255723537,0.8764332035909675,0.880485934936656
2010-11-23 00:00:00+00:00,0.8880193169530991,0.900726870334078,0.8872226071644675,0.8890607815515739
2010-11-24 00:00:00+00:00,0.898116757888505,0.9054553738494652,0.8912180217491786,0.8979104822915227
2010-11-25 00:00:00+00:00,0.8930178077475238,0.8995953496395055,0.8926730357235716,0.8929560977936241
2010-11-26 00:00:00+00:00,0.8958784485609894,0.9086085246402611,0.8955583783799731,0.8965756931723544
2010-11-29 00:00:00+00:00,0.902459161346687,0.9091471459588552,0.8932244108033031,0.9021732280020801
2010-11-30 00:00:00+00:00,0.9002781222529487,0.9101077288765276,0.8968480088840735,0.901552987404121
2010-12-01 00:00:00+00:00,0.9035252600662077,0.9057181910903969,0.8969039053287288,0.904486010928378
2010-12-02 00:00:00+00:00,0.8975101532624205,0.9000102830627772,0.889929156059624,0.8978821984148441
2010-12-03 00:00:00+00:00,0.8891650305991743,0.8902535697331346,0.8781245207790216,0.8886756992204651
2010-12-06 00:00:00+00:00,0.8742576123530552,0.8868087495888726,0.8742801167135055,0.8749871165760988
2010-12-07 00:00:00+00:00,0.8827546400467653,0.8833537007801288,0.8737229024064257,0.8828948083030388
2010-12-08 00:00:00+00:00,0.8879858313494291,0.8941759643624436,0.8853124242437457,0.8881847699658341
2010-12-09 00:00:00+00:00,0.8861207668194526,0.8908383477111816,0.8800051324302057,0.8854180013013859
2010-12-10 00:00:00+00:00,0.8868815144811789,0.8894647003578517,0.8823029442612983,0.8869072844874318
2010-12-13 00:00:00+00:00,0.8901920120843387,0.8914342912782574,0.8794001721532491,0.8902809042069727
2010-12-14 00:00:00+00:00,0.8781901976817021,0.8796091602761414,0.8705514315329594,0.8773190397242082
2010-12-15 00:00:00+00:00,0.8757878115981547,0.8797582381651974,0.8724768407166333,0.8757670322379283
2010-12-16 00:00:00+00:00,0.8793724023382191,0.8828323486427035,0.8765902520500392,0.8793300736860813
2010-12-17 00:00:00+00:00,0.8746913528009952,0.8805050747038683,0.868323192931592,0.8748938724912286
2010-12-20 00:00:00+00:00,0.8797289448731451,0.8823000308631476,0.8764080949489931,0.8791631736460856
2010-12-21 00:00:00+00:00,0.8812953516103741,0.881978542511859,0.873957892594221,0.8819928331545253
2010-12-22 00:00:00+00:00,0.8801958037274155,0.8828906304215995,0.8733130382914472,0.8797803093317135
2010-12-23 00:00:00+00:00,0.8808403094579814,0.8831990153247502,0.8776423330243812,0.8801460637944571
2010-12-24 00:00:00+00:00,0.8791631736460856,0.8815390446263595,0.8773114639586498,0.8795358233296139
2010-12-27 00:00:00+00:00,0.8831119014619032,0.8831119014619032,0.87438781022917,0.8826734401149846
2010-12-28 00:00:00+00:00,0.8724585333687953,0.8815389028854582,0.8683273275391767,0.8728033430752471
2010-12-29 00:00:00+00:00,0.8842565299296358,0.884264042244524,0.8774500607989599,0.8842421709392176
2010-12-30 00:00:00+00:00,0.8740168665243851,0.8743689933276364,0.8664703987479646,0.8747060555137784
2010-12-31 00:00:00+00:00,0.8670298795572868,0.8687199759577902,0.8612787754604184,0.8670427468448185
2011-01-03 00:00:00+00:00,0.8628217919326056,0.8683198624336229,0.8607435305590959,0.8632256908083228
2011-01-04 00:00:00+00:00,0.861167212406541,0.8646707908837372,0.8571295962671126,0.8619375897091934
2011-01-05 00:00:00+00:00,0.8634842163562338,0.8738678353495911,0.8634953480828415,0.8640225924640061
2011-01-06 00:00:00+00:00,0.8693526413740627,0.8821176287025457,0.8677742140375856,0.8692540979074773
2011-01-07 00:00:00+00:00,0.8845965884453604,0.8889546256492178,0.8808436605715554,0.8847737158156229
2011-01-10 00:00:00+00:00,0.8923894680168404,0.8924534823042471,0.8847342035875561,0.8915917578905659
2011-01-11 00:00:00+00:00,0.8838085176676163,0.8869006472762693,0.8787894399234794,0.8836300093905376
2011-01-12 00:00:00+00:00,0.8801764805264612,0.880703149005233,0.870473483697202,0.8802551692312881
2011-01-13 00:00:00+00:00,0.8677463778699279,0.8704848793807464,0.8583320490721909,0.8672077993772864
2011-01-14 00:00:00+00:00,0.8629609539711719,0.8671364317528512,0.8571134388170332,0.8620454297744545
2011-01-17 00:00:00+00:00,0.8584052553350923,0.865295126763453,0.8580083791383121,0.8583574353477621
2011-01-18 00:00:00+00:00,0.8633014450456737,0.865554964218669,0.8524849866025241,0.8633639016727138
2011-01-19 00:00:00+00:00,0.8554602363578474,0.8553282904649058,0.8479571936238078,0.8553812425614906
2011-01-20 00:00:00+00:00,0.8524922908395758,0.8593225983781695,0.8491545988498277,0.8526042425675551
2011-01-21 00:00:00+00:00,0.856032366846149,0.8564055027226235,0.8474495430560736,0.8559718568535204
2011-01-24 00:00:00+00:00,0.8446369763132013,0.8479769171070212,0.8407471066860287,0.8451328072835701
2011-01-25 00:00:00+00:00,0.8427195686895292,0.8442774344336693,0.8356674297195712,0.8434891107022543
2011-01-26 00:00:00+00:00,0.8361622174495786,0.8382599792810959,0.830446695418478,0.8361792248987234
2011-01-27 00:00:00+00:00,0.8314213906285223,0.8317397349809914,0.8241914985022599,0.8313550263490448
2011-01-28 00:00:00+00:00,0.8253122864458243,0.8351965812603995,0.8247441429934627,0.8253636435087733
2011-01-31 00:00:00+00:00,0.8387746697613035,0.8394439144147675,0.823546009398265,0.8387382878232542
2011-02-01 00:00:00+00:00,0.8247284100426523,0.8257054984963665,0.8183673914113362,0.8253418042399959
2011-02-02 00:00:00+00:00,0.8172281817341936,0.8267104964782852,0.8158182384717494,0.8165219626779606
2011-02-03 00:00:00+00:00,0.8237658834959377,0.8348122904931462,0.8230260426926274,0.8237764793161083
2011-02-04 00:00:00+00:00,0.831055781558846,0.8368138714036418,0.8277275335910576,0.8317160184728888
2011-02-07 00:00:00+00:00,0.8321321385522481,0.8352216126002123,0.8293551344284343,0.8327723370246354
2011-02-08 00:00:00+00:00,0.8292024886281789,0.8307811253099763,0.8230576523432069,0.8293093872129212
2011-02-09 00:00:00+00:00,0.8259942277121894,0.8292992889598044,0.8239648321727993,0.8259087627029492
2011-02-10 00:00:00+00:00,0.8270401243933665,0.8345946518381399,0.825823366661873,0.8268235345419553
2011-02-11 00:00:00+00:00,0.8284184491715082,0.838564838647169,0.8277757637700119,0.829396086039087
2011-02-14 00:00:00+00:00,0.8338914143128838,0.8371499147554703,0.8307943163374608,0.8332541775475286
2011-02-15 00:00:00+00:00,0.8319284695939613,0.8344195065851853,0.8263665120619296,0.8314302630569529
2011-02-16 00:00:00+00:00,0.830724216471049,0.8326212111738122,0.8266853362028573,0.8297339921552023
2011-02-17 00:00:00+00:00,0.8224239260497469,0.8288425183104151,0.8210492266927888,0.8234032612856966
2011-02-18 00:00:00+00:00,0.8206300555674186,0.8268870549123248,0.820978384092904,0.821244183292218
2011-02-21 00:00:00+00:00,0.8185485671698168,0.8261071043985816,0.8186958158725355,0.8185801088401234
2011-02-22 00:00:00+00:00,0.8244771062289015,0.8374639228003006,0.8209931237063263,0.8244257075980287
2011-02-23 00:00:00+00:00,0.8263324822733576,0.8263970861717956,0.8178363553057216,0.8261142554901997
2011-02-24 00:00:00+00:00,0.8193654988347454,0.8256519422036093,0.8157809974437823,0.8185247105026519
2011-02-25 00:00:00+00:00,0.8174564089527254,0.8257456349718026,0.8164619689415981,0.817454125228951
2011-02-28 00:00:00+00:00,0.824543162611091,0.8268924527887479,0.8073603852513085,0.8250715173124763
2011-03-01 00:00:00+00:00,0.8094131060395924,0.812250461847794,0.8067933280520164,0.8095623577742506
2011-03-02 00:00:00+00:00,0.8133054139880229,0.8153808988314406,0.8074337679247453,0.8133683328914321
2011-03-03 00:00:00+00:00,0.810063531564685,0.8125962280618988,0.8068305906548364,0.8096937631319044
2011-03-04 00:00:00+00:00,0.8116863000935847,0.8137859890243908,0.8077659083993115,0.8118588040872946
2011-03-07 00:00:00+00:00,0.8144134000353439,0.8184316104941645,0.8108535130903146,0.8135296885363629
2011-03-08 00:00:00+00:00,0.8158398833354267,0.8182331231835206,0.8137802846558315,0.8157394965604321
2011-03-09 00:00:00+00:00,0.8173297792213747,0.8183207051663755,0.8094448811290694,0.81837677967485
2011-03-10 00:00:00+00:00,0.812118459248925,0.8219800588580857,0.8102992169938464,0.8122945387963536
2011-03-11 00:00:00+00:00,0.8211076473856014,0.8242390226759558,0.8176192256711927,0.8210282884806259
2011-03-14 00:00:00+00:00,0.8120546658173238,0.8166337020439086,0.8096161078272737,0.8126323552871656
2011-03-15 00:00:00+00:00,0.8134666485424766,0.8301850345084583,0.8127743591777536,0.8140522423384673
2011-03-16 00:00:00+00:00,0.8208578188457893,0.8302789358205632,0.8194883071062896,0.8212966550322053
2011-03-17 00:00:00+00:00,0.8314335781439319,0.8319385018469687,0.8211729853835408,0.8315210472734389
2011-03-18 00:00:00+00:00,0.8213860026845352,0.824167221743183,0.8069327467478481,0.8211694972850999
2011-03-21 00:00:00+00:00,0.8023592770906366,0.807061633092825,0.8006670215421401,0.8018592064118611
2011-03-22 00:00:00+00:00,0.8031064810553461,0.8102871008397375,0.8011318135972201,0.8039145220787791
2011-03-23 00:00:00+00:00,0.8099570035867258,0.8133103712905795,0.8061523142285975,0.8106131555448097
2011-03-24 00:00:00+00:00,0.81210708028366,0.8141701006898182,0.8070422769624184,0.8129154116025891
2011-03-25 00:00:00+00:00,0.8113933488620484,0.8178308849505066,0.8084593159565928,0.8108624629644823
2011-03-27 23:00:00+00:00,0.8211004663926541,0.8227040691590797,0.815214035195928,0.8211774387716237
2011-03-28 23:00:00+00:00,0.8188347164462988,0.8200084756649303,0.8132980662763326,0.81937442664765
2011-03-29 23:00:00+00:00,0.8126427764983848,0.8161872201056447,0.8107510807008013,0.8126708897008597
2011-03-30 23:00:00+00:00,0.8129480456777084,0.8124052965254179,0.8058292186251688,0.8117146919253007
2011-03-31 23:00:00+00:00,0.811900501182345,0.818539870864297,0.8084613897425167,0.811900501182345
2011-04-03 23:00:00+00:00,0.8078238000025255,0.8140731017107148,0.8059480874261612,0.8079953691110044
2011-04-04 23:00:00+00:00,0.8138089910537517,0.8195960263999356,0.8121630014717885,0.8133105343725743
2011-04-05 23:00:00+00:00,0.8131503328359725,0.8134185520944588,0.8079704551428732,0.8133216666543989
2011-04-06 23:00:00+00:00,0.8096450664139532,0.8164057665694059,0.8100910797385602,0.8103765524673607
2011-04-07 23:00:00+00:00,0.8130798038294461,0.8135421189083222,0.7997888146161211,0.8125056057890148
2011-04-10 23:00:00+00:00,0.7993410055829852,0.8046686954546419,0.7957121126588296,0.7987463392392615
2011-04-11 23:00:00+00:00,0.8058132867603661,0.8127733349035714,0.803503819527883,0.805588079003719
2011-04-12 23:00:00+00:00,0.8096383543667367,0.8108361820527153,0.7998147691795399,0.8095378718458123
2011-04-13 23:00:00+00:00,0.8044316456057157,0.8086794664059116,0.7985411665171536,0.8039661920698848
2011-04-17 23:00:00+00:00,0.7964244511788365,0.8149261869626265,0.7958065442126299,0.7969698590241887
2011-04-18 23:00:00+00:00,0.8110189692592548,0.8120574214636721,0.8001671535899426,0.8110672697243475
2011-04-19 23:00:00+00:00,0.7997917267166098,0.7996542268635876,0.7862258747604628,0.7997917267166098
2011-04-20 23:00:00+00:00,0.78876516330468,0.7890578763413845,0.7817236106683616,0.7882855617554732
2011-04-21 23:00:00+00:00,0.7847395532188352,0.7873235397625453,0.7833303104543762,0.7853133346077474
2011-04-24 23:00:00+00:00,0.7841782087079255,0.7853825478792559,0.7794127080580319,0.7844217160540287
2011-04-25 23:00:00+00:00,0.7850524881655883,0.7893802374298464,0.781611579592639,0.7853613106591069
2011-04-26 23:00:00+00:00,0.7839364470771757,0.784520573735781,0.7801333680817395,0.7831743732932405
2011-04-27 23:00:00+00:00,0.7775918938174525,0.7791629881059717,0.7728238729103802,0.7769398016493444
2011-04-28 23:00:00+00:00,0.77208020099655,0.7758866632576346,0.7697735442458996,0.7722089017334584
2011-05-01 23:00:00+00:00,0.7772528086649045,0.7794827733740203,0.7694388471779581,0.7778393148379128
2011-05-02 23:00:00+00:00,0.7751123432554629,0.7805009656618443,0.7723350941231164,0.7752855140923695
2011-05-03 23:00:00+00:00,0.7787534295942442,0.7828784020128257,0.7755430183079726,0.7787791534696228
2011-05-04 23:00:00+00:00,0.7845072387182365,0.797154190923684,0.7786172882303853,0.7836578412835137
2011-05-05 23:00:00+00:00,0.8017550886477697,0.8026784493967747,0.7948774081366545,0.8010474133837137
2011-05-08 23:00:00+00:00,0.8092651958327464,0.8119741864817699,0.800118391556323,0.8094067559069883
2011-05-09 23:00:00+00:00,0.8028047533900683,0.80950481852196,0.7992994687601281,0.8025063215096236
2011-05-10 23:00:00+00:00,0.7998739249290077,0.8092744055165589,0.7979675787135199,0.8000283589146451
2011-05-11 23:00:00+00:00,0.8135133234745916,0.8189893298419396,0.8088246473896764,0.8128771123568427
2011-05-12 23:00:00+00:00,0.8104936816605269,0.8200483854879852,0.8052370644739468,0.8103987447294435
2011-05-15 23:00:00+00:00,0.823278151942341,0.8258482808462182,0.811865497084993,0.823630124590069
2011-05-16 23:00:00+00:00,0.8172161856547463,0.8194453700286904,0.8125968905702748,0.8164703074687217
2011-05-17 23:00:00+00:00,0.8112732101754456,0.814325562351569,0.8076890071226294,0.8112346299261658
2011-05-18 23:00:00+00:00,0.8097094102023854,0.8131760309034287,0.8046991740082632,0.809387813936656
2011-05-19 23:00:00+00:00,0.8035454629773219,0.8137285253521548,0.8003268201418634,0.8040703656859807
2011-05-22 23:00:00+00:00,0.8134197982005249,0.8210584786752493,0.812159065208781,0.8140629542078444
2011-05-23 23:00:00+00:00,0.8179456760375341,0.820285628999379,0.8115265172931428,0.818074236123496
2011-05-24 23:00:00+00:00,0.8150548817392438,0.8196308527454753,0.8104785210793436,0.8143604943939795
2011-05-25 23:00:00+00:00,0.8135863339716236,0.813873480545067,0.8047291903149877,0.8138199713691886
2011-05-26 23:00:00+00:00,0.8091383680032743,0.809164679845223,0.7986087808184713,0.8087295871305985
2011-05-29 23:00:00+00:00,0.7992058188153609,0.8027602866133323,0.7976472395677005,0.7985632627289649
2011-05-30 23:00:00+00:00,0.7976964659350186,0.7976964659350186,0.791125036873041,0.7970794719620188
2011-05-31 23:00:00+00:00,0.7912589277059302,0.7955290424670167,0.7897975590435161,0.7905104806380017
2011-06-01 23:00:00+00:00,0.8029026938120589,0.8048495703796511,0.7949759659636385,0.8029155665577347
2011-06-02 23:00:00+00:00,0.7970039763816921,0.8031471841172961,0.7896503141099792,0.7970168522726347
2011-06-05 23:00:00+00:00,0.7860384955978202,0.7937630527385804,0.7861193740551847,0.786021057742948
2011-06-06 23:00:00+00:00,0.7948935683442997,0.7957735713702553,0.7885101024034238,0.7950013419685238
2011-06-07 23:00:00+00:00,0.7894668965253036,0.7956615828221221,0.787941135668737,0.7894283415699345
2011-06-08 23:00:00+00:00,0.7936263257246293,0.8019579257078187,0.7913463806371036,0.7939887184305483
2011-06-09 23:00:00+00:00,0.8002286985284333,0.8150622638312304,0.7988819527289316,0.800986819936179
2011-06-12 23:00:00+00:00,0.8145107569875866,0.8176972159346444,0.8102274494254245,0.8141767406115943
2011-06-13 23:00:00+00:00,0.8117951015127326,0.8142382142412401,0.8071318098114607,0.811848913789235
2011-06-14 23:00:00+00:00,0.813090981131056,0.8285259298143897,0.8130332307697209,0.8132411773668465
2011-06-15 23:00:00+00:00,0.8302993852524873,0.8384358983544594,0.8292122575532889,0.8304038015221076
2011-06-16 23:00:00+00:00,0.8271762054468652,0.8350568289164023,0.8199389263141005,0.8265098224583655
2011-06-19 23:00:00+00:00,0.8241212417017193,0.8307356804491806,0.8198084816862113,0.8241982229688358
2011-06-20 23:00:00+00:00,0.8211815038072251,0.8220582427844499,0.8144999617616719,0.8205223268600412
2011-06-21 23:00:00+00:00,0.8170182009000605,0.8198867798688427,0.8127303033659521,0.816875726395009
2011-06-22 23:00:00+00:00,0.8190386691643065,0.8382790580593539,0.8177731968535239,0.8196511030355522
2011-06-23 23:00:00+00:00,0.8254383540554694,0.8350554781858558,0.8225058464950911,0.8254573431083673
2011-06-26 23:00:00+00:00,0.8352699467137449,0.8398136109793926,0.8260130070546737,0.8352421247697748
2011-06-27 23:00:00+00:00,0.8246889135561288,0.834170124477517,0.8233450076483476,0.8242009504289716
2011-06-28 23:00:00+00:00,0.8269749940096757,0.828786458158208,0.8149642987998977,0.8277456510735298
2011-06-29 23:00:00+00:00,0.8124855503655508,0.8155105051088251,0.8086571979075252,0.8125602350281335
2011-06-30 23:00:00+00:00,0.812264636070132,0.8140601565757362,0.8049614108201458,0.8125348561143277
2011-07-03 23:00:00+00:00,0.8038190230821874,0.806586753261172,0.8008946711106003,0.8034828538406197
2011-07-04 23:00:00+00:00,0.8029512320949325,0.8087247263279371,0.803052380109368,0.8037892247269842
2011-07-05 23:00:00+00:00,0.8067194547714698,0.8188766792012889,0.803845561480205,0.8069251338553471
2011-07-06 23:00:00+00:00,0.815444929059557,0.82034714363575,0.810535047042358,0.8156248190607426
2011-07-07 23:00:00+00:00,0.8113668277997969,0.8249653013295276,0.810379395888591,0.8110511636707687
2011-07-10 23:00:00+00:00,0.8234447597608933,0.8439991344368345,0.8219766097926576,0.8234160071675714
2011-07-11 23:00:00+00:00,0.8415518716285532,0.8582088835933475,0.8406469736701846,0.841025528323673
2011-07-12 23:00:00+00:00,0.8465663760302939,0.846812072941709,0.8281888018512661,0.8461558369600677
2011-07-13 23:00:00+00:00,0.8284628503980694,0.8358595737076467,0.8253522254850548,0.8284712967378577
2011-07-14 23:00:00+00:00,0.8336992356120696,0.840342814730452,0.8311656579785783,0.8339667755520792
2011-07-17 23:00:00+00:00,0.8344304689715643,0.8479297791175614,0.8333932643567643,0.8339171704149373
2011-07-18 23:00:00+00:00,0.8403438072152611,0.841459186144352,0.8304697182131257,0.8402601067785399
2011-07-19 23:00:00+00:00,0.8326298535638013,0.8353048401564122,0.8259569427775811,0.8328201246567571
2011-07-20 23:00:00+00:00,0.8227336097211104,0.8283852397908138,0.8091650052396694,0.8225108702025412
2011-07-21 23:00:00+00:00,0.8094186429252458,0.8186951572854647,0.8044055637060948,0.8093649034439653
2011-07-24 23:00:00+00:00,0.8115389697636519,0.8164632586203404,0.8107337771861481,0.8111410852289972
2011-07-25 23:00:00+00:00,0.813652624942024,0.8136422183992567,0.8018590949821749,0.8127927526677245
2011-07-26 23:00:00+00:00,0.8018176406185472,0.8121181725771519,0.7995634538427009,0.8014043258485494
2011-07-27 23:00:00+00:00,0.8146564870731432,0.8171750718801729,0.8072242689938389,0.8148000751383458
2011-07-28 23:00:00+00:00,0.8109214560080994,0.81885595540246,0.8058165245526822,0.811062634569422
2011-07-31 23:00:00+00:00,0.8054764504822092,0.8171681446467036,0.7996246654898668,0.80500416234453
2011-08-01 23:00:00+00:00,0.8097176107899619,0.8177795089754635,0.808177163552208,0.8093857096479927
2011-08-02 23:00:00+00:00,0.8230441439281567,0.8261125761922702,0.8106516372912472,0.8234267906445337
2011-08-03 23:00:00+00:00,0.8116224466081107,0.8342178524577358,0.8102423499989208,0.8113202967024836
2011-08-04 23:00:00+00:00,0.8407578365125941,0.8408904722655781,0.8255128169545684,0.8407066116829044
2011-08-07 23:00:00+00:00,0.8296007909245767,0.8381089223355377,0.823037249745875,0.8294192356639568
2011-08-08 23:00:00+00:00,0.8317899871707441,0.8377118800569093,0.8228444370659199,0.8326246368877355
2011-08-09 23:00:00+00:00,0.8237304241584291,0.8435466770616208,0.8190720194010749,0.8235120997229944
2011-08-10 23:00:00+00:00,0.8469866038768769,0.8465310851186741,0.8306189311795587,0.8473188151710281
2011-08-11 23:00:00+00:00,0.8332820401244645,0.8412789782069634,0.8274667804315576,0.8334244782042817
2011-08-14 23:00:00+00:00,0.832738836716558,0.8349667812342433,0.8182645151712928,0.8325956485221528
2011-08-15 23:00:00+00:00,0.822224799474159,0.8283918434875372,0.819316223849804,0.8220177065296592
2011-08-16 23:00:00+00:00,0.8213368711362785,0.8241392887550659,0.8071847230401162,0.8210159889655213
2011-08-17 23:00:00+00:00,0.8117899007632443,0.8275260469632352,0.8113975428813075,0.812366769062621
2011-08-18 23:00:00+00:00,0.8264585193692273,0.8320868482371367,0.8140107528796063,0.8269566306395828
2011-08-21 23:00:00+00:00,0.8198094522650056,0.8233499197619213,0.8100137332380144,0.820104398676551
2011-08-22 23:00:00+00:00,0.8157921462496276,0.8159767135275442,0.8041403806036805,0.8150912147713544
2011-08-23 23:00:00+00:00,0.8102391048800757,0.8157857817159803,0.806360952700354,0.8101212428313858
2011-08-24 23:00:00+00:00,0.811581939048479,0.817161501282595,0.8070682969051034,0.8121079042202618
2011-08-25 23:00:00+00:00,0.8121263679031199,0.8164447853190266,0.806425127257106,0.8112875887630779
2011-08-28 23:00:00+00:00,0.8073538364053234,0.8090095325843423,0.8022616456718809,0.8072842322394995
2011-08-29 23:00:00+00:00,0.8061978549242721,0.8194984594162052,0.806059587693678,0.8069317638435042
2011-08-30 23:00:00+00:00,0.8150728711302414,0.8166497509984281,0.8088958702359297,0.8157891741740971
2011-08-31 23:00:00+00:00,0.8139278233403253,0.8217467326923137,0.8128710986293367,0.8136372795979028
2011-09-01 23:00:00+00:00,0.8234659737358488,0.8269737091741873,0.8199794218084474,0.8226519277442521
2011-09-04 23:00:00+00:00,0.8235505967014907,0.8310790083887091,0.8234425420849313,0.8240149917852979
2011-09-05 23:00:00+00:00,0.8312708340806231,0.8325679534236033,0.8193185466108408,0.8313478992905227
2011-09-06 23:00:00+00:00,0.8277313468992248,0.8284460349753973,0.8138851186236836,0.8285624636499219
2011-09-07 23:00:00+00:00,0.8167540971109624,0.8210982601153195,0.8145999510788748,0.8166001661793308
2011-09-08 23:00:00+00:00,0.8226539318386791,0.8343317007569284,0.8211819607601191,0.8231610074389213
2011-09-11 23:00:00+00:00,0.8407044458481979,0.853665651351003,0.8379522726025489,0.8413201714318986
2011-09-12 23:00:00+00:00,0.8577361368263537,0.8674927216665576,0.8513811265484152,0.8583898114526117
2011-09-13 23:00:00+00:00,0.854208607508748,0.8661910347361147,0.8523560873142806,0.8538863370106206
2011-09-14 23:00:00+00:00,0.8592716425401614,0.8637896465620307,0.8448185048792191,0.8593798157031918
2011-09-15 23:00:00+00:00,0.8448474820710172,0.8542580562239129,0.8424932496065932,0.8445699387897787
2011-09-18 23:00:00+00:00,0.85479830650705,0.8666230565700366,0.8544712425748385,0.8541989998381072
2011-09-19 23:00:00+00:00,0.8616110888877619,0.8633390721678674,0.8493024196344466,0.8613608460588782
2011-09-20 23:00:00+00:00,0.8494594486379781,0.8605693101887443,0.8474230056023255,0.8491661119984171
2011-09-21 23:00:00+00:00,0.8681090121905297,0.8898428116963344,0.868268892512569,0.868056039978275
2011-09-22 23:00:00+00:00,0.882835531281,0.8907972018056495,0.8747241010099416,0.8827767309088166
2011-09-25 23:00:00+00:00,0.8822946248476903,0.8954699768275539,0.8748652953958187,0.8814378208881496
2011-09-26 23:00:00+00:00,0.8735492088294768,0.8770501436326528,0.8615139766520296,0.8733633201988432
2011-09-27 23:00:00+00:00,0.8674797761734058,0.8695574268857934,0.8581301060971199,0.86737715952846
2011-09-28 23:00:00+00:00,0.8736688030670092,0.875567590485422,0.8633259421983375,0.8745926452495576
2011-09-29 23:00:00+00:00,0.8736459290203223,0.8855731506875797,0.8737602454195794,0.8734149644709939
2011-10-02 23:00:00+00:00,0.8845526948822625,0.8895806400059054,0.8771866570847658,0.8846440089004052
2011-10-03 23:00:00+00:00,0.8895965638432054,0.8964600980490777,0.8837215414020847,0.8898833882332079
2011-10-04 23:00:00+00:00,0.8797256399251266,0.8873717017498157,0.8746321008406348,0.8800925040171395
2011-10-05 23:00:00+00:00,0.8812353061527021,0.8908899345206445,0.8745405363667228,0.8809270033556184
2011-10-06 23:00:00+00:00,0.8756650237128648,0.8766378949676785,0.8660951615206282,0.8755976014499988
2011-10-09 23:00:00+00:00,0.876219223888148,0.8764342365520144,0.8516604851717664,0.8760988160635514
2011-10-10 23:00:00+00:00,0.8557987557284078,0.8646033359666676,0.8533848164832543,0.855785946257097
2011-10-11 23:00:00+00:00,0.8576734895034231,0.8623188419115564,0.8461314653666232,0.8574806707811542
2011-10-12 23:00:00+00:00,0.8508502547062243,0.8602125768063522,0.84658411397493,0.8506041030181524
2011-10-13 23:00:00+00:00,0.8562172034221391,0.858039054194014,0.8440923890685554,0.8564210870131742
2011-10-16 23:00:00+00:00,0.8467808939689552,0.8576240733002577,0.8434734111955527,0.8466573081899589
2011-10-17 23:00:00+00:00,0.8561914494735123,0.8636188250318722,0.8540137654486576,0.8562042628973702
2011-10-18 23:00:00+00:00,0.8543284695706657,0.8548907647464112,0.8449002987177773,0.8540013456249773
2011-10-19 23:00:00+00:00,0.8518999567280945,0.858409268989266,0.8456483459059756,0.8519623114448581
2011-10-20 23:00:00+00:00,0.8508748420596041,0.8526466995972503,0.841510471099388,0.8511448088764894
2011-10-23 23:00:00+00:00,0.8454547727968684,0.847251344871909,0.8386201133279951,0.8462260260555253
2011-10-24 23:00:00+00:00,0.8416619691588814,0.845539622289841,0.8396902315951333,0.841533322954156
2011-10-25 23:00:00+00:00,0.8436149093550033,0.8470689301171163,0.836762248627623,0.843833566025329
2011-10-26 23:00:00+00:00,0.8404353792513134,0.8411336396676101,0.8175251107022375,0.8403196116983266
2011-10-27 23:00:00+00:00,0.8173509083564026,0.8210255272159797,0.8161558796985406,0.8172865148678672
2011-10-31 00:00:00+00:00,0.8218020408487878,0.8320353199430421,0.8205167609174604,0.822007227794303
2011-11-01 00:00:00+00:00,0.8377665196001302,0.8569094642488071,0.8371937155160399,0.83783085750082
2011-11-02 00:00:00+00:00,0.8535292372734476,0.8535292372734476,0.8443477708448996,0.8533010774776181
2011-11-03 00:00:00+00:00,0.8543961570253766,0.8578083187318115,0.8419081244670882,0.8541645009637506
2011-11-04 00:00:00+00:00,0.8457438312155099,0.853983796743268,0.8441153835432356,0.8459864767936996
2011-11-07 00:00:00+00:00,0.8455882939790783,0.8545105800335688,0.8447771630924396,0.8456655883922086
2011-11-08 00:00:00+00:00,0.8449725270644356,0.848112857784352,0.840321330589386,0.8446120894175091
2011-11-09 00:00:00+00:00,0.841269233307093,0.8610996773196614,0.8396648285427816,0.8412285265533299
2011-11-10 00:00:00+00:00,0.8618986018747171,0.8647343341449099,0.854075832436262,0.861821439393103
2011-11-11 00:00:00+00:00,0.858889185204018,0.8603255757873992,0.8500514478978458,0.8589662911541517
2011-11-14 00:00:00+00:00,0.8472833040355205,0.8608519698821763,0.8470919558657949,0.8474633027345763
2011-11-15 00:00:00+00:00,0.8599148939716442,0.8694065807289347,0.8592818639106923,0.8598910746496072
2011-11-16 00:00:00+00:00,0.867033301398773,0.8733141518060052,0.8644063059976156,0.8659762325268363
2011-11-17 00:00:00+00:00,0.8763330211601008,0.877398231520203,0.8692792253757996,0.8765161307792967
2011-11-18 00:00:00+00:00,0.8742906038378173,0.8749390116560672,0.8636176655482981,0.8743162586791736
2011-11-21 00:00:00+00:00,0.8696439166050816,0.8785015337096577,0.8676391423078336,0.8696311199633122
2011-11-22 00:00:00+00:00,0.8751572494338287,0.8772395880826209,0.8696612227927987,0.8752840841783593
2011-11-23 00:00:00+00:00,0.8743294381861021,0.8862475760523144,0.873430175502589,0.8744433039160231
2011-11-24 00:00:00+00:00,0.8874318609577467,0.8927476906802814,0.8819438121615655,0.8873063929350499
2011-11-25 00:00:00+00:00,0.8908400766350033,0.8980633818536704,0.8909644704086884,0.890995368208381
2011-11-28 00:00:00+00:00,0.8922611171679726,0.8966994332539309,0.8847027479095504,0.8922468880741653
2011-11-29 00:00:00+00:00,0.8945936982934716,0.8961283834154478,0.8804029714690795,0.8939535762357975
2011-11-30 00:00:00+00:00,0.884281593232115,0.8908316063611342,0.8667215089382214,0.884167570335424
2011-12-01 00:00:00+00:00,0.8692749537627241,0.8743891834663505,0.86652898059941,0.8692464658202931
2011-12-02 00:00:00+00:00,0.8706563556103022,0.8716836758952814,0.8617865951039555,0.8709104178526531
2011-12-05 00:00:00+00:00,0.8674476789770768,0.8681173058825788,0.8627872901701623,0.8675506893097865
2011-12-06 00:00:00+00:00,0.8711371708859961,0.8739067677613135,0.8663363328751229,0.8711225680884896
2011-12-07 00:00:00+00:00,0.8655061037990953,0.8692967735884921,0.8608319504141886,0.8654915481348163
2011-12-08 00:00:00+00:00,0.8649813430478146,0.873836108842945,0.8610303331669682,0.8649813430478146
2011-12-09 00:00:00+00:00,0.8724392055457072,0.8762127809320528,0.864245462157897,0.872347486836203
2011-12-12 00:00:00+00:00,0.8654414711660908,0.8805201519134631,0.8650906945561813,0.8655124198981431
2011-12-13 00:00:00+00:00,0.8847300413355681,0.8937312557559135,0.879329862743932,0.8850127394915661
2011-12-14 00:00:00+00:00,0.8985885578575428,0.9020733754893547,0.8953499257031989,0.8989870459199109
2011-12-15 00:00:00+00:00,0.8983475519328742,0.901340400663628,0.8924375720907777,0.8983706705253823
2011-12-16 00:00:00+00:00,0.8959219444919571,0.8957800417511983,0.8860924930449502,0.8959090747243832
2011-12-19 00:00:00+00:00,0.8894457210656386,0.8932773103582299,0.8837974082132458,0.8894457210656386
2011-12-20 00:00:00+00:00,0.8894612843415319,0.890384364112899,0.8767303158426444,0.88932001650126
2011-12-21 00:00:00+00:00,0.8808260038540849,0.887229866616472,0.8720931864774667,0.880723245411854
2011-12-22 00:00:00+00:00,0.885407921372779,0.8879294810859065,0.8801044141955191,0.8853951099258922
2011-12-23 00:00:00+00:00,0.8819825724868284,0.8853493361173498,0.8791908675678122,0.8819923492322761
2011-12-26 00:00:00+00:00,0.8838384572281592,0.8849570030130774,0.8825284911051823,0.8838384572281592
2011-12-27 00:00:00+00:00,0.8847424561285606,0.8851181856491592,0.8780353047901553,0.8844595362308852
2011-12-28 00:00:00+00:00,0.8811716206106025,0.8898630925346066,0.8796330496750712,0.8810429942500093
2011-12-29 00:00:00+00:00,0.8902994228067241,0.8931740515761927,0.8884899923714645,0.8903508796139477
2011-12-30 00:00:00+00:00,0.8869976166730797,0.8915163281416985,0.8813887120312335,0.8865730129453523
2012-01-02 00:00:00+00:00,0.8856925706697905,0.8891392559267618,0.885035821271079,0.8854478860817327
2012-01-03 00:00:00+00:00,0.888090613178067,0.8877764065567413,0.8778116951488677,0.8878560254810858
2012-01-04 00:00:00+00:00,0.8779435879710493,0.887803398791907,0.8760606460604312,0.8777118275186528
2012-01-05 00:00:00+00:00,0.880941357427864,0.8906799971296873,0.8789006664064483,0.8809171096365094
2012-01-06 00:00:00+00:00,0.8911481179374915,0.8949578018386204,0.8884795818848802,0.8911525980256546
2012-01-09 00:00:00+00:00,0.8961019008027872,0.8962524833574071,0.8903185467321365,0.8962320076162293
2012-01-10 00:00:00+00:00,0.8878013501133569,0.8909885573073765,0.8846203068711885,0.8876497331646237
2012-01-11 00:00:00+00:00,0.8892393568608111,0.8945972778364117,0.8867613234777533,0.8889074716112589
2012-01-12 00:00:00+00:00,0.8919388496209258,0.8963173629393139,0.8891549564631488,0.8919159060873095
2012-01-13 00:00:00+00:00,0.8912735521685525,0.9051624648673599,0.8882537090302954,0.8910418006655904
2012-01-16 00:00:00+00:00,0.9023793970589681,0.9047321784550604,0.8995725729609729,0.9028171383385233
2012-01-17 00:00:00+00:00,0.8988902998890688,0.8988671250433606,0.88869861415477,0.8986585662829016
2012-01-18 00:00:00+00:00,0.8911699822767457,0.8914817105110445,0.8823915750760002,0.8912987658942905
2012-01-19 00:00:00+00:00,0.8815730385264934,0.8825563701332029,0.872928507791939,0.8813797452620877
2012-01-20 00:00:00+00:00,0.8699052679000879,0.8771118598433248,0.8679853232096348,0.8698812017677494
2012-01-23 00:00:00+00:00,0.8761645066423956,0.8769164965476092,0.8674391207075237,0.8762820389943339
2012-01-24 00:00:00+00:00,0.8686744079199666,0.8754187361443929,0.8675568634823482,0.869022322512403
2012-01-25 00:00:00+00:00,0.8701899655144444,0.8808522277481933,0.8688368437482333,0.8701692363004327
2012-01-26 00:00:00+00:00,0.868168374843075,0.872614324102278,0.8660907732932583,0.8680653250737848
2012-01-30 00:00:00+00:00,0.8710700488698745,0.8768126323954366,0.8709281894164977,0.8710442841923866
2012-02-01 00:00:00+00:00,0.8698169396583975,0.8792636445261186,0.8661499608651868,0.8773565009167202
2012-02-02 00:00:00+00:00,0.86826662688463,0.8721965402355496,0.8648586239692388,0.8683568989836764
2012-02-03 00:00:00+00:00,0.8694648614368422,0.8697305713292329,0.8635536902197256,0.8695259925693879
2012-02-06 00:00:00+00:00,0.8629939266966771,0.8716484093203368,0.8628560773875973,0.8631545034144529
2012-02-07 00:00:00+00:00,0.8672522186199201,0.8694194492569596,0.8593558279378634,0.8672538714615186
2012-02-08 00:00:00+00:00,0.8594237451968363,0.8602415654404739,0.8562658125435626,0.8594237451968363
2012-02-09 00:00:00+00:00,0.8582870453136451,0.8588446811172462,0.8532055871932103,0.8580198137802059
2012-02-10 00:00:00+00:00,0.8554002614266882,0.8625850477301272,0.8546964353550152,0.8553412120793994
2012-02-13 00:00:00+00:00,0.8561795035089387,0.8583898485412716,0.8548284920176566,0.8565147743589674
2012-02-14 00:00:00+00:00,0.8610557928777117,0.8630302960989618,0.8565052453808824,0.8610835382186117
2012-02-15 00:00:00+00:00,0.8618283526417926,0.8669155649967906,0.8575887461782729,0.8613253409059181
2012-02-16 00:00:00+00:00,0.8677130524699213,0.8755318796381242,0.8675952942473026,0.8676098574715946
2012-02-17 00:00:00+00:00,0.866633126081544,0.8676690774158805,0.8635713138307437,0.8665557625757054
2012-02-20 00:00:00+00:00,0.8608148597903643,0.8643145070170946,0.8557480093550641,0.8606988130329303
2012-02-21 00:00:00+00:00,0.8601753474211221,0.8615745832593251,0.8542908180280584,0.8603742135166357
2012-02-22 00:00:00+00:00,0.8570433672706977,0.8611472865281162,0.8544899168749599,0.8570433672706977
2012-02-23 00:00:00+00:00,0.858115534921655,0.8596017724277741,0.85241205611462,0.8581799748684208
2012-02-24 00:00:00+00:00,0.8526150016419869,0.8547187190786448,0.8449018525853771,0.8526924126680346
2012-02-27 00:00:00+00:00,0.84405670168962,0.8528365324643044,0.8439922550934027,0.844082529523982
2012-02-28 00:00:00+00:00,0.8495699881877489,0.8508561377690248,0.8449723599125937,0.8493914073023253
2012-02-29 00:00:00+00:00,0.8438733103459938,0.8503384864497824,0.8426421413525786,0.84386241347961
2012-03-01 00:00:00+00:00,0.8531880734819265,0.8552991049589527,0.8506640733612266,0.8532783316165022
2012-03-02 00:00:00+00:00,0.8528084369779252,0.8629604116636392,0.8522243853596791,0.8531565713937176
2012-03-05 00:00:00+00:00,0.8618769596247994,0.8646340557077777,0.8590394357756932,0.8618898665509879
2012-03-06 00:00:00+00:00,0.8617673465870271,0.8753388870415836,0.8618734692565991,0.8616567838720655
2012-03-07 00:00:00+00:00,0.8748083897787734,0.8786403154617106,0.8715570642109632,0.8746666746932977
2012-03-08 00:00:00+00:00,0.8737183649931894,0.8746788106931106,0.8631293798712801,0.8737055282978806
2012-03-09 00:00:00+00:00,0.8633603849859701,0.8759328537653678,0.862974142886389,0.8631889436456126
2012-03-12 00:00:00+00:00,0.8756720035988546,0.879187035997761,0.8742410433432563,0.8759298198765408
2012-03-13 00:00:00+00:00,0.8751336857638368,0.8773721829535496,0.8712970574265632,0.8750177018390736
2012-03-14 00:00:00+00:00,0.8729091134778794,0.8833698572701021,0.8725397728955893,0.8729348608902336
2012-03-15 00:00:00+00:00,0.8832957702089046,0.8856756655987635,0.8761257998332044,0.8820119508475228
2012-03-16 00:00:00+00:00,0.8749839128426534,0.8771590781995864,0.8660920266890694,0.8749323725084718
2012-03-19 00:00:00+00:00,0.867316340355562,0.8717185583467385,0.8632094461863318,0.8672351946195401
2012-03-20 00:00:00+00:00,0.8652015330633588,0.8710647309013507,0.8642764012762019,0.865357819507546
2012-03-21 00:00:00+00:00,0.8683807080970123,0.8694179115283887,0.8634162215910121,0.867907481248357
2012-03-22 00:00:00+00:00,0.8645801499150488,0.8743899620622776,0.8628863264643859,0.8645543550144795
2012-03-23 00:00:00+00:00,0.8712397864032887,0.8731640053903599,0.8639042055198088,0.8710584467412801
2012-03-25 23:00:00+00:00,0.8656666255923012,0.8715760779565679,0.8595598777732971,0.8656631697504137
2012-03-26 23:00:00+00:00,0.8573837450118209,0.8609237470595125,0.8560902816294966,0.8573690163330062
2012-03-27 23:00:00+00:00,0.8604842882032304,0.8609676814191571,0.8535780939806287,0.8605744475223629
2012-03-28 23:00:00+00:00,0.856690223909165,0.8608848182649972,0.853191987278118,0.8569367531895861
2012-03-29 23:00:00+00:00,0.8574814590619207,0.8573691301144932,0.8514730453309497,0.8574446048368632
2012-04-01 23:00:00+00:00,0.8493044712143649,0.853671758513024,0.8477252853846117,0.8493727210486118
2012-04-02 23:00:00+00:00,0.8488294051098101,0.8513307331588313,0.8467651979065571,0.8489968575194299
2012-04-03 23:00:00+00:00,0.8555661440216715,0.866575669209528,0.8549442486298746,0.8554888901143616
2012-04-04 23:00:00+00:00,0.8623754310025593,0.8703758530057386,0.8605100831037996,0.8616670472144089
2012-04-05 23:00:00+00:00,0.8695483915267959,0.8703725102678923,0.8673167234685316,0.8693809660303741
2012-04-08 23:00:00+00:00,0.8697600664596109,0.8753760056672304,0.8698273165674185,0.8704812573875399
2012-04-09 23:00:00+00:00,0.8694946608203169,0.8781065749285142,0.8666409168048127,0.8693435226927183
2012-04-10 23:00:00+00:00,0.8778671718211076,0.8784963651698623,0.8707927651702204,0.8774566669937863
2012-04-11 23:00:00+00:00,0.8749001701682546,0.8760158282892473,0.8669122931154574,0.8747842189395032
2012-04-12 23:00:00+00:00,0.8686658030849399,0.875790541752348,0.86819683744876,0.86869153855745
2012-04-15 23:00:00+00:00,0.8773360939155174,0.8818526215658851,0.874055628379551,0.8772571941042191
2012-04-16 23:00:00+00:00,0.8717195548413447,0.8750515490512948,0.869899823073998,0.8719918327784749
2012-04-17 23:00:00+00:00,0.8714158866243612,0.8743606355715523,0.8667886921420658,0.8714158866243612
2012-04-18 23:00:00+00:00,0.8694189894815282,0.8716101993995475,0.8654201030278488,0.8692660788615973
2012-04-19 23:00:00+00:00,0.8667903511825681,0.8685054718358436,0.860397672562277,0.8669174626545862
2012-04-22 23:00:00+00:00,0.8618219209551341,0.8739822690898251,0.8616237042134952,0.8617446292230209
2012-04-23 23:00:00+00:00,0.8707104640874656,0.8722256533718561,0.8665652393240586,0.8706331019412491
2012-04-24 23:00:00+00:00,0.8675524346944574,0.869278353682891,0.8655263769914515,0.8675653399565597
2012-04-25 23:00:00+00:00,0.8652705482779347,0.8673195730587013,0.8624663374086465,0.8650411448270751
2012-04-26 23:00:00+00:00,0.8674811986755077,0.870392792112068,0.8643036456700163,0.8677518544127794
2012-04-29 23:00:00+00:00,0.8655479521888237,0.8702056793472951,0.8647725626323246,0.8656123589128613
2012-04-30 23:00:00+00:00,0.8662559085281023,0.8680286113354059,0.8638959464384494,0.8664234570371142
2012-05-01 23:00:00+00:00,0.8660281546359777,0.8729046585651438,0.8655940827466844,0.8665051393256297
2012-05-02 23:00:00+00:00,0.8696167355153472,0.8720780267364797,0.8676024993675117,0.8694620902823296
2012-05-03 23:00:00+00:00,0.8708870789918296,0.8783592211401618,0.8704230921166971,0.870688742315266
2012-05-06 23:00:00+00:00,0.8865911768200608,0.8863228288896747,0.8777305755524313,0.8861659658457471
2012-05-07 23:00:00+00:00,0.8785555539788756,0.8854249849748319,0.8784182421269586,0.8785131789920224
2012-05-08 23:00:00+00:00,0.8837496502065892,0.8895269574711576,0.8823976468555534,0.8838557886270721
2012-05-09 23:00:00+00:00,0.8868998825470407,0.8932107855676765,0.8849053121664829,0.8861150901627055
2012-05-10 23:00:00+00:00,0.8947410354111557,0.8984372447757711,0.8932550979161112,0.8947157859458965
2012-05-13 23:00:00+00:00,0.8982195787388447,0.9061701679284244,0.8977891132856495,0.8979189969999799
2012-05-14 23:00:00+00:00,0.9072950711660493,0.9194327810660041,0.9035666425508551,0.9073079661248206
2012-05-15 23:00:00+00:00,0.9239500614222824,0.9301921653969972,0.9162320212428877,0.9240949480283353
2012-05-16 23:00:00+00:00,0.9225025454743225,0.9291782513441581,0.9177244974220546,0.9223877694558786
2012-05-17 23:00:00+00:00,0.9261249889290414,0.9313206958095592,0.9206742051096676,0.926013642612363
2012-05-20 23:00:00+00:00,0.9199356179281688,0.9220796927733561,0.916225776967511,0.9199603693637182
2012-05-21 23:00:00+00:00,0.9150544694838166,0.9187195259158842,0.9129835593788469,0.9149256759159529
2012-05-22 23:00:00+00:00,0.924417286867143,0.9264122823075343,0.919945587994768,0.9243399735390683
2012-05-23 23:00:00+00:00,0.9237297612891019,0.9257666351669726,0.9176070555367088,0.924013118441263
2012-05-24 23:00:00+00:00,0.9250724146318093,0.9261167725305038,0.9195190551407502,0.9248286807887922
2012-05-27 23:00:00+00:00,0.9192667496838941,0.9239131663190273,0.9175410927792499,0.9191250364265113
2012-05-28 23:00:00+00:00,0.9234663640174375,0.9299597027433997,0.9188461447255917,0.9232344751805845
2012-05-29 23:00:00+00:00,0.9289366780417215,0.9333633517503199,0.9243549600852661,0.9290949226505364
2012-05-30 23:00:00+00:00,0.9336870204044944,0.9381313887937898,0.9293041004307511,0.9337883405391048
2012-05-31 23:00:00+00:00,0.9363433277072426,0.9432443340922624,0.9294560343434356,0.936576439412853
2012-06-03 23:00:00+00:00,0.9367768404129648,0.9378510776507373,0.9239008861157982,0.9365531236215161
2012-06-04 23:00:00+00:00,0.9219056720600685,0.9312206842953518,0.9207128217751951,0.9226298096480182
2012-06-05 23:00:00+00:00,0.9278721349327632,0.933945076018516,0.9251498980621262,0.9277005413193014
2012-06-06 23:00:00+00:00,0.9222866671522317,0.9278487789417518,0.9143678483798441,0.9224003298883504
2012-06-07 23:00:00+00:00,0.9203145355124754,0.930423776857123,0.9188635498732899,0.9205049934188347
2012-06-10 23:00:00+00:00,0.9064204084655636,0.9159203457977254,0.9039215388565559,0.9063406143619938
2012-06-11 23:00:00+00:00,0.9164035069874803,0.9173711280025071,0.9113244501864752,0.9164443210938228
2012-06-12 23:00:00+00:00,0.9122124272790308,0.9135562109256478,0.9036121589913761,0.9114390765172898
2012-06-13 23:00:00+00:00,0.9056132683800807,0.9088261274410417,0.9023176255736503,0.9055422284752151
2012-06-14 23:00:00+00:00,0.9034723731425329,0.9061761312573452,0.9004060384332893,0.9032380271982828
2012-06-17 23:00:00+00:00,0.8967881832785818,0.9077226136621219,0.8951154581875238,0.8965540892138819
2012-06-18 23:00:00+00:00,0.9044589389160131,0.9067582821989375,0.8950156769983948,0.9044636084299191
2012-06-19 23:00:00+00:00,0.8983604234045629,0.9000167276778296,0.8950889398424864,0.8980628501706669
2012-06-20 23:00:00+00:00,0.8975448584522886,0.9040820488269018,0.8961293146930698,0.8970601096032822
2012-06-21 23:00:00+00:00,0.9042704097602062,0.9058767749683188,0.9017050432289409,0.9042915492409073
2012-06-24 23:00:00+00:00,0.9051656303931724,0.9129095877207044,0.90459562970862,0.9052662280816016
2012-06-25 23:00:00+00:00,0.909577045896667,0.9150537113104394,0.90780365906848,0.9094493661109069
2012-06-26 23:00:00+00:00,0.9105672075254094,0.9127464800763923,0.9085073761325114,0.9105179494705388
2012-06-27 23:00:00+00:00,0.908072692299986,0.9145519312547213,0.9040449593178214,0.9081605735479008
2012-06-28 23:00:00+00:00,0.9071868144997433,0.908220339967414,0.8891955377962216,0.9071130111356464
2012-07-01 23:00:00+00:00,0.8918654174602683,0.8960228278507155,0.8906496669853226,0.8918927292166408
2012-07-02 23:00:00+00:00,0.8927422382284457,0.8960477638699588,0.8910258866678423,0.8927422382284457
2012-07-03 23:00:00+00:00,0.8945203543628071,0.8960885955340834,0.8902116427335794,0.8944958889997968
2012-07-04 23:00:00+00:00,0.8916570038738484,0.8980723739893763,0.8900528986047854,0.8912701232348879
2012-07-05 23:00:00+00:00,0.8979554211735958,0.906402728016497,0.8976112013186706,0.8980797374120977
2012-07-08 23:00:00+00:00,0.9076054412707163,0.90780266473125,0.9025219957004993,0.907449399703994
2012-07-09 23:00:00+00:00,0.9025692227507479,0.9047115167232088,0.8971587731809856,0.9025238354930541
2012-07-10 23:00:00+00:00,0.8995356895139551,0.9026912672091527,0.8965499215634084,0.8997562713364047
2012-07-11 23:00:00+00:00,0.9019220942452161,0.9088530296502482,0.9020209908720339,0.9017719361302361
2012-07-12 23:00:00+00:00,0.9065815947921131,0.9097366144126171,0.9039004794625238,0.9063378228337785
2012-07-15 23:00:00+00:00,0.9060776143479454,0.9126360559888425,0.9060549760855923,0.9058620534273758
2012-07-16 23:00:00+00:00,0.9079165384666219,0.9078884650145033,0.9015021831032591,0.9078731828448294
2012-07-17 23:00:00+00:00,0.8964925670651657,0.898853921281883,0.8927885243803183,0.8964454996698663
2012-07-18 23:00:00+00:00,0.8938584424706403,0.8958267950485084,0.8901726867596323,0.8939700342986844
2012-07-19 23:00:00+00:00,0.8928644856779159,0.8965814361631828,0.8912272405987044,0.892876013974517
2012-07-22 23:00:00+00:00,0.8973514634167784,0.9030321746537124,0.8959282182927842,0.8974382367297957
2012-07-23 23:00:00+00:00,0.8929975749416788,0.8995790930342752,0.8921034251927528,0.8928838216411411
2012-07-24 23:00:00+00:00,0.8994895456216564,0.9004949680846566,0.895005578550971,0.8995891449186189
2012-07-25 23:00:00+00:00,0.8993155043032679,0.8997861503216656,0.881916840594233,0.8990448136807679
2012-07-26 23:00:00+00:00,0.8856137466605154,0.8923847849970421,0.8810458509647374,0.8857953478566453
2012-07-29 23:00:00+00:00,0.8857734343125679,0.8884161877824767,0.8755915804910434,0.8859724831223776
2012-07-30 23:00:00+00:00,0.8748716611137693,0.8805962284536493,0.8730523162841046,0.8751306678777176
2012-07-31 23:00:00+00:00,0.876937785166464,0.878588602729443,0.8692943581456384,0.8766327981263915
2012-08-01 23:00:00+00:00,0.8756157225045123,0.8801372065351458,0.8678325679081541,0.875435194603052
2012-08-02 23:00:00+00:00,0.8782136306007682,0.8792158304632569,0.8654629880224338,0.8782785144776164
2012-08-05 23:00:00+00:00,0.8626579571606683,0.8714090268773942,0.8626791237181554,0.8631726485870757
2012-08-06 23:00:00+00:00,0.8649774272486699,0.8683049511357112,0.8624434363539949,0.8651579551501303
2012-08-07 23:00:00+00:00,0.8683575053747361,0.8694632234479345,0.8609474127437942,0.8680654201441038
2012-08-08 23:00:00+00:00,0.8624329125336591,0.8666971807034002,0.860414435332152,0.8624477640864814
2012-08-09 23:00:00+00:00,0.8628070820910031,0.866606672306325,0.8567302115470304,0.8627410160694288
2012-08-12 23:00:00+00:00,0.859253368586123,0.8636546777306409,0.8577746496866898,0.8590959282352719
2012-08-13 23:00:00+00:00,0.8652760114808294,0.8653268943647674,0.8569365573574663,0.8650826725331872
2012-08-14 23:00:00+00:00,0.8632612725042803,0.8656490913453831,0.8597937310225581,0.8631909198420082
2012-08-15 23:00:00+00:00,0.8606489204637032,0.8651895516350258,0.8594505201977385,0.8604117651181
2012-08-16 23:00:00+00:00,0.8625352991301991,0.8669975327657269,0.8621483243881296,0.8626220025242548
2012-08-19 23:00:00+00:00,0.8600069434364452,0.8632811882910464,0.8566842294760079,0.8602924025862647
2012-08-20 23:00:00+00:00,0.8597617572402951,0.8611167562616604,0.8549104624623916,0.8596199380237114
2012-08-21 23:00:00+00:00,0.8582101976339502,0.8646272044597499,0.8582654949479498,0.858356601591777
2012-08-22 23:00:00+00:00,0.8537777263806836,0.8567861392060552,0.8504932410306594,0.8541833682858262
2012-08-23 23:00:00+00:00,0.8506002784850017,0.8524594718986127,0.8479034806235256,0.8504770615568118
2012-08-26 23:00:00+00:00,0.8509766895798608,0.8531299173727683,0.8466398215715633,0.8511751799997062
2012-08-27 23:00:00+00:00,0.8506169667564099,0.8525851279305016,0.8448157693631282,0.8505782954769788
2012-08-28 23:00:00+00:00,0.8536393641548059,0.8603335631694365,0.8535931385030261,0.8535290088447707
2012-08-29 23:00:00+00:00,0.858686434647061,0.8631156947730647,0.8562995899691539,0.8586824441820105
2012-08-30 23:00:00+00:00,0.8617328407327627,0.8627762260560435,0.8489381486523636,0.8615781576121402
2012-09-02 23:00:00+00:00,0.8529157729927865,0.8640269225305364,0.8523021562652591,0.8540465989531949
2012-09-03 23:00:00+00:00,0.8622041207769413,0.8659875348164244,0.859406603749108,0.8618688888410737
2012-09-04 23:00:00+00:00,0.8672253825901934,0.8720173550459094,0.8636128302175872,0.8671367841609973
2012-09-05 23:00:00+00:00,0.8667569459527366,0.8739404856724482,0.8651279704179579,0.8669761072393983
2012-09-06 23:00:00+00:00,0.8702732178623817,0.8705814413683155,0.8513546367170711,0.8698460524544247
2012-09-09 23:00:00+00:00,0.8520078279282182,0.8568205450169994,0.85156891129366,0.8517329461055224
2012-09-10 23:00:00+00:00,0.8558626205243445,0.8569085196000882,0.8508157430123537,0.8553018544964927
2012-09-11 23:00:00+00:00,0.8516526677754597,0.8540975406855043,0.8450566410942767,0.8516416697454687
2012-09-12 23:00:00+00:00,0.8465813685717053,0.8543908355974134,0.8456095507516355,0.8466080207806698
2012-09-13 23:00:00+00:00,0.8477946773929812,0.8506577387806229,0.8397079347150358,0.8477666596008366
2012-09-16 23:00:00+00:00,0.8463573119674984,0.8507553973118249,0.8446571636154248,0.8461229920288038
2012-09-17 23:00:00+00:00,0.8485196488805049,0.851165092781055,0.8448193261430588,0.8487247380192326
2012-09-18 23:00:00+00:00,0.8455019215081837,0.8470566904960191,0.8382697893908746,0.8458501906376745
2012-09-19 23:00:00+00:00,0.8390196535637373,0.8473632141126632,0.8389015427141953,0.8390454867278736
2012-09-20 23:00:00+00:00,0.8407508924398629,0.846699501317892,0.8399086582988039,0.8409709093854438
2012-09-23 23:00:00+00:00,0.847822492971915,0.8509076772672437,0.8465506949616664,0.847878240646122
2012-09-24 23:00:00+00:00,0.8461935416570691,0.8507506074234404,0.8418684427265587,0.8464512059228159
2012-09-25 23:00:00+00:00,0.8473091581269669,0.855038539550759,0.8461473589727646,0.8474992712024728
2012-09-26 23:00:00+00:00,0.8494158102102239,0.8508747639111837,0.8440156249711691,0.8488225465052758
2012-09-27 23:00:00+00:00,0.841391879691184,0.8484489040490465,0.8392796921169458,0.8414061590968409
2012-09-30 23:00:00+00:00,0.8488105486069987,0.8492121752602846,0.8454920866740279,0.8488514253730155
2012-10-01 23:00:00+00:00,0.8497588449351287,0.852839217951939,0.8484968655370082,0.8497201651779367
2012-10-02 23:00:00+00:00,0.8528448412894847,0.8623126003017098,0.8522770286396879,0.852870668124858
2012-10-03 23:00:00+00:00,0.8606780449965981,0.8621312085533589,0.8521021390825849,0.8604237516789435
2012-10-04 23:00:00+00:00,0.8530549436359248,0.8544804595276885,0.8473831081105188,0.8531710384118136
2012-10-07 23:00:00+00:00,0.8519322082355231,0.8575736764972521,0.8519937848833694,0.8518806018181697
2012-10-08 23:00:00+00:00,0.8553369871678678,0.8636913187045218,0.8538863073580989,0.855439434516304
2012-10-09 23:00:00+00:00,0.8658843497726375,0.8666696887173031,0.8592452888686407,0.8659358488305188
2012-10-10 23:00:00+00:00,0.8640937199935466,0.8689305996985436,0.8613669504124788,0.8640623060578054
2012-10-11 23:00:00+00:00,0.8640488109271622,0.8648749488407784,0.8602539026154006,0.8643433615886106
2012-10-14 23:00:00+00:00,0.8646825304792505,0.8670906339967497,0.8592304937966269,0.8646919232294163
2012-10-15 23:00:00+00:00,0.8579667518198218,0.8589250555736863,0.8524774120699975,0.8579000012734491
2012-10-16 23:00:00+00:00,0.8501963843041686,0.8521649901544943,0.8497368025516793,0.8500245413704507
2012-10-17 23:00:00+00:00,0.8502812442230896,0.8513999765385446,0.8428346047985575,0.8500360955975059
2012-10-18 23:00:00+00:00,0.8467632527331029,0.848887500983561,0.8443821844543885,0.8467632527331029
2012-10-21 23:00:00+00:00,0.8482193485383065,0.8502692076127978,0.8461941673891854,0.8485032358477193
2012-10-22 23:00:00+00:00,0.8498967654698139,0.8597066144728173,0.8500393297881655,0.8498009571505823
2012-10-23 23:00:00+00:00,0.8582691830375695,0.8649672978238949,0.856239600317469,0.8583354949951172
2012-10-24 23:00:00+00:00,0.8625988760491011,0.8650215882549852,0.857898665183332,0.8627114345549765
2012-10-25 23:00:00+00:00,0.8659113704688903,0.869531568917279,0.8634354112870709,0.8656218389984224
2012-10-29 00:00:00+00:00,0.8662503229293133,0.8683723374285567,0.8595418377191688,0.8657712162301094
2012-10-30 00:00:00+00:00,0.8614558836947895,0.8633988240235662,0.8540217208239154,0.8612825947423135
2012-10-31 00:00:00+00:00,0.8563336298580951,0.8578211789009605,0.8515053281817454,0.8562351824401102
2012-11-01 00:00:00+00:00,0.855574207921182,0.8615372612968646,0.8545398661641412,0.8555723418076903
2012-11-02 00:00:00+00:00,0.859135172638014,0.8653105546515534,0.8589624124452466,0.8587595010262283
2012-11-05 00:00:00+00:00,0.8661115530935799,0.866326746641986,0.863185908776248,0.8659002143518395
2012-11-06 00:00:00+00:00,0.8623644298808365,0.8653418985226248,0.8618015318316518,0.8624129141530683
2012-11-07 00:00:00+00:00,0.862383279447677,0.8665730407069898,0.8583863958086464,0.8622892207533404
2012-11-08 00:00:00+00:00,0.8635536824339435,0.8650656461987226,0.8615466040818527,0.8636181606278552
2012-11-09 00:00:00+00:00,0.8614518953432541,0.8717010352179305,0.8581695423985202,0.8613770503824518
2012-11-12 00:00:00+00:00,0.8693924400512945,0.8726228966119708,0.8683573487457241,0.8691988924103978
2012-11-13 00:00:00+00:00,0.8718259588684888,0.8768813109104544,0.871773657679829,0.8715651409185103
2012-11-14 00:00:00+00:00,0.8748890057623483,0.8757844234428865,0.8721111174758338,0.8749435339809457
2012-11-15 00:00:00+00:00,0.8755451302944692,0.8771850448023305,0.8705453098367986,0.8756354209309529
2012-11-16 00:00:00+00:00,0.8722311426485878,0.8790008602499215,0.8719576609559394,0.8720393216579706
2012-11-19 00:00:00+00:00,0.8757775391461561,0.8766751991939669,0.8686848006929371,0.8759323687883371
2012-11-20 00:00:00+00:00,0.8703526785228223,0.8730908213643227,0.8681015692267595,0.8700207871714863
2012-11-21 00:00:00+00:00,0.8722871664525467,0.8773231341978335,0.8669840741110123,0.8722921976037891
2012-11-22 00:00:00+00:00,0.8647864245463196,0.8676645135857687,0.8609620157591775,0.8644256504679668
2012-11-23 00:00:00+00:00,0.862086306631294,0.8624395721338878,0.8549787795493652,0.862099226546217
2012-11-26 00:00:00+00:00,0.8543521528212005,0.8569732766802983,0.8518523440899038,0.8546146177161708
2012-11-27 00:00:00+00:00,0.8510819544152554,0.8635243237336692,0.8500988122957717,0.851201942141954
2012-11-28 00:00:00+00:00,0.8632240465871616,0.8651910471043355,0.860077679174671,0.8633789129916608
2012-11-29 00:00:00+00:00,0.8576549426824133,0.8607630723371696,0.8539480760497826,0.8575852974253291
2012-11-30 00:00:00+00:00,0.8602724908638005,0.8613953194761529,0.8566462466280663,0.8602028154545246
2012-12-03 00:00:00+00:00,0.8588203428942576,0.8592460865611975,0.8545067927222446,0.858891109782376
2012-12-05 00:00:00+00:00,0.8506928991702143,0.8545048689562585,0.8492353312801365,0.8507859177469774
2012-12-06 00:00:00+00:00,0.8514631903965713,0.8555999878914126,0.8504581088807089,0.8516864688399803
2012-12-07 00:00:00+00:00,0.8561550097507147,0.8630451694611581,0.855755975155463,0.8563537465109547
2012-12-10 00:00:00+00:00,0.8620024597357938,0.8641935779202369,0.8604068109978373,0.8621899547940567
2012-12-11 00:00:00+00:00,0.8629014543905825,0.8641199911794355,0.8564313178447398,0.8629254719994309
2012-12-12 00:00:00+00:00,0.8570226289307595,0.8590082896126626,0.852887687970214,0.8569773416701446
2012-12-13 00:00:00+00:00,0.8585618343852605,0.8635114031518099,0.8573463999443764,0.8584885309644824
2012-12-14 00:00:00+00:00,0.8613383324383946,0.8664529246668662,0.858381703680261,0.8612763883808523
2012-12-17 00:00:00+00:00,0.861094987312276,0.8624533920772715,0.8560681506427656,0.8613213710466869
2012-12-18 00:00:00+00:00,0.8590120937683765,0.8599146821523497,0.8515163316878995,0.8589840173194416
2012-12-19 00:00:00+00:00,0.8516529355559809,0.8522083550881067,0.8385057506273582,0.8515316004439685
2012-12-20 00:00:00+00:00,0.8461012490341615,0.8463503478528269,0.8381422955302441,0.8460914089371606
2012-12-21 00:00:00+00:00,0.8399480970284571,0.8440471618465308,0.8384778302783653,0.8399442203046926
2012-12-24 00:00:00+00:00,0.8446553082973219,0.8462868309450257,0.8405058885806374,0.8442282357757809
2012-12-25 00:00:00+00:00,0.8447266276908996,0.8466828791057269,0.8430479331036123,0.8448922909532917
2012-12-26 00:00:00+00:00,0.8442104878459803,0.8453469941060541,0.8387442209692054,0.8441330884032686
2012-12-27 00:00:00+00:00,0.8389610963310985,0.8411581979445648,0.8355333550978981,0.838946588942836
2012-12-28 00:00:00+00:00,0.8382613657530495,0.8427964375474366,0.8361738967807385,0.838160370086898
2012-12-31 00:00:00+00:00,0.8385260714911222,0.8417046886430122,0.8373140418728732,0.838760427659778
2013-01-01 00:00:00+00:00,0.8386942469526073,0.8396232503589737,0.8358409153934325,0.8358409153934325
2013-01-02 00:00:00+00:00,0.8371843901364698,0.8378074607399327,0.8313333862865292,0.8375456276085829
2013-01-03 00:00:00+00:00,0.8372373380011711,0.8423869894610374,0.8367062583603805,0.8374343437512786
2013-01-04 00:00:00+00:00,0.8440608210216586,0.8469473088378411,0.8427684904995443,0.8446553825744774
2013-01-07 00:00:00+00:00,0.843995929925769,0.8462009679154323,0.8397094248354375,0.8438075484139562
2013-01-08 00:00:00+00:00,0.8377716518294114,0.8465839186719624,0.8368341935749417,0.8375652455951187
2013-01-09 00:00:00+00:00,0.8456199236851375,0.8502589648283806,0.8448598508016744,0.8456350277327266
2013-01-10 00:00:00+00:00,0.8472027997407137,0.8478929667795908,0.8354815562984985,0.8470736110847121
2013-01-11 00:00:00+00:00,0.8373245395619745,0.8399673609506877,0.833860968481846,0.8371159227650332
2013-01-14 00:00:00+00:00,0.8329781820152504,0.8341179830294734,0.8317336439330448,0.8331613093165292
2013-01-15 00:00:00+00:00,0.8317811194158973,0.83748318388615,0.8306995307165636,0.8316005309644918
2013-01-17 00:00:00+00:00,0.8385232527770803,0.839481156381424,0.8328581836183206,0.8382802762817563
2013-01-18 00:00:00+00:00,0.837585783358688,0.8432308042413954,0.8356262784731797,0.8374946817674843
2013-01-21 00:00:00+00:00,0.8403430568404551,0.8447938231160695,0.8388158125404976,0.8401547750973957
2013-01-22 00:00:00+00:00,0.8417149212312437,0.8428608213170821,0.8363087474499415,0.8416504663232639
2013-01-23 00:00:00+00:00,0.8396445449333576,0.8448204290181384,0.838794142435554,0.8395929461014223
2013-01-24 00:00:00+00:00,0.8411324676787981,0.8432072988481005,0.8381785533749454,0.8411819661836729
2013-01-25 00:00:00+00:00,0.8378475684484754,0.838214478758187,0.8303871169357455,0.8377841964060903
2013-01-28 00:00:00+00:00,0.8326122392028205,0.8349162546170416,0.8268387318796997,0.8326379833411189
2013-01-29 00:00:00+00:00,0.8277018242253616,0.8285160408083232,0.8223925264806401,0.827733010727802
2013-01-30 00:00:00+00:00,0.8213868364104683,0.8215540278608447,0.8171531480274535,0.8211698435015097
2013-01-31 00:00:00+00:00,0.818288409179977,0.8213351452665856,0.8169741681081389,0.8183152806098537
2013-02-01 00:00:00+00:00,0.8182943292876715,0.8186733612314508,0.8104026487591675,0.8182698460196982
2013-02-04 00:00:00+00:00,0.81302878612866,0.816740362975581,0.8120744051927625,0.8128738775949551
2013-02-05 00:00:00+00:00,0.8158885285859687,0.81854208394838,0.8134189818113428,0.8157467196537648
2013-02-06 00:00:00+00:00,0.81527522028907,0.8205713006687527,0.8141964242441687,0.8152051143426803
2013-02-07 00:00:00+00:00,0.8200941706495859,0.8298534966972946,0.8169577254890481,0.8200425724840452
2013-02-08 00:00:00+00:00,0.8278787590354645,0.8290691267277748,0.8250679941738697,0.827633792019314
2013-02-11 00:00:00+00:00,0.8305760038830217,0.8306277905981734,0.8242675094413994,0.830356411062509
2013-02-12 00:00:00+00:00,0.824309196050597,0.8264009097766499,0.8187504093039358,0.8241172765463878
2013-02-13 00:00:00+00:00,0.8199355313712114,0.8212342618173082,0.8088490496208315,0.8198604682307068
2013-02-14 00:00:00+00:00,0.8106658406637404,0.8192967710548742,0.8098062839047443,0.810729909025354
2013-02-15 00:00:00+00:00,0.8148931680973504,0.8195336833696357,0.8138566347166021,0.814532061070627
2013-02-18 00:00:00+00:00,0.8162415132062161,0.8189405918319326,0.8152305522424269,0.8160996464338125
2013-02-19 00:00:00+00:00,0.8184233301475727,0.819815363403345,0.8140620411006549,0.818850154833868
2013-02-20 00:00:00+00:00,0.8123879516018563,0.8134075699153074,0.8098247554732897,0.8123234451768564
2013-02-21 00:00:00+00:00,0.81866831927741,0.8307748831254057,0.8174947819898062,0.8187328257024098
2013-02-22 00:00:00+00:00,0.8277844669533855,0.8303725415562018,0.8226234845116203,0.8279070985684175
2013-02-25 00:00:00+00:00,0.8262071741626572,0.8270305718571609,0.8199145743064835,0.8260706843504079
2013-02-26 00:00:00+00:00,0.8347106122163187,0.8358087300242204,0.8319060760743469,0.8344141220075344
2013-02-27 00:00:00+00:00,0.8314278224563558,0.8335915309144767,0.8282848376569547,0.8313762548851669
2013-02-28 00:00:00+00:00,0.8282626169784658,0.8319109902650212,0.8277985841910868,0.828223950983567
2013-03-01 00:00:00+00:00,0.8327218633254929,0.8331872266416961,0.8257482837539861,0.8328948645099977
2013-03-04 00:00:00+00:00,0.8297494539323816,0.8317122555789535,0.8281904827496724,0.8296860216286223
2013-03-05 00:00:00+00:00,0.8263986175860359,0.8278180224358446,0.8215262048005535,0.8265275456655634
2013-03-06 00:00:00+00:00,0.8225609227889481,0.8263325714663712,0.8205973807332201,0.8226995104444019
2013-03-07 00:00:00+00:00,0.8269895021553463,0.8274015452388821,0.8156557968091825,0.8268556815787498
2013-03-08 00:00:00+00:00,0.8147785896205829,0.8272362415033927,0.8149046334911928,0.8147876265656431
2013-03-11 00:00:00+00:00,0.8263991948919658,0.8266020726277228,0.8244609052566917,0.8264614442580289
2013-03-12 00:00:00+00:00,0.8241201779634719,0.8262252288088172,0.8180868586446695,0.8240336659503855
2013-03-13 00:00:00+00:00,0.81835059847314,0.8287390224355083,0.815946123753137,0.8184642567924829
2013-03-14 00:00:00+00:00,0.8281501938960036,0.8355888604508023,0.8269130814239952,0.8281715725521188
2013-03-15 00:00:00+00:00,0.8293931488525383,0.8299170810443165,0.8215441062839528,0.8294513625380961
2013-03-18 00:00:00+00:00,0.8329260921834033,0.8327350726909872,0.828354542516617,0.8325418769128007
2013-03-19 00:00:00+00:00,0.8296680362560483,0.8321259005061916,0.8281568431332075,0.8297987397550728
2013-03-20 00:00:00+00:00,0.8333028507324272,0.8335808692407821,0.828265136160764,0.8333039258282103
2013-03-21 00:00:00+00:00,0.8329468422576437,0.8370087340133675,0.831817274761225,0.8328798828246782
2013-03-22 00:00:00+00:00,0.8351948769781603,0.8408905649910007,0.83418578998634,0.835231338565003
2013-03-25 00:00:00+00:00,0.8333032976037139,0.8429942352877731,0.8308820525202927,0.8330789565509223
2013-03-26 00:00:00+00:00,0.8399711824733602,0.8402594213610339,0.8344364979333834,0.839818606258282
2013-03-27 00:00:00+00:00,0.8362565728953062,0.8397730629081956,0.8336018311687577,0.8363575236398365
2013-03-28 00:00:00+00:00,0.8404869451470195,0.8420680045859588,0.8359465652606618,0.8405513178561603
2013-03-29 00:00:00+00:00,0.8393880908165401,0.8423188406153155,0.8380164768344583,0.8395470391087672
2013-03-31 23:00:00+00:00,0.8401329224950892,0.8430911890450065,0.8377369188251836,0.8401883293911716
2013-04-01 23:00:00+00:00,0.8380826214704369,0.8382745208742709,0.8332946802148151,0.8381985351751101
2013-04-02 23:00:00+00:00,0.8356309384252321,0.8382716234425509,0.8350878576985324,0.8356609555492676
2013-04-03 23:00:00+00:00,0.8389926223147088,0.8485345721715536,0.8381037445637747,0.8389797208265407
2013-04-04 23:00:00+00:00,0.8401797965541513,0.8407972283218277,0.8284996447450997,0.8403462146128644
2013-04-07 23:00:00+00:00,0.8303012107898301,0.8319714859467838,0.8244592650172867,0.8302587170248078
2013-04-08 23:00:00+00:00,0.825413789121713,0.8287475029523613,0.8230277426489757,0.8253449772840511
2013-04-09 23:00:00+00:00,0.8229641490741065,0.8238487363370357,0.8191083470954191,0.8226991205856923
2013-04-10 23:00:00+00:00,0.8254186884533288,0.8256966024714648,0.8153635911001538,0.8255487417102675
2013-04-11 23:00:00+00:00,0.817301500773152,0.8234886327441227,0.8164594437123072,0.8172452661342112
2013-04-14 23:00:00+00:00,0.8205564387067635,0.8256083900379417,0.8191626563353405,0.8205197167571626
2013-04-15 23:00:00+00:00,0.8264794568616456,0.8282852450207199,0.8201074350421272,0.826615796730764
2013-04-16 23:00:00+00:00,0.819449776142403,0.8380976611548613,0.818985316943932,0.819314346261134
2013-04-17 23:00:00+00:00,0.8399396740526557,0.8429445177394351,0.8363029863095228,0.8399268358694171
2013-04-18 23:00:00+00:00,0.8414976605963047,0.841847050479297,0.8355886032810151,0.8416781969122098
2013-04-21 23:00:00+00:00,0.8415188525935839,0.8425808572989729,0.8383226783821378,0.8419398031108196
2013-04-22 23:00:00+00:00,0.8410381518852372,0.8538571623153721,0.8403942684559438,0.8410218129364765
2013-04-23 23:00:00+00:00,0.8564367025376127,0.8567388370455111,0.8485457615396569,0.8566718018990943
2013-04-24 23:00:00+00:00,0.8515713516429632,0.8519904595354074,0.8453175395792346,0.8515829593482194
2013-04-25 23:00:00+00:00,0.8513655511857688,0.8516787558211873,0.8452511707476809,0.8513819691417422
2013-04-28 23:00:00+00:00,0.8447169897427289,0.8452161720986873,0.8398963622964521,0.8442365477311645
2013-04-29 23:00:00+00:00,0.8425053731656724,0.8455774655190389,0.8322948914434969,0.8423765314697225
2013-04-30 23:00:00+00:00,0.8353607924345117,0.8360328319457969,0.8279970042969669,0.8353335582763238
2013-05-01 23:00:00+00:00,0.8334063271808544,0.8427353647843924,0.8325770831230647,0.8333990639986039
2013-05-02 23:00:00+00:00,0.8421527273907167,0.8425108257561745,0.8336297714136667,0.841677957968152
2013-05-05 23:00:00+00:00,0.8377133370826851,0.8423887614877628,0.8370090439931616,0.8374667905355823
2013-05-06 23:00:00+00:00,0.8436323409564667,0.8449695330323241,0.8371996768480666,0.8434648261256278
2013-05-07 23:00:00+00:00,0.8414658182625607,0.8418762371797156,0.8347874766411422,0.8415132245218004
2013-05-08 23:00:00+00:00,0.8372551047363392,0.8402885486849099,0.8345126745972565,0.8371184784430055
2013-05-09 23:00:00+00:00,0.8447260953246636,0.8533978904596872,0.8435164891353908,0.8447765616583295
2013-05-12 23:00:00+00:00,0.8512607153322408,0.8528152823416528,0.8484497262487787,0.8512318907991022
2013-05-13 23:00:00+00:00,0.8505179877800952,0.8601719676151126,0.8476809501572945,0.8503976581964935
2013-05-14 23:00:00+00:00,0.8586116025091455,0.8626338680015813,0.8576854913511018,0.8586307588425927
2013-05-15 23:00:00+00:00,0.8593748473733471,0.8613701698693623,0.8545644799583997,0.8594121996269075
2013-05-16 23:00:00+00:00,0.8583789703800739,0.8636751535450871,0.8576820868097719,0.858174395497791
2013-05-19 23:00:00+00:00,0.8619896600321572,0.8632724668419046,0.8562262376248269,0.8619136778285773
2013-05-20 23:00:00+00:00,0.8561674810625769,0.8596701227945471,0.853299972276266,0.8562962962052915
2013-05-21 23:00:00+00:00,0.8511677572238765,0.854910192619745,0.8460905710883544,0.8511731962066849
2013-05-22 23:00:00+00:00,0.8560428057713744,0.8607035763554908,0.8542393215085079,0.8560656488285097
2013-05-23 23:00:00+00:00,0.857157572470113,0.8594597987511555,0.8531530101525007,0.8573636484752434
2013-05-26 23:00:00+00:00,0.8552216369294289,0.8567976947878756,0.8543786632293472,0.8551695407802422
2013-05-27 23:00:00+00:00,0.855391420244114,0.8626652635390778,0.8542959968958596,0.8553302978205362
2013-05-28 23:00:00+00:00,0.8654898279798222,0.8656146083710445,0.8531487792353298,0.8654020722954789
2013-05-29 23:00:00+00:00,0.8563222089956822,0.8570103326793063,0.8447636148740516,0.8561676832649985
2013-05-30 23:00:00+00:00,0.8457619585943701,0.856527239455198,0.8452736882999601,0.8458169648012068
2013-06-02 23:00:00+00:00,0.8529608849052096,0.8539249510659783,0.8412415801258719,0.852837787550682
2013-06-03 23:00:00+00:00,0.8424255391531633,0.8470178881807959,0.8420257454718391,0.8423363744509265
2013-06-04 23:00:00+00:00,0.8458435878543704,0.8514745868653844,0.8438026382875854,0.8457437558934345
2013-06-05 23:00:00+00:00,0.8491051142368659,0.8507347648267913,0.8415261507589343,0.848817946383664
2013-06-06 23:00:00+00:00,0.843875257121778,0.8483963524597641,0.8409876091400058,0.8438352465164857
2013-06-09 23:00:00+00:00,0.845143279062297,0.8516166226792526,0.8443894289275484,0.8452193871799213
2013-06-10 23:00:00+00:00,0.8465298744880888,0.8522918438594821,0.8438598914826744,0.8466040592538946
2013-06-11 23:00:00+00:00,0.8435749232089572,0.8446381786933794,0.8352204592503588,0.8436069032985584
2013-06-12 23:00:00+00:00,0.8379195308906285,0.8409897282159928,0.8367812542284041,0.8379270441914031
2013-06-13 23:00:00+00:00,0.834494764637956,0.836703084017163,0.8286469131554206,0.8341675833005712
2013-06-16 23:00:00+00:00,0.8288970956355416,0.834386793600427,0.8286446958758027,0.8290671554739238
2013-06-17 23:00:00+00:00,0.8323797220809541,0.8385267932857631,0.8303535185777532,0.8328285216530223
2013-06-18 23:00:00+00:00,0.8305970665725547,0.8321942375414336,0.8228285423245554,0.830767195874512
2013-06-19 23:00:00+00:00,0.8325458654478295,0.8518026602901291,0.8317400118537386,0.8322730682043523
2013-06-20 23:00:00+00:00,0.8455066949820529,0.8642817197495408,0.8430874904369602,0.8456730089360702
2013-06-23 23:00:00+00:00,0.8622331476873188,0.8761690451161314,0.8601844196708166,0.8627216161380673
2013-06-24 23:00:00+00:00,0.8702179574751425,0.8727085939060556,0.8592503051674196,0.8700735630759486
2013-06-25 23:00:00+00:00,0.8649420007918162,0.8683906184605873,0.8600952463214466,0.8643345570614004
2013-06-26 23:00:00+00:00,0.8688687509250286,0.8717352055083618,0.8637389438177295,0.8686573772901987
2013-06-27 23:00:00+00:00,0.868787804908935,0.8711762084356186,0.8631715864892227,0.8686563149189563
2013-06-30 23:00:00+00:00,0.8635810296369728,0.8646283206017386,0.8580480925584832,0.8632092642846388
2013-07-01 23:00:00+00:00,0.860688133876609,0.8650537428155196,0.8580752697497138,0.8602770953633723
2013-07-02 23:00:00+00:00,0.8659127300290315,0.8723285881124812,0.8604504022437081,0.8661835966287073
2013-07-03 23:00:00+00:00,0.8616884008185453,0.8674303269640998,0.8598665687637008,0.8619179678746334
2013-07-04 23:00:00+00:00,0.8613430831819479,0.8789227727749918,0.861408875065192,0.861368556509387
2013-07-07 23:00:00+00:00,0.8787605452262874,0.8848388324742027,0.872877249546765,0.8772520487929607
2013-07-08 23:00:00+00:00,0.8738250832247125,0.8801872768967278,0.871251606538883,0.874223639716447
2013-07-09 23:00:00+00:00,0.876343594188999,0.8786219419577065,0.8709590870687958,0.8763822645198178
2013-07-10 23:00:00+00:00,0.8508498939449948,0.8655716925872412,0.8497056555823874,0.8493156310403984
2013-07-11 23:00:00+00:00,0.8581513932309933,0.863227870779946,0.8568474112983993,0.8581900618168677
2013-07-14 23:00:00+00:00,0.8596353306069618,0.8654369481104011,0.8586068187600766,0.8600143006640859
2013-07-15 23:00:00+00:00,0.8603676482609393,0.8622235778576013,0.8488383894798038,0.8608737937831724
2013-07-16 23:00:00+00:00,0.84863099870685,0.8533071841866994,0.8430979393725391,0.8485256609127979
2013-07-17 23:00:00+00:00,0.8466473624432694,0.8510501966525731,0.8457905430536046,0.846357331896008
2013-07-18 23:00:00+00:00,0.8461492925081548,0.8480059618472507,0.8418333624714428,0.84671907510926
2013-07-21 23:00:00+00:00,0.8415168735092732,0.8426547990717748,0.834507486826733,0.8412126657859866
2013-07-22 23:00:00+00:00,0.835450495252151,0.836698453679687,0.8312366149663771,0.8354955925069545
2013-07-23 23:00:00+00:00,0.8310582955109704,0.837505146332879,0.8299882848560879,0.8311225575838765
2013-07-24 23:00:00+00:00,0.839467267058422,0.842630372581248,0.8365931027588632,0.8395629215538556
2013-07-25 23:00:00+00:00,0.8352990171068888,0.8378568626128844,0.8320214963026563,0.8352079148569658
2013-07-28 23:00:00+00:00,0.8337684505766669,0.8369388915856566,0.8307813582708135,0.8339757793882339
2013-07-29 23:00:00+00:00,0.8345859420383399,0.8472107360418166,0.8340000448894995,0.8345021561196608
2013-07-30 23:00:00+00:00,0.8450995064489968,0.8507569582377239,0.8423702664529252,0.844633103235576
2013-07-31 23:00:00+00:00,0.8379453792781848,0.851359572707477,0.8374217944150103,0.8377764734253357
2013-08-01 23:00:00+00:00,0.8512992242022629,0.8573393350258609,0.8499370421104665,0.8513519055073128
2013-08-04 23:00:00+00:00,0.8513541993274191,0.8529673999104961,0.8481479552716186,0.851319210221719
2013-08-05 23:00:00+00:00,0.8483711081203216,0.8490041982364271,0.8439139784285123,0.8484390146712932
2013-08-06 23:00:00+00:00,0.8444417093443717,0.85014920506546,0.8408144359962106,0.844410523421777
2013-08-07 23:00:00+00:00,0.8391567796388754,0.8405012076763847,0.8347044635787886,0.8394572096281449
2013-08-08 23:00:00+00:00,0.8365304602381068,0.8388120022469339,0.8345477955467607,0.836571713488491
2013-08-11 23:00:00+00:00,0.8391551842306368,0.8432765758767878,0.8385802116502197,0.8384521309394832
2013-08-12 23:00:00+00:00,0.841586831640096,0.8453146833541632,0.8384076282137408,0.841754449071448
2013-08-13 23:00:00+00:00,0.8423822735971593,0.8443024319717917,0.838121884141964,0.8422671334610974
2013-08-14 23:00:00+00:00,0.8386976237523434,0.8468216266519238,0.8357955177886954,0.838787201733117
2013-08-15 23:00:00+00:00,0.8391646056575163,0.8416541860844358,0.8378969143276608,0.8392520857675256
2013-08-18 23:00:00+00:00,0.840274890049023,0.8418973994446179,0.8376434598072678,0.8403621276243248
2013-08-19 23:00:00+00:00,0.8391334493317587,0.8425906648714196,0.8331684594928773,0.8390276794298757
2013-08-20 23:00:00+00:00,0.8361682399248865,0.8470570092452859,0.8362415677314726,0.8365431272792566
2013-08-21 23:00:00+00:00,0.8478982369247001,0.8488894285600106,0.8386904879764254,0.8478750545048207
2013-08-22 23:00:00+00:00,0.8396636525353914,0.8437651049103847,0.8356299561833619,0.8395514457187382
2013-08-25 23:00:00+00:00,0.8367849198124409,0.8422925348086282,0.835939065094656,0.836576851646207
2013-08-26 23:00:00+00:00,0.839940466905759,0.8435888063634844,0.8362303181142307,0.8398867643072331
2013-08-27 23:00:00+00:00,0.8363705866003717,0.8422058998369579,0.8340447186778668,0.8360692564150959
2013-08-28 23:00:00+00:00,0.8383687069358825,0.8507656107092785,0.8375765729390567,0.8384223537615375
2013-08-29 23:00:00+00:00,0.8499449968128219,0.8570323459335669,0.8490843023354135,0.8500094351786625
2013-09-01 23:00:00+00:00,0.8544712699069282,0.8553099258634532,0.8505863951311345,0.8542352422479488
2013-09-02 23:00:00+00:00,0.851178949034526,0.8544943351826647,0.8503720564657744,0.8515514593198429
2013-09-03 23:00:00+00:00,0.8536843885829138,0.8544808026898624,0.8501811344120949,0.8536238228026043
2013-09-04 23:00:00+00:00,0.8505209299843194,0.8613038193269253,0.8501792474374644,0.8501933849805459
2013-09-05 23:00:00+00:00,0.8618266512402247,0.862551540413543,0.85262601082182,0.861871558527474
2013-09-22 23:00:00+00:00,0.8195709873242313,0.8239993422189128,0.8182568722133962,0.8192852946762168
2013-09-23 23:00:00+00:00,0.8236071079586661,0.8278493304429377,0.8217819303543276,0.8234652208739703
2013-09-24 23:00:00+00:00,0.8252021004671805,0.8306752053252382,0.8232661152185773,0.8251681779556981
2013-09-25 23:00:00+00:00,0.8282109409612387,0.8295646556161148,0.8254756331447123,0.8282173587096434
2013-09-26 23:00:00+00:00,0.8272511966237778,0.8294303321310619,0.8260453929500129,0.8272802312453545
2013-09-29 23:00:00+00:00,0.829952272623429,0.8303300144073721,0.8243227195482474,0.8303434077397068
2013-09-30 23:00:00+00:00,0.827793906961985,0.828265994114761,0.8180019651607998,0.8277928381308876
2013-10-01 23:00:00+00:00,0.8203510264200845,0.8252568799594127,0.8198209994084892,0.8200958713198323
2013-10-02 23:00:00+00:00,0.8223214600858694,0.8228911300508234,0.8164838857961629,0.822037109950405
2013-10-03 23:00:00+00:00,0.8176643430815024,0.8273110493422038,0.8169706405721308,0.8177914254542477
2013-10-06 23:00:00+00:00,0.8272088030451834,0.8315567353969873,0.826686079984493,0.8272107971736341
2013-10-08 23:00:00+00:00,0.8275253833945575,0.835056013124867,0.827514176543346,0.82762717809718
2013-10-09 23:00:00+00:00,0.8338921749080963,0.840962908915248,0.8335564333871988,0.8337399732137317
2013-10-10 23:00:00+00:00,0.8389547981396136,0.8393932320561235,0.8327314876568596,0.8387217003426282
2013-10-13 23:00:00+00:00,0.8345122676568952,0.8374405121877956,0.8327808579280166,0.8343547477058226
2013-10-14 23:00:00+00:00,0.8340299600742238,0.839594017875782,0.831371943453623,0.8340813379284603
2013-10-15 23:00:00+00:00,0.8371205263693864,0.8400934843616058,0.8371961027948617,0.8374471280097872
2013-10-16 23:00:00+00:00,0.8361909850248942,0.8363249634429655,0.8237843404409524,0.835980590701316
2013-10-17 23:00:00+00:00,0.8259648752525179,0.8290171285671653,0.8238744919111717,0.8260422395576483
2013-10-20 23:00:00+00:00,0.8275727184413174,0.829971006627935,0.8254012199213845,0.8276245429031407
2013-10-21 23:00:00+00:00,0.8247866501958756,0.8270651327026939,0.8199182320565697,0.8246718778793029
2013-10-22 23:00:00+00:00,0.8214142089380085,0.8239132512549593,0.8201846404212592,0.8213012614498252
2013-10-23 23:00:00+00:00,0.8214913006630992,0.8226505478450615,0.8178534921494715,0.8214074992962264
2013-10-24 23:00:00+00:00,0.819115477453377,0.8200044978719975,0.8150895429014745,0.8189783003298504
2013-10-28 00:00:00+00:00,0.814878354881527,0.8192839103499909,0.8138331737909815,0.8146730156887134
2013-10-29 00:00:00+00:00,0.8179605231597709,0.8226704610133705,0.8177480558601414,0.8179177323724484
2013-10-30 00:00:00+00:00,0.8224876555502759,0.8247641059648508,0.8213387972461623,0.82264504204147
2013-10-31 00:00:00+00:00,0.8251236633694483,0.8340016640669592,0.8242141843023288,0.8251140721242108
2013-11-01 00:00:00+00:00,0.8354357205696539,0.844291090929845,0.8354679610833464,0.83538519777983
2013-11-04 00:00:00+00:00,0.8417397183747318,0.845251719959427,0.8366776098865947,0.8417038256385034
2013-11-05 00:00:00+00:00,0.8397879146173821,0.843696238789018,0.8387460506722177,0.8398911362455981
2013-11-06 00:00:00+00:00,0.8409902881111269,0.8413182227338807,0.8359902761074605,0.8410738426453371
2013-11-07 00:00:00+00:00,0.8373859322267242,0.8451941787765815,0.8339816347876243,0.8375689173490093
2013-11-08 00:00:00+00:00,0.8440142139292939,0.8536643802985178,0.8418611604200124,0.84407977330519
2013-11-11 00:00:00+00:00,0.8514761166808726,0.8515114079998711,0.8465537112423815,0.8517211949385927
2013-11-12 00:00:00+00:00,0.8462576685531671,0.8592041098642806,0.8459938817003249,0.8464562809970578
2013-11-13 00:00:00+00:00,0.8577590628927894,0.8645319672923601,0.856456979620085,0.8579248776047432
2013-11-14 00:00:00+00:00,0.8565201071465979,0.8630427255815384,0.8562159417964187,0.8564537608158431
2013-11-15 00:00:00+00:00,0.8578225445279538,0.8586104119453635,0.8549001561833643,0.8579205777985025
2013-11-18 00:00:00+00:00,0.8571005094541171,0.8576697829154197,0.8492260192179157,0.8570514343010386
2013-11-19 00:00:00+00:00,0.8523916901418067,0.8562872840884237,0.8511188557852021,0.8524234780100715
2013-11-20 00:00:00+00:00,0.8508140200976091,0.8548454780926342,0.8487783598710059,0.8509065244439807
2013-11-21 00:00:00+00:00,0.8587554516128814,0.8603950848991866,0.8543155731842922,0.8584071487833177
2013-11-22 00:00:00+00:00,0.8562295355340112,0.8567363769094664,0.8472514240276029,0.8557071190183909
2013-11-25 00:00:00+00:00,0.8489813170937176,0.8503816116883501,0.8469833795606807,0.8489090443413941
2013-11-26 00:00:00+00:00,0.8467131465097955,0.8499512379580267,0.8428322850141955,0.8469956520714891
2013-11-27 00:00:00+00:00,0.8472954381921208,0.8487179397288152,0.8442563707114754,0.8471709823015708
2013-11-28 00:00:00+00:00,0.8482003089463748,0.8496191471688899,0.8449760036237843,0.8488710356469252
2013-11-29 00:00:00+00:00,0.8441686002122385,0.8491740374933783,0.8425784736302312,0.8440962452612535
2013-12-02 00:00:00+00:00,0.8440895509590656,0.8475990726054753,0.8386031353748931,0.844694546874605
2013-12-03 00:00:00+00:00,0.8466903564952587,0.8475317195175627,0.8392785673218685,0.8467149001222014
2013-12-04 00:00:00+00:00,0.8400455316865761,0.8418197615629733,0.8380634129810947,0.8402227142312783
2013-12-05 00:00:00+00:00,0.8378635559711229,0.8440849076265226,0.8345652482929526,0.8378829835835447
2013-12-06 00:00:00+00:00,0.8361736894705081,0.8453559652115055,0.8361177691300414,0.836368452180097
2013-12-09 00:00:00+00:00,0.8388677065535974,0.8429276127672292,0.837847788322987,0.8388792863456263
2013-12-10 00:00:00+00:00,0.8420729997220042,0.8468530063053895,0.8407416225696948,0.8422190402012176
2013-12-11 00:00:00+00:00,0.842728343981968,0.8464336121692551,0.8418832598082527,0.8428998643765055
2013-12-12 00:00:00+00:00,0.844131821501326,0.8496985326994567,0.8429966559215775,0.8442453472729369
2013-12-13 00:00:00+00:00,0.8521307722008149,0.8529849406185122,0.8467068769024418,0.8522210562918848
2013-12-16 00:00:00+00:00,0.8485966368981721,0.8491902382734496,0.8445166834262281,0.8485446147353303
2013-12-17 00:00:00+00:00,0.848176195300127,0.851490856438033,0.8432364176180127,0.8480445760544056
2013-12-18 00:00:00+00:00,0.8455685683530678,0.8459361142160455,0.8402925412812162,0.8452589881593111
2013-12-19 00:00:00+00:00,0.846008485949049,0.8501075045169978,0.8411972167146722,0.8461903849752367
2013-12-20 00:00:00+00:00,0.8487607383438339,0.8509236574924488,0.8444373375581039,0.8485582227527151
2013-12-23 00:00:00+00:00,0.8491458736545568,0.8493692858953796,0.8438223946772376,0.8489516376491741
2013-12-24 00:00:00+00:00,0.846523891548046,0.8501911893757392,0.8466167244815116,0.8466464306218447
2013-12-25 00:00:00+00:00,0.8459230648461558,0.848018228562529,0.8418825754563838,0.8450990148359135
2013-12-26 00:00:00+00:00,0.8466176289922891,0.8469670211985633,0.844206318282471,0.8466897825633682
2013-12-27 00:00:00+00:00,0.8437440815412958,0.8445087291989073,0.834163076171069,0.8436764699823662
2013-12-30 00:00:00+00:00,0.8400911360645454,0.8425014192570478,0.829664000617948,0.8400011093111792
2013-12-31 00:00:00+00:00,0.827001811331299,0.8309766780162282,0.8260073301750427,0.8267617042893298
2014-01-01 00:00:00+00:00,0.8294246115336005,0.8294117567468333,0.8248251324614301,0.8294246115336005
2014-01-02 00:00:00+00:00,0.8287170888832844,0.8395431441397494,0.8287897703856063,0.8291119063918152
2014-01-03 00:00:00+00:00,0.8409292719902042,0.8411692229214266,0.8360955873575455,0.8410224414363995
2014-01-06 00:00:00+00:00,0.8404544659843884,0.8429342219228119,0.8392659799616817,0.8406962721624581
2014-01-07 00:00:00+00:00,0.8392915739112253,0.8412651748135819,0.8355538059692681,0.8393379413826608
2014-01-08 00:00:00+00:00,0.8399341829586823,0.847442015131738,0.8388234724689018,0.8400708466196881
2014-01-09 00:00:00+00:00,0.8478513362276312,0.8488885784286838,0.8446914660196336,0.8476217573450228
2014-01-10 00:00:00+00:00,0.8450310594145668,0.8451608702340787,0.8366070880031083,0.8449599960543076
2014-01-14 00:00:00+00:00,0.8382563355723279,0.8399132586211943,0.8290280021541774,0.8383298843506956
2014-01-15 00:00:00+00:00,0.8301801058035118,0.8359006482812547,0.8295327320290266,0.8300869348114979
2014-01-16 00:00:00+00:00,0.8341780964752532,0.8362323436146973,0.8321790522724907,0.8343586537194331
2014-01-17 00:00:00+00:00,0.8327065703093203,0.8354703400558057,0.8323521665173049,0.8327010105194181
2014-01-20 00:00:00+00:00,0.8344664039494767,0.8358790266049726,0.8342200873692166,0.8344251033818186
2014-01-21 00:00:00+00:00,0.8365201068690681,0.8396137631263444,0.8355327421353952,0.8363589683717898
2014-01-22 00:00:00+00:00,0.835188826796272,0.8377245594370589,0.8342594834867757,0.8351759165922128
2014-01-23 00:00:00+00:00,0.8356515674404933,0.8360572191804766,0.8274052801806411,0.8356494613636921
2014-01-24 00:00:00+00:00,0.8261207347584418,0.8338854394454709,0.8258497915854869,0.8259166783698046
2014-01-27 00:00:00+00:00,0.8282757134481455,0.8306126548195387,0.8278469208368618,0.8282112722570905
2014-01-28 00:00:00+00:00,0.8263129571765201,0.8327270599377422,0.8254053764847086,0.8263180886698007
2014-01-29 00:00:00+00:00,0.8272014890171229,0.8348025768223183,0.8253693996622745,0.8273074326256101
2014-01-30 00:00:00+00:00,0.8326055717049473,0.8394214254204805,0.8309987546675399,0.8327097064803922
2014-01-31 00:00:00+00:00,0.8385053216382097,0.8443580444940373,0.8383795114843366,0.8385053216382097
2014-02-03 00:00:00+00:00,0.8436138649925241,0.8442930258556379,0.8396180742086753,0.8435494925324876
2014-02-04 00:00:00+00:00,0.8428833195885025,0.8438931362626674,0.8397143488263352,0.8428704856213513
2014-02-05 00:00:00+00:00,0.8394400825465302,0.8430306950141333,0.8392166391381236,0.8394400825465302
2014-02-06 00:00:00+00:00,0.8400863831046826,0.8424863689282215,0.8350971044216735,0.840149991085709
2014-02-07 00:00:00+00:00,0.8379678118343017,0.8411727966587454,0.8366875461437714,0.8377046878192905
2014-02-10 00:00:00+00:00,0.8366224303478197,0.8371380525828962,0.834135924018068,0.8369232582931514
2014-02-11 00:00:00+00:00,0.8348040894783006,0.8350585868646984,0.8280504758448245,0.8351522193881127
2014-02-12 00:00:00+00:00,0.8300584423636711,0.8335965519488423,0.8284262497873816,0.8301292648962039
2014-02-13 00:00:00+00:00,0.8317129828311667,0.8334463660379885,0.8285311462225547,0.8316345631179944
2014-02-14 00:00:00+00:00,0.8324270542595527,0.8331442517835901,0.8300997577508535,0.8324922304398541
2014-02-17 00:00:00+00:00,0.8302372941972833,0.8326435520621475,0.8291390291909794,0.8303114583887399
2014-02-18 00:00:00+00:00,0.8325177052156459,0.8383769399618146,0.8313956731064576,0.8325177052156459
2014-02-19 00:00:00+00:00,0.8365326450817534,0.8390237103499759,0.8354106962889845,0.8357137362259954
2014-02-20 00:00:00+00:00,0.8409554464294444,0.8443914242841802,0.8383775068990452,0.8412295015740563
2014-02-21 00:00:00+00:00,0.8420467048979791,0.8473190996312222,0.8416810375970595,0.8422370897412541
2014-02-24 00:00:00+00:00,0.8424972290708924,0.8423784791102209,0.8371118710896557,0.8424300930379489
2014-02-25 00:00:00+00:00,0.8385096691356568,0.8386420145321002,0.835727879881045,0.838513998330396
2014-02-26 00:00:00+00:00,0.836723429204989,0.8408372226529012,0.8367589969963144,0.836903834509839
2014-02-27 00:00:00+00:00,0.8395872762644527,0.8426458272033174,0.8389894170642809,0.8396903183342503
2014-02-28 00:00:00+00:00,0.8388186368504847,0.8406415650373102,0.8254700499653727,0.8393488258579154
2014-03-03 00:00:00+00:00,0.8272727976536389,0.8321275958109463,0.8268003858655685,0.8273370977575054
2014-03-05 00:00:00+00:00,0.8301066023354218,0.8328669482057536,0.8280839111953185,0.8302225096733653
2014-03-06 00:00:00+00:00,0.828268117518668,0.8293499778201849,0.8246915590650372,0.8283040404427706
2014-03-07 00:00:00+00:00,0.8237818334600815,0.824235908809869,0.8206889580274892,0.8236387924512443
2014-03-10 00:00:00+00:00,0.8226122595644858,0.8244087180496648,0.821030096031921,0.8225431220640416
2014-03-11 00:00:00+00:00,0.8207416876841126,0.8235538443637587,0.8195912092287614,0.8204994197366229
2014-03-12 00:00:00+00:00,0.8210044777878108,0.8227275816879651,0.8203410882509125,0.8208769376910107
2014-03-13 00:00:00+00:00,0.819310384642786,0.8197329301695159,0.815481572038926,0.8193453320716013
2014-03-14 00:00:00+00:00,0.8218274492581258,0.8232362496187169,0.8195607337033297,0.8217900768128487
2014-03-17 00:00:00+00:00,0.822236413194665,0.8245467873596527,0.8172677566633375,0.8222235172729817
2014-03-18 00:00:00+00:00,0.8186155214144278,0.8206543073370755,0.8145922063643382,0.8180078577425265
2014-03-19 00:00:00+00:00,0.8156322525638133,0.8186832631837984,0.8156384003542243,0.815419922797788
2014-03-20 00:00:00+00:00,0.8252327277305093,0.8293014613726913,0.8236578929474103,0.8252413054326376
2014-03-21 00:00:00+00:00,0.8256435236378564,0.828128768328181,0.8248995931114864,0.8255932833813339
2014-03-24 00:00:00+00:00,0.8268150199356696,0.8303077444318919,0.8263812626790434,0.826882075524753
2014-03-25 00:00:00+00:00,0.8246319393608991,0.828822396877713,0.8238697566821527,0.8243330643064759
2014-03-26 00:00:00+00:00,0.8253859652951687,0.8327757727856786,0.8251697507154574,0.8254793009175554
2014-03-27 00:00:00+00:00,0.8326265263919802,0.8362100878653836,0.8319744323350903,0.832666344896194
2014-03-28 00:00:00+00:00,0.834587030402917,0.8381767075520031,0.8338329132599742,0.8349478126193557
2014-03-30 23:00:00+00:00,0.8379596571774778,0.839103412891419,0.8352028442271668,0.8377082398970824
2014-03-31 23:00:00+00:00,0.8335643578417272,0.83421526099451,0.8304184612384483,0.8335179418651882
2014-04-01 23:00:00+00:00,0.8318614889036738,0.8364270554148184,0.8302105814088531,0.8319646410627598
2014-04-02 23:00:00+00:00,0.834782915555972,0.8440157068857744,0.8344488180988878,0.8347893708492848
2014-04-03 23:00:00+00:00,0.8431868783855422,0.8446209627001527,0.8414190256446544,0.843106959106473
2014-04-06 23:00:00+00:00,0.8447526104564336,0.8453029779408646,0.8413532701867097,0.8448132304563979
2014-04-07 23:00:00+00:00,0.8412562081447909,0.8420113576511675,0.8368655367199669,0.8416079675263166
2014-04-08 23:00:00+00:00,0.8379069267603321,0.8415181503377007,0.8344194716723119,0.83779992269879
2014-04-09 23:00:00+00:00,0.8359832009598889,0.8428663873331073,0.834975853053309,0.8361173457802012
2014-04-10 23:00:00+00:00,0.842709602080812,0.8440894220565174,0.8407076309223742,0.8427221657309786
2014-04-13 23:00:00+00:00,0.8440738963280815,0.8479732652887654,0.8435074457543558,0.8441667670716262
2014-04-14 23:00:00+00:00,0.8463807479348063,0.849407466187372,0.8458906342215365,0.8463294252481385
2014-04-15 23:00:00+00:00,0.8475461349433756,0.8511700177160908,0.8455158110461432,0.8474684036277129
2014-04-16 23:00:00+00:00,0.8501053576672186,0.850383631163118,0.8458500712154347,0.8501440385209647
2014-04-17 23:00:00+00:00,0.8512722942523375,0.8517138276072517,0.8499598135525958,0.851083993891246
2014-04-20 23:00:00+00:00,0.8508843748099315,0.8544061121265343,0.8492113603861126,0.8507992610105062
2014-04-21 23:00:00+00:00,0.8524500819043228,0.8530048949909776,0.8472282762682339,0.8524797244059138
2014-04-22 23:00:00+00:00,0.8494393743776038,0.8498684380385075,0.8455823922896817,0.849503836021388
2014-04-23 23:00:00+00:00,0.8474877780864749,0.8484815667312888,0.8439366551991109,0.8472568805945666
2014-04-24 23:00:00+00:00,0.8471148061719851,0.8504224329513262,0.8466082852203051,0.8471379935851437
2014-04-27 23:00:00+00:00,0.8487747841300384,0.8501044707220602,0.8409937975309336,0.8486973505411803
2014-04-28 23:00:00+00:00,0.8440672284620007,0.8475675807316365,0.8412130888564145,0.844160102444308
2014-04-29 23:00:00+00:00,0.8455670741218015,0.8480636069046062,0.8383103283939616,0.8458405232115593
2014-04-30 23:00:00+00:00,0.8374347252342782,0.8386495273948613,0.8356144859728291,0.8376062735125401
2014-05-01 23:00:00+00:00,0.8396752608364482,0.8449245932415327,0.8390030371249199,0.839655947818933
2014-05-04 23:00:00+00:00,0.8395206452283961,0.8449196443387542,0.8389385705760769,0.8390910572189207
2014-05-05 23:00:00+00:00,0.8447712490668525,0.8453819002125266,0.837878683583449,0.844580348167468
2014-05-06 23:00:00+00:00,0.8377410464930304,0.8398541991854959,0.8368199094227617,0.8377281283448776
2014-05-07 23:00:00+00:00,0.8385898459836565,0.8394915139246505,0.833888536006558,0.8381525567854686
2014-05-08 23:00:00+00:00,0.8417567005849603,0.8469936592063304,0.8397614119408946,0.8418083134627855
2014-05-11 23:00:00+00:00,0.847075187151235,0.848151374851346,0.8440934834101792,0.8467268757724276
2014-05-12 23:00:00+00:00,0.8471676494582886,0.8481244357764175,0.8425588145187981,0.847171416826747
2014-05-13 23:00:00+00:00,0.8444595422339026,0.8471142026768896,0.8438721438803386,0.8443834449457651
2014-05-14 23:00:00+00:00,0.8454894809264896,0.848879612014901,0.8449982433442248,0.8456378621683446
2014-05-15 23:00:00+00:00,0.8466880073405652,0.8493614840422986,0.8461230911671929,0.8468093166270186
2014-05-18 23:00:00+00:00,0.8458543512791866,0.8518450696566756,0.8455534560067278,0.8457452452437983
2014-05-19 23:00:00+00:00,0.8498061808072003,0.8527409955517711,0.8487918866624905,0.8499416352513239
2014-05-20 23:00:00+00:00,0.8499915697402085,0.8505364973759574,0.8469923533453123,0.8499915697402085
2014-05-21 23:00:00+00:00,0.8474260325658337,0.8502005481072232,0.8466443201944065,0.8474299076055221
2014-05-22 23:00:00+00:00,0.8498520260175414,0.8575363704164322,0.8497343578541894,0.8498426732061541
2014-05-25 23:00:00+00:00,0.8566751592105969,0.8577829452444506,0.8527269377925245,0.8566262016137801
2014-05-26 23:00:00+00:00,0.8533929526604608,0.8557016440645967,0.8525331820868921,0.8535986202773062
2014-05-27 23:00:00+00:00,0.8538196506484412,0.857244187357379,0.8531472549010682,0.8540854809243916
2014-05-28 23:00:00+00:00,0.856327737668557,0.857549112867758,0.8539165109969362,0.8563281367810174
2014-05-29 23:00:00+00:00,0.8565222253167946,0.8624790649538578,0.8561029436821598,0.8564977448440926
2014-06-01 23:00:00+00:00,0.8622288818402624,0.8636450906400241,0.8606422642690401,0.8622804876608576
2014-06-02 23:00:00+00:00,0.8630432143313586,0.8640522294601195,0.8598956031843353,0.8630432143313586
2014-06-03 23:00:00+00:00,0.8618452701421404,0.8634201567812384,0.8574469006446362,0.8615072783864329
2014-06-04 23:00:00+00:00,0.856741881262074,0.8632455681718868,0.8543485741203147,0.8568321742048562
2014-06-05 23:00:00+00:00,0.8585269899303285,0.8590075902530351,0.8545222515089816,0.8585089062249158
2014-06-08 23:00:00+00:00,0.8549974168478113,0.8626375349891965,0.8546916116561833,0.8550235007596755
2014-06-09 23:00:00+00:00,0.8622225967975654,0.864276150975082,0.8607401153483882,0.8618149180167015
2014-06-10 23:00:00+00:00,0.8634915500601585,0.8645891187366186,0.8605563247734211,0.8634386445055552
2014-06-11 23:00:00+00:00,0.8636357484887978,0.8651573753337153,0.861844758796328,0.8636907141672057
2014-06-12 23:00:00+00:00,0.8625681495604175,0.8627065976851771,0.8570955200698599,0.8623296342318623
2014-06-15 23:00:00+00:00,0.8574288844186593,0.8599179775598149,0.8543080533223872,0.8574288844186593
2014-06-16 23:00:00+00:00,0.8544666047273001,0.8583895355778801,0.8537732192571167,0.8542717877174362
2014-06-17 23:00:00+00:00,0.8556705774974526,0.859206065536176,0.855027260871911,0.8556582131064941
2014-06-18 23:00:00+00:00,0.8566826434121934,0.8634778109287218,0.8541680766908785,0.8566066842442744
2014-06-19 23:00:00+00:00,0.8641235162788935,0.8711487381878316,0.8622175687783422,0.8639506239076555
2014-06-22 23:00:00+00:00,0.8676726262185875,0.8680728382078,0.8639161797460677,0.8674520197945358
2014-06-23 23:00:00+00:00,0.8639363072818915,0.8688450261128913,0.8634176790222622,0.8639466429340408
2014-06-24 23:00:00+00:00,0.8673156857446106,0.8701479179964856,0.8663045167377198,0.8671015366444803
2014-06-25 23:00:00+00:00,0.8685824549354365,0.8728328421229785,0.8672227239506561,0.8686469886589826
2014-06-26 23:00:00+00:00,0.8688057253949488,0.8723992020790575,0.8679125773928593,0.8687877009669891
2014-06-29 23:00:00+00:00,0.869072317158546,0.8696465695826227,0.8621545950683361,0.8690581064437901
2014-06-30 23:00:00+00:00,0.8618429124030871,0.8659785143960782,0.8614234871459576,0.8618687538339148
2014-07-01 23:00:00+00:00,0.8625074547238187,0.866839750448802,0.8625277440196908,0.8624719914846485
2014-07-02 23:00:00+00:00,0.8652352076839336,0.8867917180981512,0.864896200095253,0.8651887533180261
2014-07-03 23:00:00+00:00,0.8808925996281521,0.8857294284801149,0.8804340850485216,0.8808421161438307
2014-07-06 23:00:00+00:00,0.8833852093824318,0.884894795643809,0.8809585107253594,0.8832045640750628
2014-07-07 23:00:00+00:00,0.8811859671368112,0.8831658202570675,0.8796583011574697,0.8811859671368112
2014-07-08 23:00:00+00:00,0.8811449078092314,0.8815953415625717,0.8740902392123683,0.8810288010086955
2014-07-09 23:00:00+00:00,0.8761763245476243,0.8768712232677776,0.8720742263149223,0.8762859690152857
2014-07-10 23:00:00+00:00,0.8746622212188666,0.8769419270177041,0.8723481578340128,0.8744687081343363
2014-07-13 23:00:00+00:00,0.8760887994805995,0.8771859802181131,0.8737788551514946,0.8767341306143966
2014-07-14 23:00:00+00:00,0.8760934551928877,0.8800609365549805,0.8754034112423891,0.8759902073276203
2014-07-15 23:00:00+00:00,0.8796442431167399,0.882930296514555,0.8790518560413988,0.8794946010087306
2014-07-16 23:00:00+00:00,0.8806566198599366,0.8820797261154627,0.8789532926123496,0.880521238153175
2014-07-17 23:00:00+00:00,0.8819028844205777,0.8832575065333178,0.8791545984386265,0.8817028692487101
2014-07-20 23:00:00+00:00,0.8817700804561891,0.8847493246324301,0.881079781439054,0.8817042517702379
2014-07-21 23:00:00+00:00,0.8834188251654865,0.8850721790467994,0.8824052589732024,0.8833520214681024
2014-07-22 23:00:00+00:00,0.883280509666362,0.8846015197961794,0.8803775826600417,0.8833067995914958
2014-07-23 23:00:00+00:00,0.8823862555816965,0.8841322248867218,0.880812861508416,0.8826869321131211
2014-07-24 23:00:00+00:00,0.8806767263564016,0.881371227922861,0.8781390701688515,0.8808136580093026
2014-07-27 23:00:00+00:00,0.8797429442449431,0.8820073445889001,0.8784616761011828,0.8797816467118225
2014-07-28 23:00:00+00:00,0.8816350633039438,0.8840067952328529,0.8808746675645239,0.8816802267871388
2014-07-29 23:00:00+00:00,0.8839218453006263,0.8908181915393815,0.8836160352982272,0.8840844722294675
2014-07-30 23:00:00+00:00,0.8882534825721872,0.8908751446658674,0.8869431582185986,0.8879360460465708
2014-07-31 23:00:00+00:00,0.889695265193223,0.8906028867339324,0.8840065548197628,0.8897855918094679
2014-08-03 23:00:00+00:00,0.8846154437783063,0.8900104836359235,0.8841921350627201,0.8845070904371377
2014-08-04 23:00:00+00:00,0.8880200569908274,0.8899343128437799,0.8858555850205999,0.8878698259620454
2014-08-05 23:00:00+00:00,0.888673682583634,0.8941643848224199,0.888434651607984,0.8886970791365977
2014-08-06 23:00:00+00:00,0.8893921619756154,0.8920721641271586,0.888613874940786,0.8893069454598301
2014-08-07 23:00:00+00:00,0.8915650071433041,0.8932222492472863,0.8879587475650903,0.8905134916190995
2014-08-10 23:00:00+00:00,0.8894201022953021,0.8898277653017573,0.8840864131861171,0.8893482025290166
2014-08-11 23:00:00+00:00,0.8866147320502189,0.8888588142715761,0.8859583989703562,0.886449444713412
2014-08-12 23:00:00+00:00,0.8871936488398438,0.8882885515366172,0.8839631884296227,0.887421866795679
2014-08-13 23:00:00+00:00,0.8863273803437528,0.8882960071499335,0.8815885892311995,0.886154917908791
2014-08-14 23:00:00+00:00,0.8846137021651658,0.8852520314749814,0.8816037367236722,0.8844123949851133
2014-08-17 23:00:00+00:00,0.8828436465099682,0.8851864577261493,0.8824387211953441,0.8828384782571913
2014-08-18 23:00:00+00:00,0.8845746493916883,0.8868217085740252,0.8836030516653485,0.8845656665341798
2014-08-19 23:00:00+00:00,0.8863110610426618,0.8910899726517415,0.8861217216790748,0.8862503964578281
2014-08-20 23:00:00+00:00,0.8916431985309838,0.8928239786310416,0.8882546303244139,0.8915760749357727
2014-08-21 23:00:00+00:00,0.8891818107926729,0.893303478124819,0.8877949080839935,0.8891030529078857
2014-08-31 23:00:00+00:00,0.901844932218598,0.9058335478529742,0.9013744061540316,0.9019842956764657
2014-09-01 23:00:00+00:00,0.9031270675814125,0.9054566939045668,0.9025569101624064,0.9030057930581626
2014-09-02 23:00:00+00:00,0.9050064121665469,0.9062229489630798,0.9017859087712218,0.9050451134356348
2014-09-03 23:00:00+00:00,0.9037664264080675,0.9124922241102632,0.9010620584242892,0.9040128502171483
2014-09-04 23:00:00+00:00,0.9125103960474931,0.9153941222809108,0.9115263748942389,0.9124974750148761
2014-09-07 23:00:00+00:00,0.9152140598601838,0.9169808102964585,0.912442612106761,0.9150171213564625
2014-09-08 23:00:00+00:00,0.917700372241682,0.9199780459883756,0.9163169785817317,0.9179634200881824
2014-09-09 23:00:00+00:00,0.9168671054538957,0.9188815737299544,0.914616018324546,0.9167110080826074
2014-09-10 23:00:00+00:00,0.9159530009032892,0.9185728962354177,0.9153482155624485,0.9158193526729461
2014-09-11 23:00:00+00:00,0.9200847053675385,0.9216070532550087,0.9187204880181885,0.9202395731727614
2014-09-14 23:00:00+00:00,0.9218699702410543,0.9230993779328195,0.9171858061007139,0.9217990306439371
2014-09-15 23:00:00+00:00,0.9179165673851908,0.9209932467381627,0.9160348457638801,0.917923027217859
2014-09-16 23:00:00+00:00,0.9184501764653118,0.9223920170132454,0.9177520733481477,0.9183882847163186
2014-09-17 23:00:00+00:00,0.9245015947074343,0.9250481127232586,0.9158978407738863,0.9246450675701573
2014-09-18 23:00:00+00:00,0.9137695410788687,0.9243336435393407,0.913331141878028,0.9136688934643771
2014-09-21 23:00:00+00:00,0.9218063748660219,0.9238202288109694,0.9196072865457443,0.9215483543594822
2014-09-22 23:00:00+00:00,0.9224668064183229,0.9226730267098932,0.9171217548226364,0.9222167233589559
2014-09-23 23:00:00+00:00,0.9213035661315134,0.9276798145778222,0.9209007508800173,0.9210959249615903
2014-09-24 23:00:00+00:00,0.9264990895203209,0.9318330807063323,0.9260527754410043,0.9265886457458101
2014-09-25 23:00:00+00:00,0.9287919451530455,0.9357965140792697,0.9283537334422531,0.9286255913095031
2014-09-28 23:00:00+00:00,0.9362648352765591,0.9370405387402178,0.9327167135149702,0.9366324189342351
2014-09-29 23:00:00+00:00,0.9313609957971157,0.9365903383862476,0.9287082916242664,0.9313352669855443
2014-09-30 23:00:00+00:00,0.9290916704068068,0.9311268363270372,0.9267972688513537,0.9291612529825929
2014-10-01 23:00:00+00:00,0.9294119988386006,0.9292630352354103,0.9241463364732742,0.9296232540787248
2014-10-02 23:00:00+00:00,0.9252722264125629,0.9398445988490274,0.9260262144477281,0.925182376717995
2014-10-05 23:00:00+00:00,0.9378355359454598,0.9378004353968293,0.9308530462820137,0.9378279002967363
2014-10-06 23:00:00+00:00,0.9266218876456785,0.9292034293713392,0.9246003817836084,0.9263254481845407
2014-10-07 23:00:00+00:00,0.9270946639020619,0.9312342050081823,0.9271615973492512,0.9270129473084723
2014-10-08 23:00:00+00:00,0.9228588255467628,0.9305775091159912,0.9201861818997554,0.9227607226324207
2014-10-09 23:00:00+00:00,0.9309333596154143,0.9343316113309275,0.929313826799078,0.9309653969629391
2014-10-12 23:00:00+00:00,0.9319887290942903,0.9322189146429655,0.9231288926072002,0.9321076709843548
2014-10-13 23:00:00+00:00,0.9193813833003881,0.9339366018007087,0.9184302080562572,0.9192829160837317
2014-10-14 23:00:00+00:00,0.9352399721453519,0.9390063400970338,0.92157749459959,0.9356551359973618
2014-10-15 23:00:00+00:00,0.9244053928149324,0.9343516677161633,0.9225174822767008,0.9240772196803738
2014-10-16 23:00:00+00:00,0.9223746543323019,0.9271278907269284,0.9192992917733392,0.9224780341019123
2014-10-19 23:00:00+00:00,0.9264474257038525,0.930292198822182,0.92474799390094,0.9265054558817581
2014-10-20 23:00:00+00:00,0.9253534605786704,0.9323228524705602,0.9226837068560303,0.925268272570082
2014-10-21 23:00:00+00:00,0.9327781970778797,0.9381152410360515,0.9311405799663365,0.9326595291712461
2014-10-22 23:00:00+00:00,0.9378427203480654,0.9398680276793724,0.9346923811313256,0.9379226443686027
2014-10-23 23:00:00+00:00,0.9354924772820964,0.9377679405503336,0.9340637053786843,0.9354756949691052
2014-10-27 00:00:00+00:00,0.9339082581146191,0.9412705224814071,0.9311935102259398,0.9340658151727164
2014-10-28 00:00:00+00:00,0.9408147774399285,0.951270473441054,0.9376454082915445,0.940843414117924
2014-10-29 00:00:00+00:00,0.9454426240633895,0.9478855471840818,0.9404862740622225,0.9453781383459001
2014-10-30 00:00:00+00:00,0.9500792832542919,0.9543702265331578,0.9461354122934695,0.9502237455297478
2014-10-31 00:00:00+00:00,0.9469259183859057,0.9562640227005814,0.9448158031140178,0.9468018720652908
2014-11-03 00:00:00+00:00,0.9540365302425005,0.9574887830507741,0.9506938848907148,0.9537116048956976
2014-11-04 00:00:00+00:00,0.9560930081639614,0.9578135046965992,0.9525511556517055,0.9559653338373066
2014-11-05 00:00:00+00:00,0.9518257570496105,0.957199116101863,0.9494774692748857,0.9517831880707942
2014-11-06 00:00:00+00:00,0.9509950485943951,0.9555208661531851,0.9468482881008355,0.9510350338552127
2014-11-07 00:00:00+00:00,0.9587014474683051,0.9608305750350113,0.9557197022402842,0.9588561990237858
2014-11-10 00:00:00+00:00,0.9540265440158359,0.9562269643999715,0.950058089729176,0.9540677358064388
2014-11-11 00:00:00+00:00,0.9582541867146837,0.9596502690037407,0.9525759718577256,0.9582232537316371
2014-11-12 00:00:00+00:00,0.9525577208410735,0.9566065483583418,0.951696142354685,0.9525860709141718
2014-11-13 00:00:00+00:00,0.9578287495530088,0.958570799408986,0.9546651743403018,0.9578712852198782
2014-11-14 00:00:00+00:00,0.9583695856101117,0.9610710833154426,0.9549493895180572,0.9582767330390056
2014-11-17 00:00:00+00:00,0.9532931552568961,0.9579322516268362,0.9488876198104483,0.9533457699678523
2014-11-18 00:00:00+00:00,0.9583743247712423,0.9586477854876315,0.9485678312060797,0.9588218227489843
2014-11-19 00:00:00+00:00,0.951717109654143,0.9540437361844529,0.9506571108596727,0.952010666687656
2014-11-20 00:00:00+00:00,0.9537853865953295,0.9561444280045609,0.9510411871578821,0.9535622939482984
2014-11-21 00:00:00+00:00,0.9532935472568124,0.9617090335049645,0.9516293181026497,0.9532767625634198
2014-11-24 00:00:00+00:00,0.9627314595243099,0.9638749529232806,0.9582724834334149,0.9627959461575342
2014-11-25 00:00:00+00:00,0.9601059319767276,0.9639317829403989,0.9581692470662473,0.960182402459118
2014-11-26 00:00:00+00:00,0.9568928175316997,0.9594582039793449,0.9517520244311172,0.9566338834586346
2014-11-27 00:00:00+00:00,0.9546132144416407,0.958803743264931,0.9527624217805761,0.9544919348782865
2014-11-28 00:00:00+00:00,0.9597238338611376,0.9621231839532106,0.9553378589513,0.959865944046537
2014-12-01 00:00:00+00:00,0.9632658126221554,0.9644809069029008,0.9538137402844945,0.9632841871765507
2014-12-02 00:00:00+00:00,0.9587334219924495,0.9675743007987271,0.9554685823778585,0.9588146453677375
2014-12-03 00:00:00+00:00,0.9697158576386912,0.9726778929908276,0.9662754622999997,0.9696268759787522
2014-12-04 00:00:00+00:00,0.9699216098519571,0.9731617853037534,0.9627639088170297,0.969588893141294
2014-12-05 00:00:00+00:00,0.9665266885349174,0.9763786947772563,0.9657741608083069,0.9666299188184254
2014-12-08 00:00:00+00:00,0.9741725816971871,0.9806896343837834,0.9733584470156287,0.9741984209277096
2014-12-09 00:00:00+00:00,0.9737713692467412,0.9742564178134739,0.9656761901410258,0.9737292373233798
2014-12-10 00:00:00+00:00,0.969771934071698,0.9728115556300677,0.9678080779674029,0.969801274122924
2014-12-11 00:00:00+00:00,0.9675758996050436,0.9752079738858694,0.96522149344041,0.9676020972926834
2014-12-12 00:00:00+00:00,0.9712897667796456,0.9759676634678249,0.9699085376788306,0.9710704567701521
2014-12-15 00:00:00+00:00,0.9721860272043545,0.9844102934880657,0.9718070928209129,0.9724182480960655
2014-12-16 00:00:00+00:00,0.9843580887492598,0.9977945297795059,0.9759416826668337,0.9850172045192027
2014-12-17 00:00:00+00:00,0.9815932273231874,0.9892521771941944,0.9810320602258198,0.9820188259750483
2014-12-18 00:00:00+00:00,0.988558940935481,0.994199002633168,0.9820869209937616,0.9882103011804085
2014-12-19 00:00:00+00:00,0.9908377542759278,0.9981949537275527,0.9884403206575227,0.9907990822998674
2014-12-22 00:00:00+00:00,0.9983104868077081,1.0058203827915781,0.9937873985294056,0.9981350967292887
2014-12-23 00:00:00+00:00,1.0038708402501229,1.0059411990960778,1.0006086581826312,1.0061015721122917
2014-12-24 00:00:00+00:00,1.004379784981643,1.007432713780815,1.0012338753183438,1.005007670673877
2014-12-25 00:00:00+00:00,0.9994111968329111,1.0055370293753856,0.9960525917970896,1.0053041976390484
2014-12-26 00:00:00+00:00,0.9998878503041838,1.0122263593399135,0.9999780570953151,1.0007371115930417
2014-12-29 00:00:00+00:00,1.0075570373597125,1.0151130625982787,1.0032639954562232,1.0091895682926133
2014-12-30 00:00:00+00:00,1.0082808449349536,1.0128585318111156,0.9985495169688009,1.0098277139726912
2014-12-31 00:00:00+00:00,0.995968518319518,1.0080682646739951,0.9929092904401399,0.9994598099394111
2015-01-01 00:00:00+00:00,1.0028131117490944,1.0054508153189892,1.0008564987039046,1.0054508153189892
2015-01-02 00:00:00+00:00,1.0062023054772409,1.0184882215448778,1.0047362668526698,1.0061659904854645
2015-01-05 00:00:00+00:00,1.0251001156167452,1.0291790582383016,1.0210805132685206,1.024753360041557
2015-01-06 00:00:00+00:00,1.0209407389225804,1.023573369494213,1.0182468444767778,1.0209703751179915
2015-01-07 00:00:00+00:00,1.0224253783455834,1.0302406186708302,1.0207691697412096,1.0221003621670344
2015-01-08 00:00:00+00:00,1.0275937196857077,1.0387603266761236,1.0247964322370406,1.0277910517973734
2015-01-09 00:00:00+00:00,1.035023476522678,1.039020982237342,1.0328869109491658,1.035199578321795
2015-01-12 00:00:00+00:00,1.0353113993594552,1.0440288446501595,1.0334666461633093,1.0334167094064115
2015-01-13 00:00:00+00:00,1.0414791391350693,1.042766766250405,1.0282753515458853,1.041601334486411
2015-01-14 00:00:00+00:00,1.0396013028793467,1.0443249913937966,1.031962959737326,1.039575470647881
2015-01-15 00:00:00+00:00,1.0430459423837204,1.0609344210530522,1.0392025395844149,1.042994404719374
2015-01-16 00:00:00+00:00,1.044795567226935,1.0539889235293796,1.0442869206578769,1.0458532740010436
2015-01-19 00:00:00+00:00,1.0441197764203012,1.0494043656176322,1.0422298935211458,1.0438263107953614
2015-01-20 00:00:00+00:00,1.0495042293780872,1.0557181681084493,1.0461090107033142,1.0499686615906378
2015-01-21 00:00:00+00:00,1.054691608000498,1.0575710813751769,1.043910535003328,1.0544569925373337
2015-01-22 00:00:00+00:00,1.052869178695672,1.056360950766638,1.0454106447815086,1.0530484502637365
2015-01-23 00:00:00+00:00,1.062224410955136,1.0788757204653048,1.0590064628033067,1.0624231905667452
2015-01-26 00:00:00+00:00,1.0773372917775428,1.0783439229153626,1.0677117087832593,1.0789239419195256
2015-01-27 00:00:00+00:00,1.0696409874648598,1.0715787763237583,1.0516416202337662,1.069533831112115
2015-01-28 00:00:00+00:00,1.055963311104648,1.0623920056984764,1.0510947144913394,1.056053613600786
2015-01-29 00:00:00+00:00,1.0705905844280472,1.0707615568184614,1.0585092266395262,1.0704072120512198
2015-01-30 00:00:00+00:00,1.0651919882875456,1.069176838283955,1.0617811696444406,1.0656435083229783
2015-02-02 00:00:00+00:00,1.0658891753813946,1.0689965150045426,1.0619803119856637,1.0656828564869392
2015-02-03 00:00:00+00:00,1.0727381426005378,1.072581832295215,1.0610731056639313,1.0723882302609034
2015-02-04 00:00:00+00:00,1.0619584474041481,1.0657158537316507,1.0579230495256338,1.0619528402523848
2015-02-05 00:00:00+00:00,1.0704301595163699,1.0702612035668784,1.063070936941735,1.07010912227691
2015-02-06 00:00:00+00:00,1.0641102521425228,1.0791465926627093,1.0606246513981812,1.0637945192587448
2015-02-09 00:00:00+00:00,1.0859740764949717,1.085681362028527,1.076466552226979,1.0857290067700514
2015-02-10 00:00:00+00:00,1.0777485281192283,1.0805994654460003,1.070819647650048,1.0777649788362336
2015-02-11 00:00:00+00:00,1.0732682744782231,1.0855116091663175,1.0710108545243298,1.0733084403866984
2015-02-12 00:00:00+00:00,1.0828597832305609,1.1017316779844637,1.0784547125203885,1.0828376502976067
2015-02-13 00:00:00+00:00,1.0882995312521428,1.0885241394117517,1.0814516548614999,1.087913543558458
2015-02-16 00:00:00+00:00,1.0831607369000722,1.0843171720559954,1.0801673099892548,1.0832637445335054
2015-02-17 00:00:00+00:00,1.0862402934019473,1.0868910368896818,1.0743339920774884,1.0865639993718637
2015-02-18 00:00:00+00:00,1.0729611628823794,1.0867315005789326,1.0724881465305238,1.072922440456895
2015-02-19 00:00:00+00:00,1.0759579504307788,1.0853094610941694,1.0741023236038578,1.0763305524430264
2015-02-20 00:00:00+00:00,1.0847826763094612,1.0889992488531965,1.077837317720622,1.085458199729471
2015-02-23 00:00:00+00:00,1.0810030740508225,1.0922941547649971,1.0772145514460456,1.0806950293488664
2015-02-24 00:00:00+00:00,1.0847807108146923,1.087773063122026,1.0810312370098896,1.0848401011233744
2015-02-25 00:00:00+00:00,1.0834450881991964,1.083486767905,1.0713926857216227,1.0836397331753058
2015-02-26 00:00:00+00:00,1.0681545314948508,1.0814782544970938,1.066275505237368,1.068288385218613
2015-02-27 00:00:00+00:00,1.0822817624578744,1.083810359040748,1.0711199481488287,1.0821803624919173
2015-03-02 00:00:00+00:00,1.0777181333782875,1.0792428618443644,1.0724300291158781,1.078355298833366
2015-03-03 00:00:00+00:00,1.0751955333026904,1.0752262646184858,1.0648697150421458,1.0752817452679646
2015-03-04 00:00:00+00:00,1.0661451862332314,1.078243214187272,1.065643515185296,1.0661503517600794
2015-03-05 00:00:00+00:00,1.0733594589259812,1.0793710123761655,1.071319424417078,1.0736135408704828
2015-03-06 00:00:00+00:00,1.0749745457035957,1.0923196878839372,1.0739328985698033,1.075017089929456
2015-03-09 00:00:00+00:00,1.0914098552699678,1.0942089936980666,1.0885476372696015,1.091096578552262
2015-03-10 00:00:00+00:00,1.0940803919902131,1.1025257358175493,1.0914505161630448,1.0939142791930936
2015-03-11 00:00:00+00:00,1.1024350069044804,1.1136615967627324,1.0998847875360358,1.1020974579213614
2015-03-12 00:00:00+00:00,1.1103457942324386,1.1148710616034982,1.0991692471883519,1.1104554338475443
2015-03-13 00:00:00+00:00,1.105890695566967,1.1201572692916841,1.1063907128829285,1.1061868696171102
2015-03-16 00:00:00+00:00,1.1236549648658607,1.1236028750714857,1.110140701241618,1.1240155259878788
2015-03-17 00:00:00+00:00,1.1145100606171678,1.116675260893843,1.1098501103548,1.1147046271143524
2015-03-18 00:00:00+00:00,1.1189971936012166,1.1369824794009,1.112066691775559,1.118803928479127
2015-03-19 00:00:00+00:00,1.1092720418054145,1.1247686764254625,1.1027109432148763,1.1087636431541095
2015-03-20 00:00:00+00:00,1.117392876245263,1.1205476048218403,1.1092278594369867,1.1176722996834683
2015-03-23 00:00:00+00:00,1.1103753697089276,1.1154739365362036,1.093867880903515,1.1110263733949364
2015-03-24 00:00:00+00:00,1.0965605470247497,1.1005259864451262,1.0874404015041028,1.0962213957134004
2015-03-25 00:00:00+00:00,1.0973157482416342,1.0974675953007238,1.0905165836953508,1.0975465894654248
2015-03-26 00:00:00+00:00,1.0947418196620808,1.1035811898759442,1.0870092503283744,1.0952378697680523
2015-03-27 00:00:00+00:00,1.1076889734419293,1.1141804012549972,1.1029475297631495,1.1077031184598511
2015-03-29 23:00:00+00:00,1.107546700040914,1.1126029364285375,1.105831160718701,1.1074951575931866
2015-03-30 23:00:00+00:00,1.1088114889554699,1.1168227040152825,1.1075011570164157,1.1075934184990481
2015-03-31 23:00:00+00:00,1.1121229315031504,1.117277743095742,1.107592370728283,1.1124325544477238
2015-04-01 23:00:00+00:00,1.1165578155488087,1.1181818478142078,1.1079227247078018,1.1163384689310831
2015-04-02 23:00:00+00:00,1.1134566279807705,1.1140289858709225,1.0976875987626606,1.1128931712568644
2015-04-05 23:00:00+00:00,1.1006856111474406,1.1032407282686367,1.0933721155772715,1.1003914350588753
2015-04-06 23:00:00+00:00,1.1044171659659223,1.1166932250062263,1.1021545645115896,1.1040751741788972
2015-04-07 23:00:00+00:00,1.1184247681242063,1.1184983301842908,1.1089117318155253,1.1188559741231598
2015-04-08 23:00:00+00:00,1.1191540680437921,1.12906878265082,1.117444160243744,1.1194121121885374
2015-04-09 23:00:00+00:00,1.1300916364116054,1.139218619289916,1.1271653508907409,1.1300330186525667
2015-04-12 23:00:00+00:00,1.137628851357833,1.146277018907929,1.1344284959960411,1.1372986686760265
2015-04-13 23:00:00+00:00,1.1375085568533767,1.1430069186319816,1.126216091723174,1.1374961574518117
2015-04-14 23:00:00+00:00,1.1311061174626862,1.1375832430647361,1.1274615562578143,1.1308867190499348
2015-04-15 23:00:00+00:00,1.12431610629989,1.1245852540316366,1.109277528478054,1.124198509638554
2015-04-16 23:00:00+00:00,1.107860043908908,1.1166924871450186,1.1028375361449096,1.1081566846555735
2015-04-19 23:00:00+00:00,1.1141802123380502,1.1202835271221856,1.1130152626241259,1.1139273557040703
2015-04-20 23:00:00+00:00,1.122443679119533,1.1276999131317385,1.112617992191273,1.1221959545582334
2015-04-21 23:00:00+00:00,1.1176343110257223,1.126925795653043,1.1104731532849967,1.117148773958921
2015-04-22 23:00:00+00:00,1.1263763715722077,1.1297479908187575,1.1148000251294978,1.1264201811550865
2015-04-23 23:00:00+00:00,1.1144245416687357,1.1194967454479587,1.1085688006420953,1.1141909680733322
2015-04-26 23:00:00+00:00,1.1138898221131068,1.1162961866991412,1.1083724636566419,1.1143156184815315
2015-04-27 23:00:00+00:00,1.1102709616384199,1.1144825422506295,1.100115530509998,1.110553244923028
2015-04-28 23:00:00+00:00,1.0977198658988592,1.1007921795433062,1.0714115889744,1.0975509073706713
2015-04-29 23:00:00+00:00,1.075865035877152,1.081236344126145,1.0618516738250663,1.0763340982057832
2015-04-30 23:00:00+00:00,1.075605598626308,1.0840591723918436,1.0674611942661452,1.0752055455648255
2015-05-03 23:00:00+00:00,1.0848414457798117,1.085081369328449,1.0745742285807074,1.0851143499545692
2015-05-04 23:00:00+00:00,1.0799964495423189,1.085677049458104,1.074144739586557,1.0796191025421333
2015-05-05 23:00:00+00:00,1.0774129306466997,1.078118738563532,1.0547394312559446,1.0774332919837177
2015-05-06 23:00:00+00:00,1.0617209733982258,1.0697032200205314,1.0547892569457176,1.0616210469179326
2015-05-07 23:00:00+00:00,1.067456412476844,1.0719194901848532,1.0583819213245744,1.0673749053080566
2015-05-10 23:00:00+00:00,1.064289697746326,1.073645199277752,1.063183754172479,1.0642191080618277
2015-05-11 23:00:00+00:00,1.0713521052787953,1.072430122942981,1.0632133014532261,1.0718173085345846
2015-05-12 23:00:00+00:00,1.0743727333422861,1.0742641877415198,1.057127380809936,1.0742166331693008
2015-05-13 23:00:00+00:00,1.063213254678471,1.0665101772457362,1.0563783062247794,1.0630700385373228
2015-05-14 23:00:00+00:00,1.0637214411234288,1.0738699615404088,1.0586553719104879,1.063205176670777
2015-05-17 23:00:00+00:00,1.0574083332482234,1.0634635136064419,1.0574110656616207,1.0577811761581848
2015-05-18 23:00:00+00:00,1.0612748059610841,1.0813455534102687,1.0612302805967446,1.0615960656495305
2015-05-19 23:00:00+00:00,1.0762919147873957,1.0838295472801702,1.0732278466178462,1.0761886958259617
2015-05-20 23:00:00+00:00,1.0757419826796377,1.0784583408898045,1.0684789264333048,1.0759752100505646
2015-05-21 23:00:00+00:00,1.0750787271476323,1.083152707141899,1.0635487364392178,1.0748892484850638
2015-05-24 23:00:00+00:00,1.0835315817913918,1.086288192438618,1.0823066959459036,1.0833118493323475
2015-05-25 23:00:00+00:00,1.0856471727091075,1.0926968779983763,1.0830462924713178,1.0856561050148443
2015-05-26 23:00:00+00:00,1.092153275074763,1.1049380584202682,1.088256184586606,1.0922651716891338
2015-05-27 23:00:00+00:00,1.097082839021004,1.0995513849233909,1.0891305361428671,1.0972073110069944
2015-05-28 23:00:00+00:00,1.0906872554405003,1.1023458684012803,1.09048003454689,1.0906665894150955
2015-05-31 23:00:00+00:00,1.1028958915489326,1.10812585422284,1.0969747061928976,1.1025950056779799
2015-06-01 23:00:00+00:00,1.1063482791938488,1.1065753877683244,1.086996615216348,1.1069726657678751
2015-06-02 23:00:00+00:00,1.0886756990007898,1.0912373809834595,1.067947591484708,1.088430735448956
2015-06-03 23:00:00+00:00,1.072179798345844,1.0750838321257952,1.0621580645746702,1.072329377721505
2015-06-04 23:00:00+00:00,1.069588965798584,1.0923284596343956,1.0661979295633197,1.069701179772879
2015-06-07 23:00:00+00:00,1.0822678440165223,1.0884697297378414,1.075713322489437,1.0825001153359968
2015-06-08 23:00:00+00:00,1.070738817782542,1.0756812884291536,1.0661093487728723,1.0706291967937276
2015-06-09 23:00:00+00:00,1.0687221010596846,1.072471214216073,1.0592432530197196,1.0681464816313677
2015-06-10 23:00:00+00:00,1.0671085038944732,1.0679171280381945,1.0578397287990127,1.0666506164104193
2015-06-11 23:00:00+00:00,1.0590359437628736,1.0666061415338532,1.0521769278363275,1.0595845169154996
2015-06-14 23:00:00+00:00,1.0579298319597543,1.0616778772888003,1.0538911001678724,1.0584097255146647
2015-06-15 23:00:00+00:00,1.0525080399261075,1.0601434244561558,1.049820410350722,1.0525276841243076
2015-06-16 23:00:00+00:00,1.0544699459360505,1.0593929924541208,1.0529167746044463,1.0548713534161216
2015-06-17 23:00:00+00:00,1.0447954476656682,1.0470038379216178,1.036315128126153,1.0447696117682759
2015-06-18 23:00:00+00:00,1.047620541489027,1.0535238257732622,1.046020570106479,1.0477005074702683
2015-06-21 23:00:00+00:00,1.047447721906325,1.0512118357325224,1.0433730443326938,1.0468155375846069
2015-06-22 23:00:00+00:00,1.0503857862767467,1.0665309147698643,1.050403363862351,1.0501250537783848
2015-06-23 23:00:00+00:00,1.0644288846545298,1.0668574902617542,1.0583535686303844,1.0645708455091316
2015-06-24 23:00:00+00:00,1.0625261491317042,1.0656719711789342,1.0586814680684504,1.0621946141246215
2015-06-25 23:00:00+00:00,1.0638509127249363,1.0741981444390216,1.0632233708446925,1.0638959437899116
2015-06-28 23:00:00+00:00,1.083918509371233,1.0838877758419905,1.0631128215807073,1.084270550352599
2015-06-29 23:00:00+00:00,1.0613875411249467,1.07169566738179,1.0579530840372349,1.0618945365795807
2015-06-30 23:00:00+00:00,1.0703022545575527,1.078234951259004,1.065976850517153,1.0704092989325522
2015-07-01 23:00:00+00:00,1.0824195076340104,1.0926932964603335,1.0772967979939458,1.0817925468436658
2015-07-02 23:00:00+00:00,1.090672445161288,1.0917965655521933,1.0859384127103262,1.0900304948527095
2015-07-05 23:00:00+00:00,1.0985278859215544,1.0988800904483433,1.0875291491221384,1.0990477797972635
2015-07-06 23:00:00+00:00,1.0923910165441886,1.1045250570153888,1.0914253926044608,1.0925200541908913
2015-07-07 23:00:00+00:00,1.0986408627884803,1.1009870553663956,1.0901045073384097,1.0976007988523875
2015-07-08 23:00:00+00:00,1.091729608395995,1.0971841580823878,1.0865761764642006,1.091977383113907
2015-07-09 23:00:00+00:00,1.0920749174410331,1.0925947614257963,1.0824679891989695,1.0918684661964384
2015-07-12 23:00:00+00:00,1.0902871508710525,1.0965355531158212,1.0825059608105545,1.090275520669818
2015-07-13 23:00:00+00:00,1.0965526303583055,1.1034019481126194,1.0938914954905712,1.0959192434101859
2015-07-14 23:00:00+00:00,1.0972846817642499,1.101888121197238,1.09470106699292,1.0968035714494437
2015-07-15 23:00:00+00:00,1.0982754270425772,1.1025822617229146,1.0965947972517582,1.0976413365056403
2015-07-16 23:00:00+00:00,1.102407318801396,1.11498221057621,1.0999587186195516,1.1024950554403445
2015-07-19 23:00:00+00:00,1.117110082787458,1.1177550966926264,1.1097317798320487,1.116866179463008
2015-07-20 23:00:00+00:00,1.1116329411978947,1.115415926007837,1.103616909829188,1.1116559016901346
2015-07-21 23:00:00+00:00,1.1014742986729897,1.1136854564648735,1.0993586815009988,1.1016033759427777
2015-07-22 23:00:00+00:00,1.109369064385668,1.1104058586494516,1.1038348602052765,1.1089563442840802
2015-07-23 23:00:00+00:00,1.1047850198658058,1.1121801076464382,1.1042546587003785,1.1049553157795653
2015-07-26 23:00:00+00:00,1.108338178214094,1.1084434267828065,1.0937669688847147,1.1084762342449093
2015-07-27 23:00:00+00:00,1.0978273930285234,1.1085133038154367,1.0966192221508018,1.0978108399299087
2015-07-28 23:00:00+00:00,1.1038354652411155,1.1116493441159285,1.1021871146171953,1.1038394027746077
2015-07-29 23:00:00+00:00,1.1146310337154153,1.1181883910665689,1.1092917504629072,1.114532824733594
2015-07-30 23:00:00+00:00,1.1114320251109224,1.1139928097683243,1.0986033358697547,1.1116671673263812
2015-08-02 23:00:00+00:00,1.1133844542329014,1.1173018616121673,1.11015490131207,1.1136912793953657
2015-08-03 23:00:00+00:00,1.115706681751867,1.1177784612027883,1.1085640916594848,1.1154169361343829
2015-08-04 23:00:00+00:00,1.1231818189645566,1.1285695924708985,1.1200823611593433,1.1226200515423848
2015-08-05 23:00:00+00:00,1.1218672280672055,1.132115030007927,1.1197227219286807,1.1221550039118293
2015-08-06 23:00:00+00:00,1.127957238117492,1.1392887051316871,1.1264520775420805,1.1270682317608196
2015-08-09 23:00:00+00:00,1.131375199478253,1.1343153563387742,1.1214882656277483,1.1309129643465627
2015-08-10 23:00:00+00:00,1.1208003677379912,1.1263447882264301,1.1154271042573405,1.1209821945649157
2015-08-11 23:00:00+00:00,1.115689751488641,1.1159051885036313,1.103078792546188,1.1156678479558846
2015-08-12 23:00:00+00:00,1.1081551097895233,1.111440594806949,1.093204447584518,1.1081326678634436
2015-08-13 23:00:00+00:00,1.091872681559869,1.098612525752484,1.0856732511061158,1.0918681706844684
2015-08-16 23:00:00+00:00,1.0979787009747874,1.1010274807282436,1.0941438301067197,1.0981334008536408
2015-08-17 23:00:00+00:00,1.0996404756171085,1.10298212759929,1.0966039946788133,1.099808110994052
2015-08-18 23:00:00+00:00,1.1021822281734444,1.108499173678125,1.0984631020417153,1.1012859256825032
2015-08-19 23:00:00+00:00,1.0981146426344655,1.1001076660622624,1.0948423973740578,1.0985491626988566
2015-08-20 23:00:00+00:00,1.0986116899538296,1.0990992598042035,1.0784098520711498,1.0985222523315747
2015-08-23 23:00:00+00:00,1.0786474083734205,1.0796577501518558,1.052131484350674,1.0789479706204401
2015-08-24 23:00:00+00:00,1.066848710683176,1.0906175593952125,1.0655884513459655,1.06698334931262
2015-08-25 23:00:00+00:00,1.0764167373622973,1.0957776064413318,1.0757445033291062,1.076534041126678
2015-08-26 23:00:00+00:00,1.0931731676603196,1.0989746802519647,1.0890348740038986,1.093444105198328
2015-08-27 23:00:00+00:00,1.0914677486520303,1.0937342748398238,1.084875237261152,1.0912975952893267
2015-08-30 23:00:00+00:00,1.0887095101919637,1.097076014612944,1.0847043896363773,1.088771411122785
2015-08-31 23:00:00+00:00,1.0905952039454732,1.092424396335705,1.0858927159449274,1.0908444085232099
2015-09-01 23:00:00+00:00,1.087709826626657,1.092756805872612,1.085646566116532,1.0876454856486648
2015-09-02 23:00:00+00:00,1.0883542054083908,1.089614214626949,1.0766081377290655,1.08834812396852
2015-09-03 23:00:00+00:00,1.0845171089073529,1.0955410501639393,1.0833946602056448,1.084872013918577
2015-09-06 23:00:00+00:00,1.087219935099113,1.0925704316298797,1.0862459895127825,1.0878135902984138
2015-09-07 23:00:00+00:00,1.0909820564598751,1.09118810846976,1.0837467887085608,1.090556133202607
2015-09-08 23:00:00+00:00,1.0837448922104678,1.090467544634797,1.082222857201925,1.0839551056612051
2015-09-09 23:00:00+00:00,1.0830667398431217,1.0862713447155412,1.0772501834590176,1.082758974942597
2015-09-10 23:00:00+00:00,1.079020714268178,1.079076054003147,1.0624209925018604,1.078642548475643
2015-09-13 23:00:00+00:00,1.0619002024791093,1.0685223685271061,1.059622889610849,1.0617349309905393
2015-09-14 23:00:00+00:00,1.0653025671747296,1.07151646631613,1.061659053480673,1.06507732838874
2015-09-15 23:00:00+00:00,1.0714855799265603,1.0726987973481341,1.0628452580570726,1.0718184627912333
2015-09-16 23:00:00+00:00,1.0646117247021276,1.0671822469937469,1.0628353713111656,1.064370409347629
2015-09-17 23:00:00+00:00,1.0566359742156584,1.0598144943879055,1.0530383868947226,1.0572424271679601
2015-09-20 23:00:00+00:00,1.0654870160056564,1.0780743977917107,1.0623303438197063,1.0649760577540346
2015-09-21 23:00:00+00:00,1.0787447335888658,1.0857008410690876,1.0756487035405176,1.078538233601818
2015-09-22 23:00:00+00:00,1.0842253230800942,1.0892847430371675,1.0816506155153103,1.0841672371171764
2015-09-23 23:00:00+00:00,1.087070673818706,1.0880665211086769,1.078216313185717,1.0869803452238294
2015-09-24 23:00:00+00:00,1.0853479167657523,1.089901627548027,1.0830160357111893,1.0854364950185338
2015-09-27 23:00:00+00:00,1.0843345724147666,1.0957800694270596,1.0827862509158206,1.0842442470823626
2015-09-28 23:00:00+00:00,1.0918527808168428,1.0917781471507937,1.0814803802414874,1.0918026865876436
2015-09-29 23:00:00+00:00,1.0813651236250383,1.0862563005475785,1.078202559454499,1.0810013776039584
2015-09-30 23:00:00+00:00,1.0800230938853321,1.0853383208372962,1.0760862642583944,1.0803508089905187
2015-10-01 23:00:00+00:00,1.0801241730396385,1.083257145177505,1.0677500645167801,1.0805241278262883
2015-10-04 23:00:00+00:00,1.0797499384223457,1.0798297965123076,1.0699150302707354,1.0792853755547758
2015-10-05 23:00:00+00:00,1.0739301655560538,1.0747915702105602,1.0622831234093257,1.0739622751099231
2015-10-06 23:00:00+00:00,1.0622338877752713,1.0672285416269696,1.0608553803553573,1.062530715758471
2015-10-07 23:00:00+00:00,1.0635667626433851,1.0652385379410656,1.0595673091389064,1.0637087771748928
2015-10-08 23:00:00+00:00,1.0638287844014187,1.0652960596442684,1.0513635403418156,1.0634184473034616
2015-10-11 23:00:00+00:00,1.058436249138249,1.058316102835051,1.05216630771054,1.0577396007513025
2015-10-12 23:00:00+00:00,1.0553196956487307,1.0566583916021097,1.0445800457095868,1.0554229452483617
2015-10-13 23:00:00+00:00,1.049554336534387,1.050638883457375,1.0461650924080235,1.0496562327077241
2015-10-14 23:00:00+00:00,1.0465090192573308,1.0642091503010604,1.0452159287789176,1.046161737322588
2015-10-15 23:00:00+00:00,1.063486870421935,1.0642751293387351,1.0596263180055936,1.0629114270730466
2015-10-18 23:00:00+00:00,1.0628883306592665,1.0742233717753265,1.0614572254415287,1.0631102141150737
2015-10-19 23:00:00+00:00,1.0722047903691996,1.0734473677167415,1.0664247541796943,1.0724009525557017
2015-10-20 23:00:00+00:00,1.0721466730093179,1.074727916216129,1.069340425891941,1.0721696778461194
2015-10-21 23:00:00+00:00,1.073434741362517,1.0889736897430253,1.072129666930784,1.0727898865262078
2015-10-22 23:00:00+00:00,1.0911437484836408,1.0998394636021926,1.0876381543821785,1.0913050832575424
2015-10-26 00:00:00+00:00,1.0974567954014858,1.0999126615522863,1.0935642371185892,1.0974657789897007
2015-10-27 00:00:00+00:00,1.0970449632316361,1.0986107372454026,1.0943557972588893,1.0968449863551162
2015-10-28 00:00:00+00:00,1.0969917318188804,1.1023423870191502,1.0840355396309689,1.0973311374111476
2015-10-29 00:00:00+00:00,1.1046180940702333,1.1063111356017727,1.0971505395631769,1.1045458564559845
2015-10-30 00:00:00+00:00,1.0992973959046992,1.1031212557230488,1.0941204854891475,1.0990071119932188
2015-11-02 00:00:00+00:00,1.0996237079671094,1.1002311807630534,1.0961544378166639,1.0994226358994295
2015-11-03 00:00:00+00:00,1.1006503840829323,1.1070726092372292,1.0980192505740414,1.100580799932661
2015-11-04 00:00:00+00:00,1.10113310104118,1.1146763401096322,1.1005277605131074,1.101241695206575
2015-11-05 00:00:00+00:00,1.1122238052614053,1.116512682947626,1.1101100219728914,1.112858648000313
2015-11-06 00:00:00+00:00,1.1131697238246687,1.1295315810561763,1.1117107969162743,1.112953559400828
2015-11-09 00:00:00+00:00,1.126007959897227,1.12624755716835,1.1157114877105143,1.125669881952404
2015-11-10 00:00:00+00:00,1.1199751519338792,1.1246730252991657,1.1186477907242314,1.119827290077275
2015-11-11 00:00:00+00:00,1.1191599235692409,1.1243732715101067,1.1163077353193382,1.1193422964514943
2015-11-12 00:00:00+00:00,1.1180549988146675,1.1220809797072695,1.1098882119092506,1.1181710401940634
2015-11-13 00:00:00+00:00,1.1139298047813848,1.1236812760984143,1.1136915698651075,1.113478180453576
2015-11-16 00:00:00+00:00,1.1262632054840505,1.1261382799117976,1.1193863052160131,1.1259109033749632
2015-11-17 00:00:00+00:00,1.1258973017528482,1.129224154043345,1.124819338609332,1.1259617820255456
2015-11-18 00:00:00+00:00,1.1287863667294646,1.1298119242726505,1.1217247479879615,1.129293359086177
2015-11-19 00:00:00+00:00,1.1245465924970994,1.1252309103971372,1.117892767968553,1.124729594506197
2015-11-20 00:00:00+00:00,1.1194139989295024,1.1241716287471857,1.1181618644719638,1.1192300228621648
2015-11-23 00:00:00+00:00,1.1251867812670688,1.1289637451988326,1.1207032737568376,1.1252011564163498
2015-11-24 00:00:00+00:00,1.1245891909987522,1.1261330431102272,1.120697806374373,1.1244150313140069
2015-11-25 00:00:00+00:00,1.1213701587324245,1.132923135871434,1.117995579483185,1.121392062449713
2015-11-26 00:00:00+00:00,1.125791492155375,1.1280270093714044,1.1250823002979424,1.1262210868092537
2015-11-27 00:00:00+00:00,1.125874063914972,1.1290273562027846,1.1240928567644481,1.1271527571399653
2015-11-30 00:00:00+00:00,1.127941527450339,1.128782172504543,1.1214012887467613,1.1278537888464053
2015-12-01 00:00:00+00:00,1.1244039027975758,1.1246454029280002,1.1176109335880575,1.1243019760606152
2015-12-02 00:00:00+00:00,1.1201590306184879,1.1237648835537646,1.1196745230720802,1.120113460210367
2015-12-03 00:00:00+00:00,1.120438255971093,1.124475059472444,1.0982952916230295,1.1205186781683456
2015-12-04 00:00:00+00:00,1.0961276012125554,1.1003184628141245,1.0929758899752946,1.0965184501038971
2015-12-07 00:00:00+00:00,1.0946154579325402,1.1041135096666552,1.0943002165315936,1.0940231556592648
2015-12-08 00:00:00+00:00,1.1024571223556399,1.103245106715725,1.0939053032703718,1.1024535245353992
2015-12-09 00:00:00+00:00,1.0970970634676562,1.099204597708504,1.086125302815034,1.0977124944299252
2015-12-10 00:00:00+00:00,1.085507131259837,1.0982188411636438,1.0838942705580412,1.0855214054080196
2015-12-11 00:00:00+00:00,1.0983061434925099,1.1000259984838934,1.0910509504561687,1.0984157913604125
2015-12-14 00:00:00+00:00,1.09806554348943,1.1020152845043303,1.0939441283773728,1.0980050626107203
2015-12-15 00:00:00+00:00,1.0938826699522932,1.096414901602876,1.0835311745250364,1.093998718664694
2015-12-16 00:00:00+00:00,1.0960383605574906,1.099238102726228,1.0929733055254738,1.096297637095823
2015-12-17 00:00:00+00:00,1.1000002153380362,1.1068798465585021,1.0982011462354766,1.0999913489944837
2015-12-18 00:00:00+00:00,1.1027449548521213,1.1067353488631562,1.098726522966464,1.10253862484255
2015-12-21 00:00:00+00:00,1.1031310574044106,1.1050530077043124,1.097333232033943,1.1032796148081698
2015-12-22 00:00:00+00:00,1.0955629186571378,1.0966821367810842,1.0844433644365359,1.0956016711039243
2015-12-23 00:00:00+00:00,1.0863786492582181,1.0921741263378775,1.0861613664249243,1.087562882398366
2015-12-24 00:00:00+00:00,1.0887390567862139,1.089687483467419,1.0818132979704946,1.089797170471848
2015-12-25 00:00:00+00:00,1.0820342942863281,1.0834001007909728,1.0766883600180754,1.0820342942863281
2015-12-28 00:00:00+00:00,1.082912989445941,1.0841892535249746,1.0786542228279408,1.0829209007364262
2015-12-29 00:00:00+00:00,1.0791968389975426,1.0822151069820733,1.0740811937543266,1.0793168125812052
2015-12-30 00:00:00+00:00,1.0812045539256807,1.0878719736041038,1.0758823388606304,1.0810625498444784
2015-12-31 00:00:00+00:00,1.0847898263060727,1.0894599168042773,1.0826912781990048,1.0849715495794159
2016-01-01 00:00:00+00:00,1.088223280163567,1.0881938209500555,1.0836256434154583,1.088223280163567
2016-01-04 00:00:00+00:00,1.0890427406262453,1.0958710125608941,1.0831636049930282,1.0886964595885344
2016-01-05 00:00:00+00:00,1.0967017459246278,1.1137349923798892,1.094809948762189,1.0956425397571417
2016-01-06 00:00:00+00:00,1.1070517745152706,1.1109158530006573,1.1061238033003296,1.1081832239369223
2016-01-07 00:00:00+00:00,1.1062232484315813,1.1082813625004644,1.0992839106417736,1.1078859930008738
2016-01-08 00:00:00+00:00,1.0913391687280432,1.1045017149583358,1.0900113169483603,1.0915037960610985
2016-01-11 00:00:00+00:00,1.0938164953123233,1.1001595658884027,1.0940572455428819,1.0939073540584876
2016-01-12 00:00:00+00:00,1.0998944946448264,1.1028514691123652,1.0969574399117143,1.0999242012879638
2016-01-13 00:00:00+00:00,1.098172495083339,1.1037270123582517,1.097082738590543,1.0993009256218798
2016-01-14 00:00:00+00:00,1.098073899540151,1.0995295501863127,1.0947021780221562,1.0981255168645474
2016-01-15 00:00:00+00:00,1.0979196749013622,1.0996335300023656,1.0967298852897929,1.0988824780412894
2016-01-18 00:00:00+00:00,1.1005253092125724,1.1031902891983238,1.0994764282564495,1.1005004516683088
2016-01-19 00:00:00+00:00,1.1008963182736704,1.0994066198392973,1.093668182400312,1.1006053693523208
2016-01-20 00:00:00+00:00,1.0897678281285252,1.098396839186448,1.0890177120686004,1.0909053112094917
2016-01-21 00:00:00+00:00,1.0979457697459791,1.106446256183141,1.0960095363279945,1.099137403961427
2016-01-22 00:00:00+00:00,1.095918502881347,1.099429599261863,1.0956325060464842,1.0959890150304732
2016-01-25 00:00:00+00:00,1.099982448919936,1.101117454500738,1.0981122409332018,1.1001273829260403
2016-01-26 00:00:00+00:00,1.0968044754559545,1.0992419951531602,1.0966345856377058,1.0980789826031974
2016-01-27 00:00:00+00:00,1.0965609597098618,1.0976155481487437,1.089978416982333,1.0963078884093953
2016-01-28 00:00:00+00:00,1.0910317758654102,1.0956042671230324,1.0905404228736149,1.090965076281377
2016-01-29 00:00:00+00:00,1.0898852962403431,1.1051070162978949,1.0880313446926064,1.0910795513818097
2016-02-01 00:00:00+00:00,1.1035120628025166,1.1031874459844062,1.0943793631147019,1.1035470049653806
2016-02-02 00:00:00+00:00,1.094912341765052,1.102029394318646,1.0949424358569269,1.0958745539063002
2016-02-03 00:00:00+00:00,1.097182405977967,1.1000804648930564,1.0875499927909362,1.0970560442419375
2016-02-04 00:00:00+00:00,1.0823443774559676,1.0849619870810845,1.0745444304107696,1.0831662990607076
2016-02-05 00:00:00+00:00,1.078314356931062,1.088255181010615,1.0773073824249622,1.07840517932824
2016-02-08 00:00:00+00:00,1.086356465670019,1.0909023049823954,1.0800726232407845,1.0863693211626508
2016-02-09 00:00:00+00:00,1.0842532061849135,1.0880989749697012,1.0764904968200286,1.0842308094060604
2016-02-10 00:00:00+00:00,1.079420059818162,1.088612210647865,1.0785517374297064,1.0794485291396028
2016-02-11 00:00:00+00:00,1.0739626624132639,1.08700948770643,1.0711927142473812,1.074253834421626
2016-02-12 00:00:00+00:00,1.0747495271738754,1.0828953958548446,1.0729323746618342,1.0747817232373742
2016-02-15 00:00:00+00:00,1.0813192642865528,1.0924645952152328,1.079875906051556,1.0814324756625644
2016-02-16 00:00:00+00:00,1.0878917362252607,1.0934216537651098,1.086580623927289,1.0880561300936145
2016-02-17 00:00:00+00:00,1.0914561243725687,1.0947871007326135,1.0868721044775425,1.0915146853023583
2016-02-18 00:00:00+00:00,1.0936265957088485,1.0935564107233815,1.0865302731179531,1.0938012548265503
2016-02-19 00:00:00+00:00,1.0859895196904903,1.0900998317189519,1.0838679060798049,1.085701647005397
2016-02-22 00:00:00+00:00,1.086206641623146,1.0938380076174943,1.0868737355706295,1.0862428325558793
2016-02-23 00:00:00+00:00,1.0937021566335776,1.0947286121251008,1.0904984741714485,1.0936116413871193
2016-02-24 00:00:00+00:00,1.0913419107198343,1.0999513123425206,1.0915170976039519,1.0912475798927723
2016-02-25 00:00:00+00:00,1.0925828179409576,1.0985382436149391,1.0904221846630449,1.0926830459959547
2016-02-26 00:00:00+00:00,1.092630313510913,1.0995973298639838,1.0893541055646905,1.093496436615885
2016-02-29 00:00:00+00:00,1.1004730032943557,1.103826781029251,1.0960689480786645,1.100651800061504
2016-03-01 00:00:00+00:00,1.1006726522850578,1.1117447625430235,1.0997258453368055,1.1004065733217396
2016-03-02 00:00:00+00:00,1.1072054382221672,1.1118486432470678,1.1062860441265145,1.1081190486386572
2016-03-03 00:00:00+00:00,1.1075803109097542,1.1088508486336497,1.1014334627965592,1.1074684141698325
2016-03-04 00:00:00+00:00,1.0981350903563525,1.0999685714078844,1.0906995036947063,1.0980732198906427
2016-03-07 00:00:00+00:00,1.0929477954792315,1.0982026131054698,1.0920924116755097,1.0928331627459835
2016-03-08 00:00:00+00:00,1.0912684094215563,1.0966325130972487,1.08906923740998,1.0912386885788696
2016-03-09 00:00:00+00:00,1.0935490465068283,1.096332072028,1.0851633937549023,1.0936068899805462
2016-03-10 00:00:00+00:00,1.0881769435976687,1.1002285527200795,1.0792905406339377,1.0883253987376857
2016-03-11 00:00:00+00:00,1.0752109858972567,1.0822210684939952,1.0738877689551416,1.078590447986395
2016-03-14 00:00:00+00:00,1.0741162593385085,1.0776279256628163,1.0741790050376494,1.0742529346788972
2016-03-15 00:00:00+00:00,1.0756127723412994,1.0774014451569085,1.070924907938006,1.0756621005408176
2016-03-16 00:00:00+00:00,1.0715281231294553,1.075180988128574,1.0715290765388534,1.0719095714218378
2016-03-17 00:00:00+00:00,1.0611617075691548,1.0613040350500844,1.048731891654332,1.0610948933865836
2016-03-18 00:00:00+00:00,1.054660869616536,1.060127240815886,1.0525471637426649,1.054716184565013
2016-03-21 00:00:00+00:00,1.0607882797941972,1.063783467808919,1.058559670184505,1.0607550013823719
2016-03-22 00:00:00+00:00,1.0616100568819398,1.0681262808463088,1.0589406442868177,1.0611586177968482
2016-03-23 00:00:00+00:00,1.0606523305960236,1.0664354164213161,1.0602861121318339,1.0605613016692035
2016-03-24 00:00:00+00:00,1.0660376981449138,1.0704059484397561,1.064522541505866,1.0660794175845405
2016-03-25 00:00:00+00:00,1.0698860661890652,1.0707618391176927,1.0680811486011321,1.0696492798625672
2016-03-27 23:00:00+00:00,1.0715187481024018,1.072038862529591,1.0651557561666,1.0714751637817155
2016-03-28 23:00:00+00:00,1.067101045197214,1.0697178855481917,1.0644751065516491,1.067043041666682
2016-03-29 23:00:00+00:00,1.0566843512579136,1.0573465536988047,1.0484179515358552,1.056455251258509
2016-03-30 23:00:00+00:00,1.0489505724262222,1.0521608163880498,1.0428943727247908,1.0488540859313016
2016-03-31 23:00:00+00:00,1.0465811879897031,1.0507906403721325,1.041929627739192,1.0466158668280399
2016-04-03 23:00:00+00:00,1.0480633614740211,1.0501432896419458,1.0457415303883817,1.048346450301266
2016-04-04 23:00:00+00:00,1.0477517930806266,1.0524670451552145,1.0460576484929922,1.0479586252720945
2016-04-05 23:00:00+00:00,1.048471319789917,1.0540844358433,1.048072206138673,1.0479549011271951
2016-04-06 23:00:00+00:00,1.0505103080661597,1.0527103803139553,1.0463594769573896,1.050720870572821
2016-04-07 23:00:00+00:00,1.052378454896976,1.0538687443244608,1.0481117539002127,1.0516975828851476
2016-04-10 23:00:00+00:00,1.0504590491209203,1.0516079340883648,1.0439723364829498,1.050340429394804
2016-04-11 23:00:00+00:00,1.0455842465113707,1.0464412501264138,1.0359820684681635,1.0457004567801405
2016-04-12 23:00:00+00:00,1.0422209605026074,1.0503131110635855,1.0414981650600923,1.0417199847255676
2016-04-13 23:00:00+00:00,1.0495534095474042,1.0547555933840183,1.0462152294958726,1.0499725310126589
2016-04-14 23:00:00+00:00,1.0486737053591875,1.05131957572213,1.0463488219719002,1.048390381764207
2016-04-17 23:00:00+00:00,1.0495942789354684,1.0504118374280997,1.0467417387519473,1.049314257018667
2016-04-18 23:00:00+00:00,1.0464698129758352,1.0465514617936216,1.0407678886806415,1.0463794283173242
2016-04-19 23:00:00+00:00,1.041914606549788,1.0448689121816974,1.0369440261482539,1.042224882265616
2016-04-20 23:00:00+00:00,1.04740925202269,1.048762846044156,1.0391274683635525,1.047171147090416
2016-04-21 23:00:00+00:00,1.0494303706278953,1.0509824553208698,1.0429927531571594,1.0494160874728855
2016-04-24 23:00:00+00:00,1.050898099047249,1.0519763400108384,1.0471103714385162,1.0508931417447747
2016-04-25 23:00:00+00:00,1.0491338488568929,1.0502156379102734,1.0410504473695683,1.0493431385007876
2016-04-26 23:00:00+00:00,1.0470163016595555,1.0476788596449174,1.0420009131395243,1.0470205724726371
2016-04-27 23:00:00+00:00,1.041959246923362,1.0442153201383007,1.0359754723085817,1.0417723676782755
2016-04-28 23:00:00+00:00,1.0397968009162963,1.0395703429986083,1.0299814014498163,1.0396757115124244
2016-05-01 23:00:00+00:00,1.0342398025441035,1.034722394628241,1.0279869548973575,1.0341153863176997
2016-05-02 23:00:00+00:00,1.0266224098784769,1.0339307849999009,1.0176103795716844,1.0261736093255531
2016-05-03 23:00:00+00:00,1.03690369401844,1.0408715643780089,1.0351281234421505,1.0365198692587698
2016-05-04 23:00:00+00:00,1.0388332928195958,1.0455315797407387,1.038287216130088,1.038467211347867
2016-05-05 23:00:00+00:00,1.0441920399054174,1.0493691886791967,1.0414048794349882,1.043536093651688
2016-05-08 23:00:00+00:00,1.0497376201236817,1.051095294897104,1.046696757209925,1.0498652255497383
2016-05-09 23:00:00+00:00,1.05134316495748,1.0520770698869488,1.0485227560195445,1.0511784344273296
2016-05-10 23:00:00+00:00,1.0509455794341158,1.0510074459577392,1.0466234706462214,1.0504116687027651
2016-05-11 23:00:00+00:00,1.0477701695404322,1.055140769530515,1.0473554079646124,1.0473932053468387
2016-05-12 23:00:00+00:00,1.0547337308102893,1.0652269257582847,1.0535868123272394,1.0545248959278637
2016-05-15 23:00:00+00:00,1.061172982941442,1.0627373188248928,1.0594887417085088,1.0612099302291673
2016-05-16 23:00:00+00:00,1.064685524930126,1.0654072471490013,1.0598125915508725,1.0647773525529836
2016-05-17 23:00:00+00:00,1.0635646908805116,1.0691553874171147,1.0632456935518702,1.0636004658033558
2016-05-18 23:00:00+00:00,1.0749070963075975,1.0788799854257862,1.0727548387061114,1.074816989360772
2016-05-19 23:00:00+00:00,1.0753672569367856,1.0753339995041469,1.0714747214887737,1.0751750628011054
2016-05-22 23:00:00+00:00,1.070793946174385,1.076684663865211,1.0687189810837112,1.0707965242764526
2016-05-23 23:00:00+00:00,1.0744589344686553,1.0777034005400759,1.0694738194246212,1.0745553592143557
2016-05-24 23:00:00+00:00,1.070328916450144,1.0707750268611038,1.0673042595436841,1.0703543587731807
2016-05-25 23:00:00+00:00,1.068752196974703,1.0708520346771448,1.0642586441399857,1.0681075298334888
2016-05-26 23:00:00+00:00,1.0660745073010651,1.0734679609733648,1.0652041861085024,1.0661652408636855
2016-05-29 23:00:00+00:00,1.0752595025574938,1.0764856973650447,1.070880966443698,1.075213470433678
2016-05-30 23:00:00+00:00,1.0715918040142676,1.0753653683138102,1.0695669905570169,1.0711962588529436
2016-05-31 23:00:00+00:00,1.0722736357452658,1.0734033573459898,1.067191105293019,1.0712164443685266
2016-06-01 23:00:00+00:00,1.0675633959944093,1.073209917019855,1.065895868440711,1.0677417313850726
2016-06-02 23:00:00+00:00,1.0708242161962085,1.0718720785269857,1.0495770152968658,1.0713710910140344
2016-06-05 23:00:00+00:00,1.0492551416126832,1.0518040077685664,1.0448688154444596,1.0496203493602305
2016-06-06 23:00:00+00:00,1.0456251442991544,1.0485520295465713,1.0439699959729847,1.045842344970377
2016-06-07 23:00:00+00:00,1.045774794905714,1.0466407821352528,1.0428148213507338,1.0455962189992902
2016-06-08 23:00:00+00:00,1.0439631630275001,1.0534908968741183,1.043048763730017,1.0439078384189777
2016-06-09 23:00:00+00:00,1.0543727309525335,1.0663597115798118,1.0545117577801428,1.0540390213767594
2016-06-12 23:00:00+00:00,1.0705805909793848,1.0713581243045929,1.0604106350890308,1.0705998788183164
2016-06-13 23:00:00+00:00,1.0625499298601786,1.071312556106283,1.0615142784705096,1.062214868049012
2016-06-14 23:00:00+00:00,1.0706707474009465,1.075844535878637,1.0689491803291786,1.0707941396170582
2016-06-15 23:00:00+00:00,1.0702123780445578,1.087425212244241,1.0666541850699534,1.0697975370563282
2016-06-16 23:00:00+00:00,1.071003191619401,1.0760409640521662,1.0700631634070807,1.072244169928095
2016-06-19 23:00:00+00:00,1.063481480015727,1.0642800530349483,1.0594207544627887,1.0638633993740279
2016-06-20 23:00:00+00:00,1.0602770079698167,1.0673870889255352,1.0582648586174015,1.0601853734915685
2016-06-21 23:00:00+00:00,1.0659730023791063,1.0681167770258664,1.0616180456918938,1.0656549352205613
2016-06-22 23:00:00+00:00,1.0604165018484535,1.062835583732221,1.049929128022896,1.0588999837657438
2016-06-23 23:00:00+00:00,1.0596647312282563,1.1258372533501038,1.0563046810111687,1.0567289722326438
2016-06-26 23:00:00+00:00,1.0995751703226828,1.10549913792595,1.0908425070108558,1.0993012694343676
2016-06-27 23:00:00+00:00,1.1010452314992525,1.1030784961431779,1.0935042763517604,1.1026708362021012
2016-06-28 23:00:00+00:00,1.094591637086953,1.1001341499911201,1.0910276949995228,1.0945632707970223
2016-06-29 23:00:00+00:00,1.089544502068836,1.0973141714382764,1.0882899978477594,1.0891650920105969
2016-06-30 23:00:00+00:00,1.0892399717448593,1.0936383839755621,1.0841642189077236,1.0890058115065138
2016-07-03 23:00:00+00:00,1.0880187180178746,1.0915003012534652,1.0860444296798912,1.0880600229488229
2016-07-04 23:00:00+00:00,1.0858009266566457,1.0994825621852435,1.0845089306379507,1.085315066135615
2016-07-05 23:00:00+00:00,1.0995506522641019,1.106405600483643,1.0964252610777676,1.0996581091414057
2016-07-06 23:00:00+00:00,1.0981696739826277,1.1069205225729817,1.0982557588775788,1.0981117779466993
2016-07-07 23:00:00+00:00,1.1048427569779093,1.1105314830086637,1.101700528236431,1.1047641549559986
2016-07-10 23:00:00+00:00,1.1072471019367751,1.1087390409531077,1.102991011921298,1.107226649105288
2016-07-11 23:00:00+00:00,1.1057847982715046,1.1061675208170345,1.0956156504824432,1.1043097965432238
2016-07-12 23:00:00+00:00,1.1007224112572276,1.1048959386930417,1.0926396904306008,1.100632638554014
2016-07-13 23:00:00+00:00,1.0948040975250959,1.0963341598527943,1.0908531837656232,1.0948857397961114
2016-07-14 23:00:00+00:00,1.0975628113634788,1.1023112732755223,1.093202424072444,1.0971384297997089
2016-07-17 23:00:00+00:00,1.1049436326854478,1.1053611684887283,1.1019077300061075,1.1054848112040654
2016-07-18 23:00:00+00:00,1.102069119881543,1.1115949682059163,1.102175728682126,1.1020717025150546
2016-07-19 23:00:00+00:00,1.1111495872126425,1.1136720105724305,1.107630827195608,1.1102655490490931
2016-07-20 23:00:00+00:00,1.107147518777605,1.1120769333810296,1.1050062520192847,1.1069502852968773
2016-07-21 23:00:00+00:00,1.1074563308622127,1.118359153146198,1.1062493996720935,1.1063656514433273
2016-07-24 23:00:00+00:00,1.1162522226398157,1.117699160031549,1.1140771933363076,1.1161707167547217
2016-07-25 23:00:00+00:00,1.114448148651332,1.1161671764408945,1.1106689302577073,1.1134567764549275
2016-07-26 23:00:00+00:00,1.115902578541147,1.119347287738785,1.1143525620266728,1.115060516153614
2016-07-27 23:00:00+00:00,1.1107429769550299,1.1147426276964014,1.105433959999518,1.1110679693060128
2016-07-28 23:00:00+00:00,1.1127562949059784,1.1138003435957824,1.0998065053223027,1.1128387986423156
2016-07-31 23:00:00+00:00,1.103588808200883,1.1078383978494597,1.1016025928708348,1.1035695084772192
2016-08-01 23:00:00+00:00,1.1066509437440548,1.107097917648518,1.0954436434331882,1.1069582243072542
2016-08-02 23:00:00+00:00,1.0963003736131756,1.1007581518140865,1.0945141163155134,1.0960617132678818
2016-08-03 23:00:00+00:00,1.101206975498956,1.1041028120931935,1.0966963213398786,1.1010844361719132
2016-08-04 23:00:00+00:00,1.0963013896463847,1.106604862184817,1.0965321458761004,1.0979337395105204
2016-08-07 23:00:00+00:00,1.1047510689414757,1.1087089953510232,1.1025211892612174,1.1043948652174929
2016-08-08 23:00:00+00:00,1.1061021365822983,1.1075933806239568,1.098548148089854,1.1062426635954814
2016-08-09 23:00:00+00:00,1.0996597476029013,1.099668607540016,1.0899775032721255,1.1000864400299777
2016-08-10 23:00:00+00:00,1.0897997646141142,1.0925178227216685,1.0853487465792853,1.0897645753349707
2016-08-11 23:00:00+00:00,1.0924289859719716,1.0930349315382177,1.0836978726057453,1.0923909966386072
2016-08-14 23:00:00+00:00,1.0895277010016124,1.092453225149727,1.0877839886037188,1.0896245196388878
2016-08-15 23:00:00+00:00,1.0900333665026969,1.090277833247456,1.0763330538669849,1.0903116697051962
2016-08-16 23:00:00+00:00,1.0847712372683693,1.0878644140718035,1.0838094498909554,1.084825625991799
2016-08-17 23:00:00+00:00,1.084839158623655,1.084387831166198,1.0771354171119498,1.0842628551343116
2016-08-18 23:00:00+00:00,1.0769886199570724,1.0829050337837505,1.0765470004549331,1.076312885758955
2016-08-21 23:00:00+00:00,1.0834612301750157,1.0856886985172092,1.078711161873251,1.0839287034109464
2016-08-22 23:00:00+00:00,1.0804578374722975,1.0800468851653402,1.0753573587733418,1.0796143089400494
2016-08-23 23:00:00+00:00,1.080833218372912,1.085155741233279,1.078299329347583,1.0804674076712282
2016-08-24 23:00:00+00:00,1.0829510669981535,1.0849450883485385,1.0808791546731615,1.083070106447532
2016-08-25 23:00:00+00:00,1.0835922614018738,1.0889608774556325,1.0787186558679835,1.083055110168257
2016-08-28 23:00:00+00:00,1.0943629856510653,1.0963142353804831,1.0925713169814621,1.0940644848683951
2016-08-29 23:00:00+00:00,1.0908798015352026,1.1036052739058564,1.090937130386954,1.0908422387268732
2016-08-30 23:00:00+00:00,1.09981444209351,1.1061342361038764,1.0978338484103358,1.0997747593802722
2016-08-31 23:00:00+00:00,1.1036331914025086,1.1103355839016302,1.1017535200707804,1.1034700387212906
2016-09-01 23:00:00+00:00,1.102182480772775,1.1090462789996691,1.0982791608630333,1.1021258044563813
2016-09-04 23:00:00+00:00,1.1061312009940554,1.1059514668916306,1.1020788783589914,1.1059777537892457
2016-09-05 23:00:00+00:00,1.103626075157146,1.1043799312413585,1.0906608625978538,1.103481788824755
2016-09-06 23:00:00+00:00,1.0925985623623844,1.0943308088795898,1.086949637434416,1.0921394328926586
2016-09-07 23:00:00+00:00,1.0879128601848482,1.0890962402223145,1.0802953180679038,1.0881315504818299
2016-09-08 23:00:00+00:00,1.0876460183955052,1.0970238012921396,1.0860913999480053,1.087402318834521
2016-09-11 23:00:00+00:00,1.0939213558636014,1.1002062340729073,1.0920750465578313,1.0937072800707266
2016-09-12 23:00:00+00:00,1.0931742900843577,1.097267638528329,1.0923870254305166,1.0924910266743446
2016-09-13 23:00:00+00:00,1.0995861994361986,1.0999652036080576,1.0906430115246095,1.0992831050169372
2016-09-14 23:00:00+00:00,1.0947420866632869,1.0995514817596723,1.0911388690535426,1.0951028793279138
2016-09-15 23:00:00+00:00,1.0929032243789758,1.10526251112278,1.0923285663959776,1.0924843789218635
2016-09-18 23:00:00+00:00,1.1039438995443718,1.1051554744916274,1.1003506506256244,1.104062663598749
2016-09-19 23:00:00+00:00,1.1031816066202478,1.1064084676100443,1.1005737539919858,1.103514037179973
2016-09-20 23:00:00+00:00,1.1082376259680309,1.110383086264511,1.1061590545656463,1.1078767081183662
2016-09-21 23:00:00+00:00,1.103038287508888,1.1032980166161117,1.0973163012854223,1.1030238465316122
2016-09-22 23:00:00+00:00,1.101543447714692,1.103665997995215,1.1000824900115758,1.1016930633756508
2016-09-25 23:00:00+00:00,1.099745312228911,1.1032218922268686,1.0977742454685067,1.099749246960082
2016-09-26 23:00:00+00:00,1.101253317619931,1.1128893522004935,1.098225279724249,1.1014016625509413
2016-09-27 23:00:00+00:00,1.108328961501067,1.1106869306727731,1.1047143162288422,1.10797171332291
2016-09-28 23:00:00+00:00,1.1036885603543274,1.1079111177567005,1.1016148793268876,1.10365484764468
2016-09-29 23:00:00+00:00,1.1051168023225928,1.1124551250504502,1.1039599718812159,1.105428720318387
2016-10-02 23:00:00+00:00,1.1060727203713427,1.1073550008609576,1.0993190597050089,1.1065037155375774
2016-10-03 23:00:00+00:00,1.1052339260984787,1.1128615461942504,1.1044475615014113,1.1052442619950056
2016-10-04 23:00:00+00:00,1.1083805015467805,1.1104422656977204,1.1031654579479888,1.1084203136085145
2016-10-05 23:00:00+00:00,1.1070900921839286,1.112360181085029,1.1066013234997658,1.1075833098054373
2016-10-06 23:00:00+00:00,1.112878567980045,1.1180224802734378,1.108907015219409,1.1117868097141264
2016-10-09 23:00:00+00:00,1.1126266085847527,1.117046040751971,1.111798366422402,1.1125984370539121
2016-10-10 23:00:00+00:00,1.1146538185816037,1.1368093432263568,1.1146405518646674,1.1146785308771165
2016-10-11 23:00:00+00:00,1.1359193520582207,1.1400847765103581,1.1349606066448803,1.136033857724325
2016-10-12 23:00:00+00:00,1.141461242596749,1.1432672300216042,1.13418169142496,1.1413625599212032
2016-10-13 23:00:00+00:00,1.133506042420686,1.1388767195195912,1.1318954635523149,1.1339215215119964
2016-10-16 23:00:00+00:00,1.1398081748623778,1.1398151828964447,1.134960931905678,1.1398943158995583
2016-10-17 23:00:00+00:00,1.1344491266855807,1.1384244266188874,1.1322075325578504,1.133945594193646
2016-10-18 23:00:00+00:00,1.1381604192523949,1.140600289550852,1.1351020769964355,1.137844914638451
2016-10-19 23:00:00+00:00,1.1388214830112604,1.1451472058955128,1.1361154038352907,1.1386275151543088
2016-10-20 23:00:00+00:00,1.1427661411193382,1.1520111956652932,1.142972399743305,1.1430917164473318
2016-10-23 23:00:00+00:00,1.1491692794997324,1.1513049489425256,1.1468430863960033,1.1486570010674568
2016-10-24 23:00:00+00:00,1.1489545720572014,1.1549893761974328,1.1472909330665233,1.148978343504585
2016-10-25 23:00:00+00:00,1.1510456528111972,1.151788749497615,1.1472970218276728,1.1509263883037586
2016-10-26 23:00:00+00:00,1.1483780923194358,1.1687921893794786,1.1446641600548435,1.148100634305361
2016-10-27 23:00:00+00:00,1.1706782785867162,1.1707851485636134,1.1616190616773685,1.1704062987981458
2016-10-31 00:00:00+00:00,1.1617629270880216,1.1644058444036858,1.1591694571848024,1.1614953860666068
2016-11-01 00:00:00+00:00,1.1651040347551322,1.1666035232024414,1.1525832799998672,1.1653457707349668
2016-11-02 00:00:00+00:00,1.1556960945758248,1.156385641162352,1.1467641889030267,1.1556177983132967
2016-11-03 00:00:00+00:00,1.1500045223625757,1.1548581535495566,1.146002012014156,1.150667669798708
2016-11-04 00:00:00+00:00,1.1567495240881986,1.1595983197400788,1.1523013297424551,1.1563874789768553
2016-11-07 00:00:00+00:00,1.1562272892386005,1.1667225453019594,1.1540349827344214,1.1555191116664727
2016-11-08 00:00:00+00:00,1.1623287053848828,1.1638252441711858,1.1570205793758577,1.162361409893712
2016-11-09 00:00:00+00:00,1.1570789382015443,1.175692403527197,1.147780896856833,1.1572567652063717
2016-11-10 00:00:00+00:00,1.1673178680110476,1.174525397764406,1.1640636093665662,1.1673594846317257
2016-11-11 00:00:00+00:00,1.1656710438656872,1.1746107567147113,1.1630261421412644,1.1652032753651471
2016-11-14 00:00:00+00:00,1.173966215121909,1.1827989052928076,1.1718153828674673,1.1739522414817645
2016-11-15 00:00:00+00:00,1.1790220907444282,1.1844338632247735,1.1690282048470992,1.1790211322119484
2016-11-16 00:00:00+00:00,1.1837906342299531,1.1874036936994803,1.1798501607809164,1.1839336140762489
2016-11-17 00:00:00+00:00,1.1833586183167866,1.1880536246947484,1.1799578994793813,1.1831805593104128
2016-11-18 00:00:00+00:00,1.1910311540623912,1.1964732035952435,1.1895063243738169,1.1910917648395283
2016-11-21 00:00:00+00:00,1.193654539822461,1.1942519159941942,1.1866279736837542,1.193934518599717
2016-11-22 00:00:00+00:00,1.1874139033666695,1.1939559108676059,1.1852028590305488,1.187433995911858
2016-11-23 00:00:00+00:00,1.1876284131664774,1.19784011662485,1.1864442131704236,1.187707110325178
2016-11-24 00:00:00+00:00,1.1971017468577771,1.1996519442262508,1.1881547898705072,1.1967898066210563
2016-11-25 00:00:00+00:00,1.1919828597085291,1.194194768377007,1.186968779130971,1.1917715790157721
2016-11-28 00:00:00+00:00,1.1901961953604867,1.19227642833682,1.1822425582010978,1.1900025766174822
2016-11-29 00:00:00+00:00,1.1859748485787998,1.1916550548469067,1.1849082562517703,1.1854669092135541
2016-11-30 00:00:00+00:00,1.182880420398846,1.1911354813668176,1.178315382764084,1.1829274800290668
2016-12-01 00:00:00+00:00,1.1898714472786294,1.1928268918279175,1.185894687806139,1.1897806166593228
2016-12-02 00:00:00+00:00,1.1884896295480167,1.1893129114903667,1.184831931473399,1.18832842125559
2016-12-05 00:00:00+00:00,1.1926683629429522,1.1949175815815356,1.1782236886040576,1.190993467844187
2016-12-06 00:00:00+00:00,1.1766739633602639,1.1786151164828003,1.1748474442730126,1.1767724360994491
2016-12-07 00:00:00+00:00,1.1773741621317648,1.1782681798894372,1.1680099444119376,1.177123744445728
2016-12-08 00:00:00+00:00,1.1694396299412033,1.1813729467786538,1.162208564241898,1.1691185742520591
2016-12-09 00:00:00+00:00,1.1762552081632989,1.1854415896292616,1.176004802005804,1.1762112075466153
2016-12-12 00:00:00+00:00,1.1856175036369327,1.1867756231379838,1.180204468376014,1.1853983628103146
2016-12-13 00:00:00+00:00,1.1805287243356837,1.1823001520794922,1.1781398721490879,1.1808212888635248
2016-12-14 00:00:00+00:00,1.1816046093295645,1.1829807667011942,1.17773045684012,1.1817514276773602
2016-12-15 00:00:00+00:00,1.1959736136053831,1.2117871362563903,1.1944664410655503,1.1959397976352364
2016-12-16 00:00:00+00:00,1.2118737364737402,1.216098895520017,1.2047878276584596,1.211654611858274
2016-12-19 00:00:00+00:00,1.2048176819871788,1.209353161877729,1.201442706449787,1.204640136535002
2016-12-20 00:00:00+00:00,1.2069674146746876,1.2111206445514178,1.204263307466371,1.2068359326073281
2016-12-21 00:00:00+00:00,1.204092702336165,1.2047576757542147,1.1880694544384218,1.203916342322014
2016-12-22 00:00:00+00:00,1.1888569197913441,1.1883822470158985,1.178976168926849,1.1884136099488793
2016-12-23 00:00:00+00:00,1.1879683211068817,1.1902699814985755,1.1845954941989558,1.1876715672166296
2016-12-26 00:00:00+00:00,1.1872310093979213,1.1904961352239154,1.1818723573836898,1.1870738569412327
2016-12-27 00:00:00+00:00,1.1855525380547678,1.1916254773086599,1.185804657309025,1.1856327002132248
2016-12-28 00:00:00+00:00,1.1881903268365854,1.1885800936936086,1.1843805568340426,1.1882527834622285
2016-12-29 00:00:00+00:00,1.1848932582449798,1.184755838526358,1.1749918602502585,1.1846823095661496
2016-12-30 00:00:00+00:00,1.1691436609980523,1.1752930659766456,1.1648502539664833,1.1690663473241227
2017-01-02 00:00:00+00:00,1.1723510806909385,1.1768018759122236,1.1707096260162941,1.171090891494246
2017-01-03 00:00:00+00:00,1.1757765843839552,1.185807060366883,1.1733723783439889,1.1757593094396408
2017-01-04 00:00:00+00:00,1.1801251102608563,1.1827656739946328,1.1741826689573904,1.1799117676350999
2017-01-05 00:00:00+00:00,1.1728545138049833,1.172778940577992,1.1612402612586006,1.1726533249955575
2017-01-06 00:00:00+00:00,1.1602961600107735,1.1701234425357392,1.1597859272676194,1.1602188024895839
2017-01-09 00:00:00+00:00,1.1686093659339505,1.171963644878376,1.1670164567577663,1.1685254308416688
2017-01-10 00:00:00+00:00,1.1648439449581385,1.1678303983376725,1.160922315201391,1.164811729554639
2017-01-11 00:00:00+00:00,1.1710809545229397,1.1799631499705212,1.1677003079768973,1.1710321935573529
2017-01-12 00:00:00+00:00,1.1625256401915713,1.1645459317398097,1.1477764675798583,1.1627820317508144
2017-01-13 00:00:00+00:00,1.153836054670212,1.1549481316996528,1.1472993598343173,1.1539165314207536
2017-01-16 00:00:00+00:00,1.1507354876285683,1.1568872125847578,1.1487046037932618,1.150921185772423
2017-01-17 00:00:00+00:00,1.153833539731993,1.1541434879571126,1.1441648078486955,1.153833539731993
2017-01-18 00:00:00+00:00,1.1471756028573217,1.1527040771978407,1.1461527507125902,1.147197362498396
2017-01-19 00:00:00+00:00,1.1535986926923198,1.1627078464363363,1.1505602829039165,1.154171728784003
2017-01-20 00:00:00+00:00,1.153889228810736,1.154396782436495,1.1467084882327663,1.153933356279318
2017-01-23 00:00:00+00:00,1.1447610702883637,1.1446645926796017,1.1385601684010689,1.1441663927318306
2017-01-24 00:00:00+00:00,1.1389703283158177,1.1410440447445114,1.136799128402235,1.1387289231666384
2017-01-25 00:00:00+00:00,1.1410729046280839,1.1432036985042437,1.1353385363034731,1.1409693601314366
2017-01-26 00:00:00+00:00,1.1360959410782687,1.142119647905602,1.1343611506071294,1.136432253046613
2017-01-27 00:00:00+00:00,1.139766132126632,1.143026013081543,1.1363319865378234,1.1396526565517269
2017-01-30 00:00:00+00:00,1.1382220105470064,1.144835977356118,1.1360055592088136,1.1386667497633252
2017-01-31 00:00:00+00:00,1.1369917563632732,1.1392506842690722,1.1264725585834297,1.136949762798392
2017-02-01 00:00:00+00:00,1.1272011851898478,1.1309650351163034,1.1235985805403912,1.1270621638254072
2017-02-02 00:00:00+00:00,1.1273856560645976,1.1273072332508651,1.1208190134514595,1.1276157754491682
2017-02-03 00:00:00+00:00,1.127048861448297,1.134253018215291,1.1260634412240418,1.1276146495229888
2017-02-06 00:00:00+00:00,1.130132122288677,1.1404941346767508,1.1287821107210299,1.129725391403413
2017-02-07 00:00:00+00:00,1.1380350352875346,1.1470233891557788,1.1379448207929035,1.1380359426706714
2017-02-08 00:00:00+00:00,1.1438732372853655,1.145963470754025,1.139031598814303,1.144233659228642
2017-02-09 00:00:00+00:00,1.138955750437304,1.1475126870924026,1.138926205068412,1.1393753378430698
2017-02-10 00:00:00+00:00,1.1479441892807136,1.1511669344234763,1.1464296225918218,1.1472869532237129
2017-02-13 00:00:00+00:00,1.1515053954377061,1.1521387042832096,1.146762527131335,1.1514641135525674
2017-02-14 00:00:00+00:00,1.151490576245362,1.1534511364502245,1.1472781060360666,1.1515568374556524
2017-02-15 00:00:00+00:00,1.1512205278418646,1.1574450033517443,1.1500186781660413,1.1514477107464611
2017-02-16 00:00:00+00:00,1.1492181989491175,1.1495591768548987,1.141906870479998,1.1492052929216523
2017-02-17 00:00:00+00:00,1.141709317246567,1.1477820452053797,1.1406825065804338,1.1413039603870343
2017-02-20 00:00:00+00:00,1.1473839950563938,1.1507683987251334,1.14629565484983,1.147289732948771
2017-02-21 00:00:00+00:00,1.1515688001647644,1.159218658958043,1.151004713751087,1.1514953148832026
2017-02-22 00:00:00+00:00,1.1557900912499268,1.1629378859001194,1.1543151431254488,1.1560606999055696
2017-02-23 00:00:00+00:00,1.1560646116171178,1.1593415704710515,1.1550663215795725,1.1562253088175996
2017-02-24 00:00:00+00:00,1.1585212508880656,1.162940356220428,1.1549690530455652,1.1590045552542756
2017-02-27 00:00:00+00:00,1.1656129964316848,1.1665101671444387,1.1609211916228268,1.165610843045897
2017-02-28 00:00:00+00:00,1.168123229424333,1.1687068188068592,1.1604049041753823,1.1675612716231014
2017-03-01 00:00:00+00:00,1.165349982788734,1.1690314095816052,1.1624641589117213,1.165486942144455
2017-03-02 00:00:00+00:00,1.1664511015198817,1.1687819061754599,1.1631232721866591,1.1670859908139386
2017-03-03 00:00:00+00:00,1.170182687437163,1.1701907103004983,1.160806522314093,1.1696556944030179
2017-03-06 00:00:00+00:00,1.1566995900729995,1.1606576550069285,1.1548316616086152,1.1568753981720956
2017-03-07 00:00:00+00:00,1.1614729583665975,1.1624187821351462,1.1583636425842307,1.161897885737311
2017-03-08 00:00:00+00:00,1.160790970577431,1.1635599985241762,1.15920986411985,1.1605644123838497
2017-03-09 00:00:00+00:00,1.164989412828935,1.1667709710225005,1.159398645743799,1.1651892613005916
2017-03-10 00:00:00+00:00,1.1649313569588,1.1645683726545115,1.1574179087087193,1.164978316148092
2017-03-13 00:00:00+00:00,1.1587228506835265,1.1592121435364706,1.1517183138351614,1.1584601294777062
2017-03-14 00:00:00+00:00,1.1510240301106396,1.1534676164340523,1.1476658697568296,1.1514336924716184
2017-03-15 00:00:00+00:00,1.1532385642544092,1.1595904860134028,1.151732194171553,1.1541054905262444
2017-03-16 00:00:00+00:00,1.1423439717895034,1.1438163610427508,1.135957236880303,1.142473978148418
2017-03-17 00:00:00+00:00,1.135200276663065,1.1366933150317216,1.1321951301948505,1.1347292613902467
2017-03-20 00:00:00+00:00,1.1371661427515871,1.13954573780003,1.1335636646978715,1.1372277087819427
2017-03-21 00:00:00+00:00,1.136078976301902,1.1360711101680705,1.1298220899970943,1.1362618049444595
2017-03-22 00:00:00+00:00,1.1328526069605944,1.1380139570986643,1.1293561285857587,1.1326937352211677
2017-03-23 00:00:00+00:00,1.1330484099727804,1.135711916699349,1.1313368802298236,1.1327808830150141
2017-03-24 00:00:00+00:00,1.135933791923367,1.13887590419747,1.1336603971185901,1.1360360101532092
2017-03-26 23:00:00+00:00,1.1309363566689883,1.1311722050723916,1.1280484614963302,1.1307985720999512
2017-03-27 23:00:00+00:00,1.1309493286967114,1.1320069735354552,1.128651003643613,1.1311090386831013
2017-03-28 23:00:00+00:00,1.136417048647368,1.1455308678435436,1.1352303551486975,1.136391388875077
2017-03-29 23:00:00+00:00,1.141597217934253,1.1473181030269648,1.1417338698291337,1.1418270322583972
2017-03-30 23:00:00+00:00,1.1491288513977767,1.1514195374561969,1.1476245551415745,1.1496330964470245
2017-04-02 23:00:00+00:00,1.1530353239729216,1.1550912191397458,1.1466002558526525,1.1529645050552373
2017-04-03 23:00:00+00:00,1.1526682969441746,1.1623581398787657,1.1525104976535596,1.1524346109941053
2017-04-04 23:00:00+00:00,1.1577476389022099,1.158964478014765,1.1523414159417846,1.1572766708904199
2017-04-05 23:00:00+00:00,1.1557205684412795,1.1599284499725726,1.1547930602717538,1.1559249239317857
2017-04-06 23:00:00+00:00,1.1609606511144694,1.1667322957494999,1.1586705203376575,1.1613017576005742
2017-04-09 23:00:00+00:00,1.1684953028567113,1.17042219567373,1.1661189089009063,1.1684528261582803
2017-04-10 23:00:00+00:00,1.1676078459097612,1.1706351765161123,1.161937625709577,1.167726778728321
2017-04-11 23:00:00+00:00,1.1650116418268215,1.1654370098122224,1.159024153258759,1.165042448590293
2017-04-12 23:00:00+00:00,1.154267861129189,1.1619145262328503,1.1511999663217303,1.1544903180133603
2017-04-13 23:00:00+00:00,1.1624051137653286,1.1635230394322778,1.160390145853734,1.1624266821895255
2017-04-16 23:00:00+00:00,1.1625370737022687,1.1627357236363645,1.1550217585033153,1.1625949855459645
2017-04-17 23:00:00+00:00,1.1577856766630479,1.1585662261717107,1.151808549215327,1.1579435512421803
2017-04-18 23:00:00+00:00,1.1528510674529882,1.1559433341403367,1.1504664323206575,1.1526743806600568
2017-04-19 23:00:00+00:00,1.1538396615155497,1.1546052498446415,1.147732323664194,1.153774733154109
2017-04-20 23:00:00+00:00,1.155799063567552,1.161430406030838,1.1539158940500933,1.1559231619113182
2017-04-23 23:00:00+00:00,1.1365566673402174,1.1420047460607425,1.1316357308890626,1.1367375528463333
2017-04-24 23:00:00+00:00,1.1386759509253606,1.1401161986926467,1.1277951479571442,1.1387083592383453
2017-04-25 23:00:00+00:00,1.1268900033161529,1.1305322279880365,1.1245590261605758,1.1269872836277988
2017-04-26 23:00:00+00:00,1.1254723661583763,1.1400095190968915,1.1244531217053677,1.1254127435320145
2017-04-27 23:00:00+00:00,1.1356712501174397,1.1392152562394526,1.1319791902184682,1.1358686435444993
2017-04-30 23:00:00+00:00,1.1370795491729377,1.1386129916827805,1.1330564149172448,1.1371147454298232
2017-05-01 23:00:00+00:00,1.1365485865571114,1.1379393911467321,1.133887083401343,1.1365943963772513
2017-05-02 23:00:00+00:00,1.1306606739909346,1.1347795400239644,1.1303346855268912,1.1307528800444253
2017-05-03 23:00:00+00:00,1.1366352146041416,1.1382943571573212,1.131947406716619,1.1364237550198466
2017-05-04 23:00:00+00:00,1.1346807923971054,1.1365032636499957,1.1287086973444143,1.1348067869684941
2017-05-07 23:00:00+00:00,1.1329992586760056,1.1365375285029338,1.1284731516865087,1.1334312785465062
2017-05-08 23:00:00+00:00,1.1351557829329728,1.1434684657093224,1.1347514636695823,1.135311640317622
2017-05-09 23:00:00+00:00,1.1405236223832254,1.1463227657260162,1.1391298200110962,1.1404823603204137
2017-05-10 23:00:00+00:00,1.1462577464107302,1.146046910142444,1.1358365406929367,1.1459036226849335
2017-05-11 23:00:00+00:00,1.1400094305119304,1.1417751966117464,1.1337876435315468,1.1401002145250272
2017-05-14 23:00:00+00:00,1.1340817779693384,1.13618880949896,1.1315563347152393,1.1340522851461599
2017-05-15 23:00:00+00:00,1.133552752243716,1.1376542988829543,1.1268195884224934,1.1335658454154738
2017-05-16 23:00:00+00:00,1.1269663846054176,1.128278519475498,1.1222992150520301,1.1269570365261232
2017-05-17 23:00:00+00:00,1.1220793691997308,1.1293580347607182,1.1210565654147893,1.121814631886512
2017-05-18 23:00:00+00:00,1.129853293838199,1.1311420597933703,1.1227456772495912,1.1300877376725136
2017-05-21 23:00:00+00:00,1.1207878105495734,1.122213182424846,1.1169746727664962,1.1210724749357492
2017-05-22 23:00:00+00:00,1.1166001486037271,1.1182404785447733,1.1116638928891043,1.1164109897238175
2017-05-23 23:00:00+00:00,1.118051559053639,1.1197880598624745,1.1151464307037553,1.1183164948939697
2017-05-24 23:00:00+00:00,1.111862958566608,1.114135116648825,1.1095828198406943,1.1121565196711911
2017-05-25 23:00:00+00:00,1.1152981852573343,1.1174385570824523,1.1115490265674355,1.1154252807684149
2017-05-28 23:00:00+00:00,1.1147478606489754,1.1168344918668762,1.1137988261396352,1.1148242679406721
2017-05-29 23:00:00+00:00,1.1203101118764154,1.1246084720353335,1.1191023224880061,1.1202320259654512
2017-05-30 23:00:00+00:00,1.1202543294652307,1.1218170501592923,1.11388292803983,1.1205038044801932
2017-05-31 23:00:00+00:00,1.1159577215165546,1.119378602736083,1.114151824776218,1.1156713102082434
2017-06-01 23:00:00+00:00,1.1143046125686313,1.1156849109473639,1.10791327272961,1.1141762049703534
2017-06-04 23:00:00+00:00,1.1074963001960476,1.1146088891991994,1.1067316866515065,1.1069915053867898
2017-06-05 23:00:00+00:00,1.110416235225116,1.114188201319067,1.1084913420400921,1.1104474349511353
2017-06-06 23:00:00+00:00,1.112695442421976,1.1206047881919976,1.1115531731878505,1.1127057554469648
2017-06-07 23:00:00+00:00,1.1143888342232326,1.1200231058863444,1.1129645845051725,1.1145804674313313
2017-06-08 23:00:00+00:00,1.11910320359657,1.1226973816969499,1.1170775544086897,1.1200449210987884
2017-06-11 23:00:00+00:00,1.1173041562129977,1.12162379674298,1.1155953055284706,1.1175412598663301
2017-06-12 23:00:00+00:00,1.1214478502626126,1.1226712829804204,1.1120288348480116,1.1217002916661163
2017-06-13 23:00:00+00:00,1.1144219111892608,1.1152370395373774,1.1060094038494221,1.114485373926245
2017-06-14 23:00:00+00:00,1.116060763184026,1.1236505655515021,1.1147235271886233,1.1163288216677347
2017-06-15 23:00:00+00:00,1.12169582525591,1.1232771751233168,1.1137396559361605,1.1218004518842752
2017-06-18 23:00:00+00:00,1.114565507750048,1.1199498193568982,1.1142193910840186,1.1146357484520566
2017-06-19 23:00:00+00:00,1.1215256813053476,1.1278841918688298,1.118610661653259,1.121502067621144
2017-06-20 23:00:00+00:00,1.1256125003194484,1.1267116444604728,1.1223338464289918,1.1251080234582167
2017-06-21 23:00:00+00:00,1.1213376326718756,1.1222457742640708,1.11878960027365,1.121446692578744
2017-06-22 23:00:00+00:00,1.1226271630737577,1.12310269770962,1.1162682128024026,1.1220957600880792
2017-06-25 23:00:00+00:00,1.117086457323768,1.1196352641709697,1.1153751339833025,1.1171633251626854
2017-06-26 23:00:00+00:00,1.1178935205749707,1.118388038965591,1.1044097251224176,1.1174494974228868
2017-06-27 23:00:00+00:00,1.1038732350236264,1.1061052390778512,1.0955545709824654,1.1033819419673492
2017-06-28 23:00:00+00:00,1.0945215463081388,1.093964818266144,1.086795180139729,1.0940898346887156
2017-06-29 23:00:00+00:00,1.0833965213108965,1.0864940364052647,1.0787203078226442,1.0834350145510558
2017-07-02 23:00:00+00:00,1.0790231159344337,1.0864965942644014,1.0787463475086823,1.078940175941079
2017-07-03 23:00:00+00:00,1.0860624975007656,1.094090428229405,1.086143218528571,1.086311792481313
2017-07-04 23:00:00+00:00,1.090151427342027,1.0923593076316054,1.0875709487985457,1.0898865761120002
2017-07-05 23:00:00+00:00,1.0881756794725765,1.0886010337077199,1.0821205007107717,1.0878353875138054
2017-07-06 23:00:00+00:00,1.0806632029524585,1.0819728866730907,1.0778621641633468,1.080382499914517
2017-07-09 23:00:00+00:00,1.077985345011254,1.0816293416478742,1.077594761955667,1.0783835342327752
2017-07-11 23:00:00+00:00,1.0743185736094205,1.0803264727250401,1.0733665966963766,1.0749728897414415
2017-07-12 23:00:00+00:00,1.0767761695590894,1.0766203825937048,1.0697456252097173,1.076247360410458
2017-07-13 23:00:00+00:00,1.0694004687090082,1.0706793948111846,1.0651328451629818,1.069767325406729
2017-07-16 23:00:00+00:00,1.06396635933753,1.0684964076259054,1.0635031064829976,1.0643621276874988
2017-07-17 23:00:00+00:00,1.062907367137404,1.0630587613163485,1.0572482207288278,1.063220278828019
2017-07-18 23:00:00+00:00,1.0639819977715332,1.0641345346518933,1.060278367847985,1.063920411586341
2017-07-19 23:00:00+00:00,1.0636942251146577,1.0670892695736223,1.0534878663255407,1.063768469636124
2017-07-20 23:00:00+00:00,1.052807573643568,1.058694014448105,1.0508698832306937,1.052747030388001
2017-07-23 23:00:00+00:00,1.0539257039755237,1.0571706660076565,1.0528318778761239,1.0540097885841215
2017-07-24 23:00:00+00:00,1.0524571023459073,1.0527123436912693,1.0459699388251336,1.0524725018639958
2017-07-25 23:00:00+00:00,1.0510558659460096,1.0539675463117282,1.0498213883626424,1.0511837445159185
2017-07-26 23:00:00+00:00,1.0465194926438637,1.0543643462390162,1.0425024556189852,1.0468653696835462
2017-07-27 23:00:00+00:00,1.0512836593995025,1.052520025382934,1.0381248280492872,1.0514668626534365
2017-07-30 23:00:00+00:00,1.0383482731826996,1.0420741390443746,1.0343618868375555,1.0381436758271787
2017-07-31 23:00:00+00:00,1.0341548178913835,1.039159554756687,1.033018078150377,1.034260758358026
2017-08-01 23:00:00+00:00,1.0381399411770593,1.0390715253890528,1.0348930742969924,1.037963572766856
2017-08-02 23:00:00+00:00,1.0366172182783382,1.0381860630617747,1.03388333003762,1.036552749683331
2017-08-03 23:00:00+00:00,1.0353018930458584,1.044971611419879,1.0337009128407122,1.0351711619785386
2017-08-06 23:00:00+00:00,1.0420869080241029,1.0437851234027613,1.0388435486511418,1.0416553373039472
2017-08-07 23:00:00+00:00,1.0416131705107279,1.0476348990363247,1.0372262858733825,1.0414230708215049
2017-08-08 23:00:00+00:00,1.0446603615238665,1.0508737931739043,1.0456723358343247,1.0447256764716208
2017-08-09 23:00:00+00:00,1.0457817371230933,1.0480440850864174,1.0418884499112582,1.0459809259524926
2017-08-10 23:00:00+00:00,1.040764084262618,1.0452298996466385,1.0394921529363592,1.0408362198284402
2017-08-13 23:00:00+00:00,1.0385879789709844,1.0393661175615092,1.0359153210286203,1.0385596164298545
2017-08-14 23:00:00+00:00,1.0378366408715713,1.0409460938960795,1.0303941263420355,1.0376191323130606
2017-08-15 23:00:00+00:00,1.0316100533531354,1.037905244810648,1.0309269135310162,1.031815762389641
2017-08-16 23:00:00+00:00,1.0317624203272173,1.0410949954107025,1.0303355405785197,1.032342519730648
2017-08-17 23:00:00+00:00,1.0407559423775141,1.0410275105727154,1.0356704682878366,1.0409459454517305
2017-08-20 23:00:00+00:00,1.0367019546828118,1.0379106023196152,1.0300098619551836,1.0369090806575243
2017-08-21 23:00:00+00:00,1.032340236501008,1.0375009549878145,1.0308599413830928,1.0323298941272783
2017-08-22 23:00:00+00:00,1.034884656191435,1.036900170945649,1.0310201498732368,1.0350852254812042
2017-08-23 23:00:00+00:00,1.029155331217735,1.0323536379274292,1.0289821610449204,1.0292673333627076
2017-08-24 23:00:00+00:00,1.0314334839389556,1.0340151606224255,1.0213665588483665,1.0313804530904196
2017-08-27 23:00:00+00:00,1.0157916105902651,1.0201252668941987,1.0158695305269982,1.015765800508341
2017-08-28 23:00:00+00:00,1.0194738730620738,1.0206871881375887,1.0108007675360462,1.0197257726719486
2017-08-29 23:00:00+00:00,1.0148741004541475,1.0212970553372869,1.0131588322159604,1.0148178455074603
2017-08-30 23:00:00+00:00,1.0190336040245138,1.0246299188190156,1.0155218104546775,1.0186972431051728
2017-08-31 23:00:00+00:00,1.0145030023233177,1.0230746798917043,1.0114850631825063,1.0144204700804023
2017-09-03 23:00:00+00:00,1.0192878533591463,1.0207641544712311,1.0157693198029465,1.0196814450790537
2017-09-04 23:00:00+00:00,1.0176958554552855,1.0190692215459694,1.0146992173891207,1.017560404757671
2017-09-05 23:00:00+00:00,1.0172231200066348,1.0190298579536403,1.0149001135008748,1.0166684633188323
2017-09-06 23:00:00+00:00,1.01876315519723,1.020936867197145,1.011463541494969,1.0183552385526498
2017-09-07 23:00:00+00:00,1.0133386096173644,1.0176746320180503,1.0121148302829825,1.0135885009765624
2017-09-10 23:00:00+00:00,1.0169091283910572,1.024604699798796,1.0152095359003537,1.016637702815628
2017-09-11 23:00:00+00:00,1.0248418446785046,1.0264961931822931,1.0188746302198741,1.0245467949009448
2017-09-12 23:00:00+00:00,1.0195652205758126,1.0286326892136821,1.0182985237617233,1.019604894240995
2017-09-13 23:00:00+00:00,1.0280104336173064,1.0311126035477065,1.0247746037203849,1.0279933900231248
2017-09-14 23:00:00+00:00,1.0226099452995827,1.0237042599527408,1.0160872058462345,1.0221670636444642
2017-09-17 23:00:00+00:00,1.019030912561455,1.0207796996746878,1.0163026406449567,1.019405767045276
2017-09-18 23:00:00+00:00,1.0180598824985736,1.0194860352998223,1.017440307123705,1.0176174919394445
2017-09-19 23:00:00+00:00,1.0190301775521773,1.0193795659104739,1.0173284960535127,1.0190662391338445
2017-09-20 23:00:00+00:00,1.0288916173871154,1.0284946106851813,1.0211268234218693,1.0289532860349337
2017-09-21 23:00:00+00:00,1.0206844682357035,1.0212300209156993,1.0176526428371713,1.0209356784819246
2017-09-24 23:00:00+00:00,1.0234191220920505,1.029869273875143,1.0218486879696576,1.0231293214891783
2017-09-25 23:00:00+00:00,1.0281318788087102,1.042854633307102,1.0283362084724348,1.028565921914577
2017-09-26 23:00:00+00:00,1.0406406011193343,1.0468484547387342,1.0407127814684736,1.0401937757222182
2017-09-27 23:00:00+00:00,1.042477463155458,1.046449738253865,1.0408403133735105,1.0429924585572388
2017-09-28 23:00:00+00:00,1.0388917916993679,1.0483992240126838,1.0369215837463912,1.0389862166117987
2017-10-01 23:00:00+00:00,1.0430190813873903,1.048367264763424,1.0429793418201276,1.0432700454159405
2017-10-02 23:00:00+00:00,1.046026009032629,1.0490490446504004,1.0399034637249205,1.045706353095287
2017-10-03 23:00:00+00:00,1.0408584133452283,1.0408211165964347,1.0368618145025856,1.0408625298226204
2017-10-04 23:00:00+00:00,1.03712197965323,1.0422458965414516,1.0352920451153924,1.036752739615749
2017-10-05 23:00:00+00:00,1.0412617074308177,1.0461098901581996,1.0399790204115948,1.041778513152072
2017-10-08 23:00:00+00:00,1.0391185483182677,1.041817816535726,1.0387952645439462,1.0391626082550274
2017-10-09 23:00:00+00:00,1.0403259023106821,1.0409978043119694,1.0336020936956167,1.040681976869319
2017-10-10 23:00:00+00:00,1.033925410780386,1.0352848741420289,1.0305935929899688,1.0334188063746603
2017-10-11 23:00:00+00:00,1.0301935359007914,1.0388292404832098,1.0281913666677767,1.0301861705539712
2017-10-12 23:00:00+00:00,1.0398079483732081,1.0425190241756475,1.0354058455024537,1.0403069999771584
2017-10-15 23:00:00+00:00,1.0398359043023504,1.04266337679848,1.0373408206066181,1.0398442827092713
2017-10-16 23:00:00+00:00,1.037257958115714,1.0468762144937365,1.0375236983355516,1.0376869294160704
2017-10-17 23:00:00+00:00,1.04390442542318,1.0479031286221931,1.043142993668253,1.0440246402407471
2017-10-18 23:00:00+00:00,1.0421041272205818,1.0473957944999004,1.0415609813128544,1.0420752886874955
2017-10-19 23:00:00+00:00,1.0413365184543728,1.0483275845519338,1.0409097202927375,1.0416800261000283
2017-10-22 23:00:00+00:00,1.0481749906488134,1.0536671319130964,1.0466991726041073,1.0482689357376418
2017-10-23 23:00:00+00:00,1.0509532800563923,1.0522579498671298,1.049638416013276,1.0509157188287206
2017-10-24 23:00:00+00:00,1.0538193503485525,1.0577675848432595,1.0520196167288347,1.0538028554564196
2017-10-25 23:00:00+00:00,1.0517108172020064,1.0674692471286473,1.0500876045130736,1.0521779004156873
2017-10-26 23:00:00+00:00,1.0719708949188969,1.0762412814258768,1.0695570851642693,1.0722219216991797
2017-10-30 00:00:00+00:00,1.0719428905156092,1.072861665716752,1.068126749038325,1.07225902043814
2017-10-31 00:00:00+00:00,1.0706893106844244,1.074028231072441,1.0697322988327933,1.0704049652250587
2017-11-01 00:00:00+00:00,1.0734644529591222,1.0771791312586023,1.0717074973339409,1.0730378294796166
2017-11-02 00:00:00+00:00,1.0760030496550617,1.0769761871092638,1.0718366891797215,1.0764388718427875
2017-11-03 00:00:00+00:00,1.0757107194366793,1.0816559892988862,1.0741868463296786,1.0756446062258587
2017-11-06 00:00:00+00:00,1.0804919027709106,1.0823241187467711,1.0761196235716248,1.080154128568211
2017-11-07 00:00:00+00:00,1.076125489615045,1.081536013932414,1.0751688926932685,1.0760180365993437
2017-11-08 00:00:00+00:00,1.0743605309637718,1.0763290754943584,1.0748598033670203,1.074093991965334
2017-11-09 00:00:00+00:00,1.0747848303533838,1.0764747857145827,1.0716237568888407,1.0750048100627614
2017-11-10 00:00:00+00:00,1.0738934130244842,1.0750971968442344,1.0706628462291852,1.07373687770868
2017-11-13 00:00:00+00:00,1.0709798944302973,1.0762266394225772,1.0711180355895908,1.0711059587135523
2017-11-14 00:00:00+00:00,1.0750519172954045,1.082342231719439,1.0733003647451904,1.0746176732991477
2017-11-15 00:00:00+00:00,1.0767777217542653,1.0825757989396778,1.0738400271982473,1.0765378903206062
2017-11-17 00:00:00+00:00,1.0751735032414627,1.0824954291000426,1.0716453956989935,1.0750985564831868
2017-11-20 00:00:00+00:00,1.0819795875090235,1.085981313202392,1.0779739851054246,1.0824378863997424
2017-11-21 00:00:00+00:00,1.085484115744776,1.0912254969957538,1.0778862916080116,1.0854068812068014
2017-11-22 00:00:00+00:00,1.0786112831791823,1.080529161571705,1.0722435433402402,1.0793665173397773
2017-11-23 00:00:00+00:00,1.06785309725599,1.0679261456365092,1.0622334253942882,1.067874479968425
2017-11-24 00:00:00+00:00,1.0620159326474217,1.0644607700696365,1.059803765001374,1.061942244527252
2017-11-27 00:00:00+00:00,1.0607835600167925,1.064495818897805,1.0609075760594933,1.0609624184459463
2017-11-28 00:00:00+00:00,1.06274654072733,1.0692615900404092,1.0619031756029707,1.0626605714394703
2017-11-29 00:00:00+00:00,1.068766676346158,1.0738793749147395,1.0655226046009512,1.0688820480630752
2017-11-30 00:00:00+00:00,1.0718939967238246,1.0749711767663217,1.0652310504858167,1.0717509102982632
2017-12-01 00:00:00+00:00,1.0729180041922823,1.0732067488657997,1.0681640630963058,1.0733407053507695
2017-12-04 00:00:00+00:00,1.0736452291287526,1.0780142743737997,1.0710628016286228,1.0735166040827928
2017-12-05 00:00:00+00:00,1.0771156473009382,1.0816838523919474,1.0722179473985491,1.0770759957659481
2017-12-06 00:00:00+00:00,1.0704761725752947,1.079613036997738,1.0662861065672866,1.0702906542006456
2017-12-07 00:00:00+00:00,1.077917482317452,1.084004424051014,1.07826300598638,1.0775267073672699
2017-12-08 00:00:00+00:00,1.086719072362026,1.0903846796143906,1.0831035681101349,1.0870631649600986
2017-12-11 00:00:00+00:00,1.0833461543277192,1.088062426625938,1.0804689233343532,1.0838675041081642
2017-12-12 00:00:00+00:00,1.0884590061919455,1.0913646405880963,1.0767762318624206,1.0887124309325786
2017-12-13 00:00:00+00:00,1.0780149373383858,1.0834276918311314,1.076491405225316,1.0781087581643454
2017-12-14 00:00:00+00:00,1.0775399100995935,1.0809215157061782,1.070477608285097,1.0771989848247316
2017-12-15 00:00:00+00:00,1.080771962177395,1.0902377936874028,1.077609281570771,1.0808085304674864
2017-12-18 00:00:00+00:00,1.0880636085659767,1.0881495468296374,1.0762623224542853,1.0879728685977448
2017-12-19 00:00:00+00:00,1.079355022773937,1.0798487980193685,1.0755241007388259,1.0791435100896456
2017-12-20 00:00:00+00:00,1.0750876147902095,1.074780154170116,1.0641463283714643,1.0745774226578417
2017-12-21 00:00:00+00:00,1.072404306290102,1.0754948176347814,1.0724007979410413,1.0729031544600143
2017-12-22 00:00:00+00:00,1.0727794342141397,1.0749070478554958,1.068101432061676,1.0722415999295498
2017-12-25 00:00:00+00:00,1.066688822158078,1.0732303107229442,1.0324746715364652,1.0665873727461288
2017-12-26 00:00:00+00:00,1.064514154729822,1.069880866660985,1.0619900505167252,1.0652521162879036
2017-12-27 00:00:00+00:00,1.0687920235441128,1.0689552735823908,1.0588921531283286,1.0688900793487268
2017-12-28 00:00:00+00:00,1.058093800213565,1.0579324926403835,1.0535747892048928,1.0581035794041556
2017-12-29 00:00:00+00:00,1.0551000170318594,1.0548123329120938,1.0458647638559555,1.0548715312824033
2018-01-01 00:00:00+00:00,1.0468798125166336,1.0484527537715587,1.0147645812645223,1.0468798125166336
2018-01-02 00:00:00+00:00,1.046928871681956,1.047271900127667,1.0403025481623303,1.0468222034409584
2018-01-03 00:00:00+00:00,1.043447678555273,1.0474429731050987,1.0436084204743319,1.0435756680603776
2018-01-04 00:00:00+00:00,1.046424492923601,1.0467065986583572,1.0391597339516208,1.0465274469755101
2018-01-05 00:00:00+00:00,1.0403261194038045,1.043819550311558,1.0391325630739698,1.0402284397483454
2018-01-08 00:00:00+00:00,1.041602155252926,1.0507593107987936,1.040042788745511,1.041731444794034
2018-01-09 00:00:00+00:00,1.0490569953594817,1.0545645574207714,1.0475490053487988,1.0488397338173785
2018-01-10 00:00:00+00:00,1.0529863780146955,1.0527202176578767,1.04353567580195,1.0529169324161354
2018-01-11 00:00:00+00:00,1.0476317157389545,1.0484064174485885,1.0386759712522324,1.0472891191506435
2018-01-12 00:00:00+00:00,1.0384321581601939,1.0388239463076778,1.0336857720954524,1.038423986636492
2018-01-15 00:00:00+00:00,1.028636442717422,1.0299376734686467,1.022998899118899,1.0281559824284645
2018-01-16 00:00:00+00:00,1.0243727261706523,1.0293166882033247,1.0233621068335463,1.024096164513256
2018-01-17 00:00:00+00:00,1.0263693045966955,1.0314278392968192,1.0243410538026707,1.0266378473815159
2018-01-18 00:00:00+00:00,1.0297995691638844,1.030092113913605,1.024418549311192,1.029448727645351
2018-01-19 00:00:00+00:00,1.0255849436206783,1.028322019800623,1.0232377740241818,1.0253152990714565
2018-01-22 00:00:00+00:00,1.0263423509402683,1.029080189832506,1.0250636455978843,1.0264073833353728
2018-01-23 00:00:00+00:00,1.0264638458975917,1.0289774988301412,1.024474171493613,1.0261375614713268
2018-01-24 00:00:00+00:00,1.0230197352704524,1.0241762549398847,1.0137403331186172,1.0228559548092946
2018-01-25 00:00:00+00:00,1.0140183760661605,1.0145741914287751,1.001626186489273,1.0144801717872762
2018-01-26 00:00:00+00:00,1.0140036034989734,1.0141432070144512,1.0046003145079367,1.0139545698474475
2018-01-29 00:00:00+00:00,1.0061272259105765,1.011952181517049,1.0057989282743138,1.0066608515842541
2018-01-30 00:00:00+00:00,1.0084912085685394,1.0134543473752462,1.0053983025471065,1.008173967759648
2018-01-31 00:00:00+00:00,1.0085967144552554,1.0089048384436972,1.0009886310177294,1.0082973373939175
2018-02-01 00:00:00+00:00,1.0074873287162824,1.010318456559195,1.004399200189769,1.0070449502491885
2018-02-02 00:00:00+00:00,1.0026228604497012,1.0133390519162588,1.0024429480215482,1.0028159113289468
2018-02-05 00:00:00+00:00,1.0106320288696002,1.0147976235248366,1.0074940787917077,1.0106191505777005
2018-02-06 00:00:00+00:00,1.020364421875508,1.0237939381635248,1.0140680900560266,1.0204514631665476
2018-02-07 00:00:00+00:00,1.016192605523185,1.0284410137410598,1.014978416103371,1.0165624513606337
2018-02-08 00:00:00+00:00,1.0336885102666251,1.0408309379587934,1.0290614532452946,1.033333345531777
2018-02-09 00:00:00+00:00,1.0363185196942832,1.0429048582786133,1.034496437352776,1.0363641541238109
2018-02-12 00:00:00+00:00,1.0346936149164394,1.037098653829564,1.0308263213628786,1.034814195026878
2018-02-13 00:00:00+00:00,1.0303958611302861,1.0311565425167608,1.0262176277284212,1.0298744943888059
2018-02-14 00:00:00+00:00,1.0263335293430869,1.035929489141044,1.0213477690721604,1.0261330971350142
2018-02-15 00:00:00+00:00,1.0152058138775706,1.019226588089308,1.01185467567456,1.015325079324515
2018-02-16 00:00:00+00:00,1.0129539335680486,1.019132494444225,1.0098943282136779,1.0136393717237644
2018-02-19 00:00:00+00:00,1.0181923486213977,1.023210694961609,1.016135450455435,1.0182865612344605
2018-02-20 00:00:00+00:00,1.0213490370827205,1.0355159304175252,1.0208544084924316,1.021567891835793
2018-02-21 00:00:00+00:00,1.034750610380748,1.0365518073849924,1.0325672742148229,1.0348670721935977
2018-02-22 00:00:00+00:00,1.0374371801727975,1.0408879174388794,1.0349957684496631,1.0376041535019305
2018-02-23 00:00:00+00:00,1.0376477748157993,1.0459862075992887,1.037843981046491,1.0378778515830014
2018-02-26 00:00:00+00:00,1.0454574933293803,1.0457762574121128,1.038214156859549,1.0455163732504251
2018-02-27 00:00:00+00:00,1.0419358751564232,1.0518225650540138,1.039563866023561,1.0419509133767193
2018-02-28 00:00:00+00:00,1.0513268074108446,1.061432803792383,1.0501724090020266,1.0507952352468775
2018-03-01 00:00:00+00:00,1.059543256555437,1.062426370779637,1.05506936490747,1.0596616006921313
2018-03-02 00:00:00+00:00,1.0532421346029708,1.0581918536775434,1.051250201121602,1.0533090774087572
2018-03-05 00:00:00+00:00,1.0529098869914935,1.0582287268537105,1.0517840808020578,1.0531853271450229
2018-03-06 00:00:00+00:00,1.0544779056864833,1.056181449579365,1.047452391940301,1.0543142128059164
2018-03-07 00:00:00+00:00,1.047369963439535,1.0540624776377043,1.0471636703949292,1.0472600108625791
2018-03-08 00:00:00+00:00,1.0499390012467555,1.0551694118233543,1.0483946277487581,1.0501269711385188
2018-03-09 00:00:00+00:00,1.0550309374009372,1.054924916198672,1.0498296375578826,1.0547469524895714
2018-03-12 00:00:00+00:00,1.0513742975845812,1.054320002578616,1.0487456875126602,1.05177882685575
2018-03-13 00:00:00+00:00,1.0506938425808474,1.052290625224825,1.0450361118057983,1.0506122165464487
2018-03-14 00:00:00+00:00,1.0474322073583497,1.0479177440101224,1.0427422920056224,1.0473505744654954
2018-03-15 00:00:00+00:00,1.0433648110727425,1.0442351826703282,1.039879310157119,1.043387972977403
2018-03-16 00:00:00+00:00,1.0434918239997257,1.0466240570234937,1.0420460007316683,1.0432801910972764
2018-03-19 00:00:00+00:00,1.0446902522243655,1.048608701186373,1.041655521415634,1.0444588990905672
2018-03-20 00:00:00+00:00,1.0406290413290975,1.0460489749037294,1.0399515598631293,1.0409207960390419
2018-03-21 00:00:00+00:00,1.0472962076779375,1.0486012928476613,1.0447699642619848,1.0472899580579267
2018-03-22 00:00:00+00:00,1.0435880999320557,1.0510976623308133,1.039996148587916,1.0434689106081818
2018-03-23 00:00:00+00:00,1.0498636900718896,1.0551081560095195,1.0485621952304616,1.049899300486522
2018-03-25 23:00:00+00:00,1.0506051314426772,1.0503095529505757,1.0423331883137825,1.0501408012437063
2018-03-26 23:00:00+00:00,1.0432020043885502,1.0519094266433828,1.0412179940957056,1.0421722927971298
2018-03-27 23:00:00+00:00,1.048428572235943,1.061517522094579,1.0474295935393803,1.0482393426605392
2018-03-28 23:00:00+00:00,1.0644943557069866,1.0680592425330808,1.06191529531366,1.064777962459883
2018-03-29 23:00:00+00:00,1.0648845010541663,1.0652448383190172,1.0607910444641373,1.064509959361547
2018-04-01 23:00:00+00:00,1.0640012000213612,1.0695675064863943,1.0608317336399107,1.063962351693511
2018-04-02 23:00:00+00:00,1.069646588088561,1.070159337733524,1.0645522889781829,1.069660177629036
2018-04-03 23:00:00+00:00,1.0687369121911805,1.0721498129433995,1.0673050662307246,1.0688030138466564
2018-04-04 23:00:00+00:00,1.068845692971492,1.075113393387863,1.0677599316316504,1.0687110892291727
2018-04-05 23:00:00+00:00,1.072914671972674,1.0764936026789182,1.0681435329831046,1.0730188169265036
2018-04-08 23:00:00+00:00,1.0691817540823894,1.069701204197853,1.063021598539711,1.0693449771258923
2018-04-09 23:00:00+00:00,1.0647975837188257,1.0657757688118488,1.0562018997299856,1.064838796963357
2018-04-10 23:00:00+00:00,1.0571352652238803,1.0608846491216617,1.0564676373308735,1.0570924608611951
2018-04-11 23:00:00+00:00,1.0604194415040238,1.0760486772954694,1.0594597530361387,1.0604359410976305
2018-04-12 23:00:00+00:00,1.070957836698821,1.0766412998317627,1.0699289276084607,1.0708676857582318
2018-04-15 23:00:00+00:00,1.0789828883387809,1.0806856296710496,1.0697624379654584,1.0792386642363443
2018-04-16 23:00:00+00:00,1.0717776650348094,1.0734231553170452,1.0697559016403702,1.071739095836026
2018-04-17 23:00:00+00:00,1.0701720943743578,1.0730526407073415,1.0667817458789035,1.0701886172615331
2018-04-18 23:00:00+00:00,1.0701447940628026,1.0713137024305568,1.0670478964782948,1.07000286013595
2018-04-19 23:00:00+00:00,1.0710995914621118,1.078333991599107,1.0708685024622697,1.0709820169703455
2018-04-22 23:00:00+00:00,1.0777137662744702,1.0839461926143756,1.0769397674120487,1.0774492327583771
2018-04-23 23:00:00+00:00,1.085775117886872,1.0867175583837194,1.0826963454524858,1.0860161326685445
2018-04-24 23:00:00+00:00,1.084286967123698,1.0913317186105218,1.0837837258045275,1.0839725704700118
2018-04-25 23:00:00+00:00,1.0903856703845232,1.1038845360443956,1.0869909152777582,1.0902661445020558
2018-04-26 23:00:00+00:00,1.1033111744022777,1.113412418786802,1.1013254626234978,1.1030214682857107
2018-04-29 23:00:00+00:00,1.1049310882496564,1.1169694926871705,1.1019317938279989,1.104720985555808
2018-04-30 23:00:00+00:00,1.114330706097163,1.1296147590902776,1.113305558672841,1.113897266906445
2018-05-01 23:00:00+00:00,1.1262020105529913,1.137496470667688,1.1236905994118926,1.1264259065622502
2018-05-02 23:00:00+00:00,1.1358663927731476,1.1358534318086952,1.1253506454841928,1.1356536524721341
2018-05-03 23:00:00+00:00,1.1221974251972389,1.1285771365829285,1.1206503790795572,1.121778907125363
2018-05-06 23:00:00+00:00,1.1225077189204293,1.1283591329690286,1.1194719876169485,1.122870176801114
2018-05-07 23:00:00+00:00,1.1246578834062761,1.1275692468944298,1.1198187981159553,1.124121009152256
2018-05-08 23:00:00+00:00,1.1220304556439993,1.1276959125986805,1.1058183878125347,1.1217344197934527
2018-05-09 23:00:00+00:00,1.1089538189285988,1.109327485944782,1.0971791656057561,1.1094733523333546
2018-05-10 23:00:00+00:00,1.1012561822714189,1.1032949590207914,1.0916278617929847,1.1015719922644192
2018-05-13 23:00:00+00:00,1.0939257101149675,1.0974015210611385,1.09160627983004,1.09393081290118
2018-05-14 23:00:00+00:00,1.1000433488334571,1.115038566577398,1.096470813232488,1.1005273784088305
2018-05-15 23:00:00+00:00,1.1076638247663255,1.1157168279214187,1.1044095333169384,1.1075824622673751
2018-05-16 23:00:00+00:00,1.1074830875840838,1.1148200334761278,1.1056721494311679,1.1077265599111144
2018-05-17 23:00:00+00:00,1.1133328036357664,1.116488767264121,1.110490702775258,1.1129100325734957
2018-05-20 23:00:00+00:00,1.1161231174906467,1.118208775958245,1.1074202865056975,1.115818392573351
2018-05-21 23:00:00+00:00,1.1053048407393298,1.1087488906084504,1.1005199015043716,1.105241034353274
2018-05-22 23:00:00+00:00,1.105932724878013,1.121111694842681,1.1058854794913728,1.1058728294120026
2018-05-23 23:00:00+00:00,1.1146343942737882,1.117487881170834,1.1114143375304255,1.114522522715205
2018-05-24 23:00:00+00:00,1.116514143289475,1.1193832958564893,1.1060719897926146,1.116138879774448
2018-05-27 23:00:00+00:00,1.1140572052641422,1.1242699735835269,1.1106506432609944,1.1135148856644852
2018-05-28 23:00:00+00:00,1.1247291160666653,1.1432932158823181,1.1226519817929546,1.1246132870194576
2018-05-29 23:00:00+00:00,1.1433744908191705,1.1450672363727175,1.1215366949345582,1.1431796290812801
2018-05-30 23:00:00+00:00,1.1226770163790434,1.1275937502126323,1.1154937676201808,1.1230274518240193
2018-05-31 23:00:00+00:00,1.1231102687995862,1.1306343372837913,1.1186794336313441,1.1231943269876798
2018-06-03 23:00:00+00:00,1.1239837256305516,1.1233851829600001,1.1132876179769107,1.1235644149529196
2018-06-04 23:00:00+00:00,1.115751069583474,1.120329818605479,1.1128923869360094,1.1153326601538631
2018-06-05 23:00:00+00:00,1.1138253063131278,1.1151252680378678,1.1092190322801205,1.113863641349099
2018-06-06 23:00:00+00:00,1.1118426261720173,1.1118957966834864,1.1031287135117218,1.1116349480127796
2018-06-07 23:00:00+00:00,1.109111545657154,1.1180437090705653,1.1077611109219914,1.1092987925497644
2018-06-10 23:00:00+00:00,1.1085340250435833,1.110578577803878,1.1017131032242788,1.108207904356285
2018-06-11 23:00:00+00:00,1.1047476775467673,1.1070772730669884,1.095073628811309,1.1041154546267808
2018-06-12 23:00:00+00:00,1.1006140401251476,1.1024156440157018,1.095908748223484,1.1003211486289564
2018-06-13 23:00:00+00:00,1.0964524010472967,1.110985178594699,1.0931956446554267,1.0964935134056608
2018-06-14 23:00:00+00:00,1.1145426390119941,1.1237079497077331,1.1128469879351897,1.1140581456414156
2018-06-17 23:00:00+00:00,1.1207314297156261,1.1297104455221547,1.1205850459631062,1.1208913936698124
2018-06-18 23:00:00+00:00,1.123370233291366,1.140000509037759,1.1220481487480647,1.1232054357029526
2018-06-19 23:00:00+00:00,1.132632625122525,1.1370569371428794,1.12925216869165,1.1326517266400977
2018-06-20 23:00:00+00:00,1.131284204169467,1.1403721995803218,1.1308789441490996,1.1314630774836054
2018-06-21 23:00:00+00:00,1.1328477053766028,1.133075374926331,1.1252180270421317,1.1329321799672631
2018-06-24 23:00:00+00:00,1.128710357362592,1.1360846608683732,1.1280802889167743,1.12910070415251
2018-06-25 23:00:00+00:00,1.1269381062141488,1.1305390976384373,1.1240928833044341,1.1271604413856504
2018-06-26 23:00:00+00:00,1.1312302754407666,1.1388315454825544,1.1308247434960288,1.1310196827087855
2018-06-27 23:00:00+00:00,1.1432417482398685,1.1511842981954281,1.1416223914574475,1.1427898209522902
2018-06-28 23:00:00+00:00,1.150653624773513,1.1506733600175503,1.1377108557940636,1.1507518013997073
2018-07-01 23:00:00+00:00,1.141063694534969,1.150342781388453,1.1415002917084938,1.1403211355712373
2018-07-02 23:00:00+00:00,1.1426221782373458,1.144270130016609,1.1241808369995578,1.1423386781327383
2018-07-03 23:00:00+00:00,1.1257553269740863,1.1257883974444534,1.1177407339551184,1.1256976251689206
2018-07-04 23:00:00+00:00,1.1195272691655815,1.120884313779455,1.112853652410758,1.1191713845289946
2018-07-05 23:00:00+00:00,1.1168316145794246,1.1201393525092485,1.110857818314888,1.117207977523058
2018-07-08 23:00:00+00:00,1.1109316130358782,1.1150240915552612,1.1061015554023326,1.1105376940439529
2018-07-09 23:00:00+00:00,1.1104777783313668,1.1174898490868006,1.1096404027254192,1.1105146468657172
2018-07-10 23:00:00+00:00,1.1146643815649941,1.1196542851527842,1.1134880561338014,1.1149470135038648
2018-07-11 23:00:00+00:00,1.1233512652552164,1.1315733998131046,1.1181059216834308,1.1230186870780803
2018-07-12 23:00:00+00:00,1.1308402680835266,1.1382706310786503,1.128561429341141,1.1306350435025678
2018-07-15 23:00:00+00:00,1.1330662170295969,1.1329507158510859,1.122454699769942,1.1326911507436808
2018-07-16 23:00:00+00:00,1.1233093186956624,1.1249840763702446,1.1176792985129675,1.1235084808205822
2018-07-17 23:00:00+00:00,1.126450080627709,1.1318734365179595,1.1255303608136495,1.1261880907114568
2018-07-18 23:00:00+00:00,1.1285707576690156,1.1405702558480224,1.127231534309351,1.1289569262277752
2018-07-19 23:00:00+00:00,1.1334105858178412,1.1371786760348537,1.1286397608370702,1.1335023168151728
2018-07-22 23:00:00+00:00,1.1268103662209354,1.128634073013905,1.1249124285444572,1.1266657861774452
2018-07-23 23:00:00+00:00,1.128751317940105,1.1327935477007591,1.1225062091558693,1.1287343640815453
2018-07-24 23:00:00+00:00,1.1242445246746318,1.1253187083172365,1.1188955822219067,1.1241190232632312
2018-07-25 23:00:00+00:00,1.114726409883757,1.1223055143186027,1.1138750480299031,1.1148167244559926
2018-07-26 23:00:00+00:00,1.1222667203804197,1.1296566149068419,1.1207593995392935,1.1226403927716406
2018-07-29 23:00:00+00:00,1.125208684989871,1.1271085575463664,1.1146172500138234,1.1255131574590227
2018-07-30 23:00:00+00:00,1.1151666800135276,1.1204595949299048,1.1132012659797121,1.1152939458048066
2018-07-31 23:00:00+00:00,1.1198685371495374,1.1238506472723775,1.1191927052747326,1.1195341323915666
2018-08-01 23:00:00+00:00,1.1219984497309023,1.1307913762063988,1.1209959275449564,1.1216309629175873
2018-08-02 23:00:00+00:00,1.1319264538021772,1.1388517321673859,1.131136628673854,1.1321877774091729
2018-08-05 23:00:00+00:00,1.1362866468825423,1.1388327989952114,1.1348837604967978,1.1363686319066675
2018-08-06 23:00:00+00:00,1.1385182484226222,1.1388600447065589,1.1324796157888268,1.1384525807978647
2018-08-07 23:00:00+00:00,1.1348280840281666,1.143024053129152,1.13272598792053,1.1345945517430116
2018-08-08 23:00:00+00:00,1.1405419670655568,1.1450205579966048,1.1396498228189205,1.1401179872904987
2018-08-09 23:00:00+00:00,1.1475667448395137,1.1644331958118757,1.1461369647998463,1.147143737701564
2018-08-12 23:00:00+00:00,1.164225897830457,1.1695945550697153,1.1585975004931615,1.1643968307244168
2018-08-13 23:00:00+00:00,1.1620915885504652,1.1632481948763376,1.156698380883598,1.1620720305016385
2018-08-14 23:00:00+00:00,1.1645626135577893,1.1776563879905873,1.1643521423894445,1.164730354780739
2018-08-15 23:00:00+00:00,1.1730256193740727,1.1739967819657904,1.1668089249628952,1.1737248077645286
2018-08-16 23:00:00+00:00,1.1710006229651502,1.1747958518646664,1.1674206082968395,1.1708815437105125
2018-08-19 23:00:00+00:00,1.1661834043733257,1.1718735620670406,1.1652269387298329,1.1659490377024777
2018-08-20 23:00:00+00:00,1.1655273234907026,1.1657010620193238,1.1580300192279218,1.1653196860409984
2018-08-21 23:00:00+00:00,1.1581053723156571,1.1609381033085657,1.1517448113498994,1.158327519147327
2018-08-22 23:00:00+00:00,1.1546858887070108,1.1620504745139293,1.154397934750484,1.1548648258705712
2018-08-23 23:00:00+00:00,1.164557238866803,1.164822205219916,1.1592217970128662,1.164401148000482
2018-08-26 23:00:00+00:00,1.160017601734514,1.1653796626453836,1.1583030684450684,1.1592863424851905
2018-08-27 23:00:00+00:00,1.1581233013165948,1.1657115003010259,1.1571283236898706,1.157987257710616
2018-08-28 23:00:00+00:00,1.1630085297841453,1.1697906305250347,1.1624107472095335,1.1634668777844202
2018-08-29 23:00:00+00:00,1.1635118321937596,1.1662245635826605,1.1588638933599715,1.1631818015565636
2018-08-30 23:00:00+00:00,1.1611798296362708,1.166960074235284,1.158752913199787,1.1617026581282173
2018-09-02 23:00:00+00:00,1.1654116902595426,1.166307920585007,1.1577782400584806,1.1652971117965027
2018-09-03 23:00:00+00:00,1.1587802605916817,1.1659214453648548,1.158419920522075,1.1585025196847047
2018-09-04 23:00:00+00:00,1.1567881162629718,1.1631767429912647,1.1533148838098657,1.1568436849327084
2018-09-05 23:00:00+00:00,1.153025393181821,1.161795707839783,1.1513072740449037,1.1528278235645928
2018-09-06 23:00:00+00:00,1.1607967459088757,1.1615314956923646,1.1512022342961052,1.1608754539089707
2018-09-09 23:00:00+00:00,1.1528351900286697,1.1557259505437536,1.1492967217081618,1.1530588020608192
2018-09-10 23:00:00+00:00,1.1547525012005213,1.156311585292405,1.1476715236194643,1.1543028485392817
2018-09-11 23:00:00+00:00,1.1529368595473108,1.1553084200530863,1.141707449529119,1.1528094779701143
2018-09-12 23:00:00+00:00,1.1441362681788674,1.1457899017517785,1.1374739996357777,1.1441688288979492
2018-09-13 23:00:00+00:00,1.1404638004685215,1.1534087761027478,1.1401896275245254,1.140766275176828
2018-09-16 23:00:00+00:00,1.152783537179701,1.1529887003878798,1.1355908503005605,1.152554563989438
2018-09-17 23:00:00+00:00,1.1372305577430708,1.137065466600523,1.1320986124559762,1.1373359736355544
2018-09-18 23:00:00+00:00,1.1343953342203639,1.1363417987034872,1.130167385174133,1.1347671722569719
2018-09-19 23:00:00+00:00,1.1301343248537903,1.132290704860316,1.1172037162883621,1.1304795308159716
2018-09-20 23:00:00+00:00,1.1185254704501046,1.1219017699186602,1.1234952110213505,1.1185389483430836
2018-09-23 23:00:00+00:00,1.1244270533329794,1.1282112625341008,1.122067442807315,1.1242176733678313
2018-09-24 23:00:00+00:00,1.125825622014007,1.1267866518062917,1.1217293818600722,1.1259220616798915
2018-09-25 23:00:00+00:00,1.1286706007975038,1.1307684937394387,1.125439220396924,1.1285611599124148
2018-09-26 23:00:00+00:00,1.1271869315198946,1.1323705067416225,1.1267819187350476,1.126627138601543
2018-09-27 23:00:00+00:00,1.1325920882612404,1.1386459426165088,1.1306472306173905,1.1326191833563064
2018-09-30 23:00:00+00:00,1.1351470874171998,1.142989892387118,1.1347586144026505,1.135484507604195
2018-10-01 23:00:00+00:00,1.1425494925061528,1.1514857291053175,1.1423370381949784,1.1420523731491863
2018-10-02 23:00:00+00:00,1.1498800309724715,1.1524613148783962,1.1435588878024396,1.149585185147317
2018-10-03 23:00:00+00:00,1.1562623045448153,1.1572603428321446,1.1525836924818247,1.155947326526525
2018-10-04 23:00:00+00:00,1.1558619383392847,1.1612292809299636,1.155081337221501,1.1557029197253108
2018-10-07 23:00:00+00:00,1.1568442545055462,1.1646387399823916,1.1578797948400892,1.1575073062845609
2018-10-08 23:00:00+00:00,1.1601777227215853,1.1670354648737813,1.1585514453271446,1.159880397647061
2018-10-09 23:00:00+00:00,1.1602711183479677,1.1634201634215626,1.1585140460207253,1.1601043554904111
2018-10-10 23:00:00+00:00,1.164569905037162,1.1644659008289913,1.1443624337281557,1.1644091624722206
2018-10-11 23:00:00+00:00,1.1453228341396153,1.1461706541317622,1.1408780589590064,1.1453808005393922
2018-10-14 23:00:00+00:00,1.1447572226573643,1.1479051747149769,1.1398293522442293,1.1446481318988577
2018-10-15 23:00:00+00:00,1.141846472833342,1.14341592532287,1.133455859574654,1.1415571584424886
2018-10-16 23:00:00+00:00,1.136791653746229,1.1421502861594774,1.1343559418253664,1.1367918952287022
2018-10-17 23:00:00+00:00,1.1435367485301287,1.1505350360071438,1.1419211394155815,1.1436305378940756
2018-10-18 23:00:00+00:00,1.1533106698502855,1.154424469528776,1.1460290003088633,1.1535683670484125
2018-10-21 23:00:00+00:00,1.1458537158825242,1.1483238221882535,1.1418608956357423,1.146047450180716
2018-10-22 23:00:00+00:00,1.1480604498581648,1.1555789345771168,1.147772979344945,1.1477882584610952
2018-10-23 23:00:00+00:00,1.1511808200265645,1.1608405316755939,1.149729608747133,1.150967125630373
2018-10-24 23:00:00+00:00,1.1620367506784872,1.1657103866676235,1.1594252350644845,1.1617733579112726
2018-10-25 23:00:00+00:00,1.1621790718470715,1.1701525183244075,1.161854073021884,1.1623979604993941
2018-10-29 00:00:00+00:00,1.1643890961490122,1.167247669539451,1.1604412426429451,1.1644162854602829
2018-10-30 00:00:00+00:00,1.1665276763071482,1.170271142564805,1.1644245744566686,1.1664150373990765
2018-10-31 00:00:00+00:00,1.1692042443526869,1.1721588453339336,1.1654071796568783,1.1688975781809858
2018-11-01 00:00:00+00:00,1.1683065601515705,1.1682561441252681,1.1528726824490243,1.1679779220479942
2018-11-02 00:00:00+00:00,1.1550351472796647,1.1581502563174535,1.1511124010814997,1.1543999978575135
2018-11-05 00:00:00+00:00,1.155892948031662,1.1610715665576428,1.1556193313335175,1.1560844493242481
2018-11-06 00:00:00+00:00,1.1559714474864833,1.1583792173060607,1.1548819538828978,1.1559204286749099
2018-11-07 00:00:00+00:00,1.1526332460790836,1.1567654097180031,1.1467351772974481,1.1534765322105547
2018-11-08 00:00:00+00:00,1.1520995848539894,1.1522757627979108,1.1453641920775706,1.15183555014367
2018-11-09 00:00:00+00:00,1.1520934571855403,1.1584246071792248,1.1516828003822155,1.151986379909758
2018-11-12 00:00:00+00:00,1.159373117105926,1.1672456387205863,1.1589745082736136,1.159699195159571
2018-11-13 00:00:00+00:00,1.1679932450051531,1.1678835510899435,1.1558129410165856,1.1668716463641138
2018-11-14 00:00:00+00:00,1.1542394665060351,1.164734722957866,1.153977820408842,1.1542498899976605
2018-11-15 00:00:00+00:00,1.1593204853863706,1.1631009182788938,1.1541229074073038,1.1598809609060143
2018-11-16 00:00:00+00:00,1.1578041706978508,1.1577632715715696,1.1491033557830101,1.1575514600396533
2018-11-19 00:00:00+00:00,1.1500730286526628,1.1517566227554095,1.1472134595162986,1.1498158257968119
2018-11-20 00:00:00+00:00,1.148590336029054,1.15902828510226,1.1475210442500954,1.1489300685190154
2018-11-21 00:00:00+00:00,1.1612809026760658,1.1614893288289818,1.1516958669261885,1.1614373694827145
2018-11-22 00:00:00+00:00,1.1531237280958506,1.1565447089778618,1.1522999085528767,1.1529980041271501
2018-11-23 00:00:00+00:00,1.1544629378030815,1.1612620391443347,1.1532218449676541,1.15439702042248
2018-11-26 00:00:00+00:00,1.1612041806374538,1.1623223054120109,1.1548002483816415,1.1613125277182197
2018-11-27 00:00:00+00:00,1.1612703278999619,1.1640696592985775,1.1597474432014268,1.1617760449230845
2018-11-28 00:00:00+00:00,1.1628493654702787,1.1649304589004774,1.159989287023374,1.1626821786540265
2018-11-29 00:00:00+00:00,1.1546199084144562,1.160655132455778,1.1507818799076115,1.1543474617741103
2018-11-30 00:00:00+00:00,1.1593229663397444,1.1644075885721639,1.158543904801385,1.1588422030881511
2018-12-03 00:00:00+00:00,1.1589853605795568,1.1604595012732466,1.1531448021393846,1.158930277401053
2018-12-04 00:00:00+00:00,1.1531395551500505,1.1531997078435465,1.1473211600849798,1.1529034602582942
2018-12-05 00:00:00+00:00,1.156057229111129,1.1570851445841357,1.1468599634329513,1.1557775679378237
2018-12-06 00:00:00+00:00,1.148855321679429,1.155363054024002,1.148767224099628,1.148232036225492
2018-12-07 00:00:00+00:00,1.1505268133212323,1.155610097008921,1.1499709858945402,1.1507087017791753
2018-12-10 00:00:00+00:00,1.1561787653834745,1.1638859145914346,1.1527512327370424,1.1564611557078313
2018-12-11 00:00:00+00:00,1.1634737881738695,1.1639397200437973,1.1551527105093813,1.162944511026962
2018-12-12 00:00:00+00:00,1.1621731314671468,1.171717246884105,1.1605769548220648,1.1622102490761834
2018-12-13 00:00:00+00:00,1.1627707849296198,1.1636873267629637,1.1573124711985703,1.1626570836305965
2018-12-14 00:00:00+00:00,1.158946271764452,1.1657631486905078,1.1591507320349854,1.1589650035003212
2018-12-17 00:00:00+00:00,1.1594527226852336,1.162957936566483,1.1565031436251165,1.1594501594054851
2018-12-18 00:00:00+00:00,1.1585501680186807,1.16153860410988,1.1547795717596476,1.1589683985687196
2018-12-19 00:00:00+00:00,1.1582841911932187,1.159733705367438,1.1552815569577901,1.1581037957148075
2018-12-20 00:00:00+00:00,1.161163733201988,1.16174607975263,1.1409818492629706,1.1612953699645636
2018-12-21 00:00:00+00:00,1.1451765057864778,1.1540607167235577,1.140932665036499,1.1453220195605764
2018-12-24 00:00:00+00:00,1.1543213754532784,1.158069469324516,1.1510947391183184,1.1541920044198448
2018-12-25 00:00:00+00:00,1.1535475781047893,1.1572157183621214,1.1424947220535209,1.154889911941604
2018-12-26 00:00:00+00:00,1.156466100700095,1.1623210688875767,1.153841332404949,1.155869764905042
2018-12-27 00:00:00+00:00,1.161426073277993,1.1604329341675246,1.1498223725856105,1.1612413322130977
2018-12-28 00:00:00+00:00,1.150942436906454,1.1504870141134456,1.141517567745536,1.1511212127873227
2018-12-31 00:00:00+00:00,1.1454840151989218,1.1465955032632285,1.131127278397587,1.1467519004921758
2019-01-01 00:00:00+00:00,1.128394711134611,1.1304341949760628,1.1287838560348555,1.1283082861904619
2019-01-02 00:00:00+00:00,1.1317233866465188,1.1488127986924654,1.1298979563756992,1.1315124981563112
2019-01-03 00:00:00+00:00,1.153474360584107,1.15792759351295,1.1488652287477414,1.153482909136275
2019-01-04 00:00:00+00:00,1.1498486239456636,1.1507958109549414,1.1414065677321286,1.1494719346305222
2019-01-07 00:00:00+00:00,1.1428197460476595,1.1423512849135091,1.1358552425513144,1.1431197554290404
2019-01-08 00:00:00+00:00,1.1343611455484042,1.1401991995860825,1.1327879151668947,1.1348575918119819
2019-01-09 00:00:00+00:00,1.1366526202775924,1.1407953448685848,1.1322286125059242,1.1364442501191012
2019-01-10 00:00:00+00:00,1.1302930991630822,1.1347976232283965,1.1297850965390184,1.1309009382995592
2019-01-11 00:00:00+00:00,1.1344678556965229,1.1403219184446032,1.1304024376325217,1.134877898310228
2019-01-14 00:00:00+00:00,1.1400640413859031,1.1421721604745052,1.1375239323401,1.140239717236629
2019-01-15 00:00:00+00:00,1.1405297292071572,1.1457736980399755,1.1379419472564676,1.1403396607405556
2019-01-16 00:00:00+00:00,1.143036191936653,1.148162329998613,1.141800257704458,1.1426896142984522
2019-01-17 00:00:00+00:00,1.1461063496227812,1.1535353746559376,1.1455454828797953,1.146225157220009
2019-01-18 00:00:00+00:00,1.1493210826515503,1.150211606822331,1.1453216987967014,1.1493332031449732
2019-01-21 00:00:00+00:00,1.150335256556663,1.1506723898229114,1.1470686152893619,1.1506207721598398
2019-01-22 00:00:00+00:00,1.1487135793332455,1.1523321802739583,1.1482481530873865,1.148785303296737
2019-01-23 00:00:00+00:00,1.150028001875503,1.15118317595732,1.1478227368881486,1.1496788522355632
2019-01-24 00:00:00+00:00,1.1489521654186323,1.1588434545954043,1.148036785276163,1.1486459907058344
2019-01-25 00:00:00+00:00,1.1559244051796416,1.1588749880590172,1.1519428348789418,1.155704695213044
2019-01-28 00:00:00+00:00,1.1524180072216041,1.1571377835298018,1.150215178715463,1.1524964158652673
2019-01-29 00:00:00+00:00,1.153473609398149,1.1569823008161226,1.151652029578857,1.1534872758337844
2019-01-30 00:00:00+00:00,1.155282737525449,1.159579217430865,1.1545535100264734,1.1552198866600887
2019-01-31 00:00:00+00:00,1.1520766798805424,1.1540289333915568,1.1492124174102583,1.1516588553719178
2019-02-01 00:00:00+00:00,1.1524792532582921,1.1543722641580174,1.1505590730920496,1.152545838016966
2019-02-04 00:00:00+00:00,1.154124100676682,1.1628014748724047,1.1534142460206323,1.1543088718039078
2019-02-05 00:00:00+00:00,1.1608093887598565,1.1646352546653198,1.1585201160317116,1.1607774349848174
2019-02-06 00:00:00+00:00,1.1613587444540354,1.1697983526858142,1.1614581091828802,1.1612069039397293
2019-02-07 00:00:00+00:00,1.172515923692686,1.1797905095715915,1.172156591213142,1.1723624545828133
2019-02-08 00:00:00+00:00,1.180079996878977,1.1830652562401214,1.177954815472991,1.180079996878977
2019-02-11 00:00:00+00:00,1.1811469624747517,1.1851194480608975,1.1795989566537752,1.1814951013681554
2019-02-12 00:00:00+00:00,1.185558999842069,1.1859822292097912,1.1794739434550443,1.1856163629813057
2019-02-13 00:00:00+00:00,1.1791290847827613,1.182709465121381,1.1702763708604877,1.1789622754601254
2019-02-14 00:00:00+00:00,1.1810581383847298,1.1878814066953023,1.177582327107559,1.1805662669229902
2019-02-15 00:00:00+00:00,1.1839815963897171,1.1890996742993987,1.1829868870543239,1.1838831940646652
2019-02-18 00:00:00+00:00,1.1817492008945558,1.1818020389448614,1.1766010021207143,1.1813015332528853
2019-02-19 00:00:00+00:00,1.178816940968699,1.199245769756869,1.1781647400248891,1.1788107703191875
2019-02-20 00:00:00+00:00,1.186188248240143,1.1891609363367663,1.183684351876494,1.1860156928900267
2019-02-21 00:00:00+00:00,1.1858459642831756,1.1928893379741237,1.1852049754330924,1.1854263683823991
2019-02-22 00:00:00+00:00,1.1934638939801736,1.193799239840503,1.1889378153656602,1.1934499179699347
2019-02-25 00:00:00+00:00,1.18871536804316,1.189796264521508,1.1851533393617142,1.188556880187636
2019-02-26 00:00:00+00:00,1.186029718896242,1.1884814352775195,1.184754724501787,1.1857437684760357
2019-02-27 00:00:00+00:00,1.181979352442478,1.1843159084479935,1.1774170304329081,1.1819182197075393
2019-02-28 00:00:00+00:00,1.180518307767229,1.181232074416263,1.1681008959948709,1.1802328943953513
2019-03-01 00:00:00+00:00,1.1770918910223933,1.1799079927320357,1.1741798031559172,1.176541825319794
2019-03-04 00:00:00+00:00,1.1786500340094148,1.1908161462741265,1.1787882503439924,1.1790559577853443
2019-03-05 00:00:00+00:00,1.1903480749761635,1.1933669460001046,1.1851261461403482,1.1904059855616698
2019-03-06 00:00:00+00:00,1.1855772507960802,1.1892785312545306,1.1824403488790374,1.1854163846101842
2019-03-07 00:00:00+00:00,1.1832056802251367,1.2025883450372754,1.1828613522277658,1.1834331072385464
2019-03-08 00:00:00+00:00,1.2038881297047606,1.2097787727500138,1.2020919864576274,1.2038141383570042
2019-03-11 00:00:00+00:00,1.200275130369832,1.2011998704333324,1.1971053324792398,1.2000840237409591
2019-03-12 00:00:00+00:00,1.1938442174042065,1.198349227196329,1.1909948861311215,1.1931205937213256
2019-03-13 00:00:00+00:00,1.1933182659181312,1.1940227892362991,1.1849169554093424,1.19283487404754
2019-03-14 00:00:00+00:00,1.1836953467738334,1.189411554631291,1.1817418235806356,1.1837698954500977
2019-03-15 00:00:00+00:00,1.1849380541768084,1.1848892772006379,1.176247952942932,1.18483490630796
2019-03-18 00:00:00+00:00,1.176495351756619,1.1788813176640134,1.1731360931718444,1.1768774532479993
2019-03-19 00:00:00+00:00,1.1753486827977484,1.1765337836130823,1.1700918054447051,1.1752692639255744
2019-03-20 00:00:00+00:00,1.1726307607319493,1.1737097761271575,1.1681382445656028,1.1715533890955205
2019-03-21 00:00:00+00:00,1.1622178896770865,1.170176021033467,1.161339652708294,1.1623794313797726
2019-03-22 00:00:00+00:00,1.1688028485666022,1.1857503903319786,1.1666171492868769,1.1683104364529766
2019-03-25 00:00:00+00:00,1.1807988097832183,1.1825734298497914,1.1740016512656917,1.180446516512869
2019-03-26 00:00:00+00:00,1.1772889571908725,1.1782990313391006,1.174062153505083,1.176795241046581
2019-03-27 00:00:00+00:00,1.1764607322260145,1.1824287419900492,1.1755086486693722,1.1764323644426213
2019-03-28 00:00:00+00:00,1.1814518708415407,1.190419602729028,1.1801653380587127,1.181043392210779
2019-03-29 00:00:00+00:00,1.1829624248892026,1.1837347820673612,1.1775515049248044,1.1829264884942137
2019-03-31 23:00:00+00:00,1.1814405292854504,1.182806651388587,1.1764264090484722,1.1817418066695482
2019-04-01 23:00:00+00:00,1.1832498612679996,1.1898838782592713,1.1825143468220407,1.1827596116226977
2019-04-02 23:00:00+00:00,1.1882682680469199,1.1883177568390453,1.1791440854675097,1.1878885260119803
2019-04-03 23:00:00+00:00,1.1796088659513482,1.1827304970096608,1.1790552592847985,1.1796975610793277
2019-04-04 23:00:00+00:00,1.1824354696655743,1.1844559063657236,1.1796890460334384,1.1824880881834354
2019-04-07 23:00:00+00:00,1.1836950691704402,1.1853531751655206,1.1767667343109889,1.1840392103379114
2019-04-08 23:00:00+00:00,1.1804803817375917,1.1809595468059992,1.1766827909100401,1.1808963006237105
2019-04-09 23:00:00+00:00,1.1798043321500735,1.1847659942133564,1.1790293958235643,1.1795305006957197
2019-04-10 23:00:00+00:00,1.1819053429473454,1.1826609179817944,1.1779966681459626,1.1813738913233387
2019-04-11 23:00:00+00:00,1.1836119433474057,1.1838547576947258,1.17922619672176,1.1834988603293508
2019-04-14 23:00:00+00:00,1.1809704639451641,1.1808227175007697,1.1791284065120964,1.1806435210906792
2019-04-15 23:00:00+00:00,1.1821015811755593,1.1831217471554547,1.1790584692424415,1.181572438744948
2019-04-16 23:00:00+00:00,1.1806335845581486,1.1809208001276315,1.1747588937964013,1.1801770122833262
2019-04-17 23:00:00+00:00,1.1779582840572422,1.1893926093277019,1.1775407762009356,1.1780730006835938
2019-04-18 23:00:00+00:00,1.1858333196070134,1.1863815165135099,1.184210963074933,1.186248938388193
2019-04-21 23:00:00+00:00,1.1862896655817459,1.1868428995796783,1.1846545732928442,1.1867745385621435
2019-04-22 23:00:00+00:00,1.1855184960478957,1.1968698585380844,1.1857603892762738,1.1856586907986402
2019-04-23 23:00:00+00:00,1.1928400609268544,1.198921377256354,1.192169319533704,1.1931402922284058
2019-04-24 23:00:00+00:00,1.2022778410889734,1.2204375936059741,1.2000606506110008,1.202264512899173
2019-04-25 23:00:00+00:00,1.2153600936105329,1.2163684068903549,1.2073279194587454,1.2149268345291244
2019-04-28 23:00:00+00:00,1.2125225897910377,1.21460893609057,1.2102128067324969,1.212481702528778
2019-04-29 23:00:00+00:00,1.2125114061363966,1.2138981959734074,1.207356923164285,1.2123850854727611
2019-04-30 23:00:00+00:00,1.2101841112837461,1.2128813977110695,1.2090755054640765,1.210033837782132
2019-05-01 23:00:00+00:00,1.2154676761892953,1.2193880031582918,1.2124040054922793,1.2156320505468783
2019-05-02 23:00:00+00:00,1.2209373059509137,1.224715423593583,1.2158576885020906,1.2211008525041793
2019-05-05 23:00:00+00:00,1.2197271320735885,1.22365079800087,1.218335290696554,1.2197738063737187
2019-05-06 23:00:00+00:00,1.218745624287731,1.2232710944257168,1.2159453908253506,1.2187500854598634
2019-05-07 23:00:00+00:00,1.2223195005212322,1.2233878255079993,1.2176135040299405,1.2218159133007453
2019-05-08 23:00:00+00:00,1.224558817337427,1.2309335002596478,1.224139412506285,1.22452953184096
2019-05-09 23:00:00+00:00,1.2290736508646716,1.2306352192786847,1.2237785142174888,1.229654629060126
2019-05-12 23:00:00+00:00,1.2250658292246273,1.2311803105103498,1.2235392082552676,1.2250070904025718
2019-05-13 23:00:00+00:00,1.2272050825693959,1.2271908937801266,1.2208489620305065,1.226987225534157
2019-05-14 23:00:00+00:00,1.2240563590560687,1.2277026481962583,1.2202161169285761,1.2238317741396083
2019-05-15 23:00:00+00:00,1.2232046618786325,1.2270510571016398,1.2201464796400106,1.2235487629477153
2019-05-16 23:00:00+00:00,1.2285201991499282,1.2297820910612762,1.2252664972645513,1.2280869317199814
2019-05-19 23:00:00+00:00,1.2280397898908118,1.2309531810729857,1.2266523755880183,1.228131522058397
2019-05-20 23:00:00+00:00,1.2308090629670785,1.2339329273996944,1.2284618497468072,1.2306878930435543
2019-05-22 23:00:00+00:00,1.2269588141243917,1.2326352677379486,1.2261396078050084,1.2269269804294463
2019-05-23 23:00:00+00:00,1.224902764963576,1.2256911553918461,1.2162239845137004,1.2244396051336226
2019-05-26 23:00:00+00:00,1.214746041636088,1.221568061434822,1.2139218850220361,1.2142058022152042
2019-05-27 23:00:00+00:00,1.220096013802174,1.2213175704386439,1.2155617565597918,1.2202617370874194
2019-05-28 23:00:00+00:00,1.2208548853725751,1.2246341182798168,1.2197673527034747,1.2203664851969493
2019-05-29 23:00:00+00:00,1.2162659630888977,1.2183313858463307,1.2140141887067617,1.2163429466300408
2019-05-30 23:00:00+00:00,1.2149428623560519,1.218450138855236,1.2123091284071779,1.2148381660993695
2019-06-02 23:00:00+00:00,1.2099726191817586,1.2125998885078633,1.2081833363040535,1.2103577709962139
2019-06-03 23:00:00+00:00,1.205626460546154,1.2073985308106323,1.2020316329974967,1.2048978266519477
2019-06-04 23:00:00+00:00,1.203204975273297,1.2049029291651503,1.1986997307895724,1.203323726815018
2019-06-05 23:00:00+00:00,1.203570710921273,1.2046343250150942,1.1987757664933723,1.2034977514003495
2019-06-06 23:00:00+00:00,1.2011860028603543,1.2070109290687399,1.1954950034540635,1.201602190422497
2019-06-09 23:00:00+00:00,1.199435154224994,1.2031067786471885,1.1981181511284238,1.199520053725184
2019-06-10 23:00:00+00:00,1.200478211266602,1.2052659047454137,1.2005004083027897,1.2006477241856996
2019-06-11 23:00:00+00:00,1.205535992317647,1.206296696198426,1.204474191859848,1.2054609381023378
2019-06-12 23:00:00+00:00,1.2095852198657113,1.2126193234860194,1.2101657178741385,1.2099283491851425
2019-06-13 23:00:00+00:00,1.2108194748696055,1.2126022791899997,1.2042442355226728,1.2103878192015285
2019-06-16 23:00:00+00:00,1.2111436608991681,1.2131196354220368,1.2092014731275451,1.2110526962056218
2019-06-17 23:00:00+00:00,1.2090153112127409,1.2162674673173475,1.2073388151733682,1.2094123204342875
2019-06-18 23:00:00+00:00,1.2165129524879887,1.2193665816634656,1.2165235324313752,1.216607440889342
2019-06-19 23:00:00+00:00,1.211762604815366,1.211762604815366,1.202462933250124,1.211373269837934
2019-06-20 23:00:00+00:00,1.203957103390164,1.2093442389075941,1.2019512461045485,1.2036268403074253
2019-06-23 23:00:00+00:00,1.1958040438685895,1.1956209231508055,1.1899479060580622,1.1953616460634509
2019-06-24 23:00:00+00:00,1.187884048338697,1.1896834139946184,1.1836838089100221,1.187994794533882
2019-06-25 23:00:00+00:00,1.1886758807076858,1.190186268347456,1.1842381488056164,1.1885677766411333
2019-06-26 23:00:00+00:00,1.1853394613757204,1.188564890066593,1.1845829261204037,1.1854199804947734
2019-06-27 23:00:00+00:00,1.1861452554050675,1.1888274084408943,1.1851871716259803,1.1858637436957302
2019-06-30 23:00:00+00:00,1.1893219750830217,1.195247825570599,1.1884085677588072,1.18925788349431
2019-07-01 23:00:00+00:00,1.1978573057732473,1.197943950746685,1.1944170913721561,1.1976748827693784
2019-07-02 23:00:00+00:00,1.196288878262457,1.2001179316793393,1.1919101986908105,1.1962661070049747
2019-07-03 23:00:00+00:00,1.1933233378931896,1.197147709748817,1.1941679782641619,1.1930382959527828
2019-07-04 23:00:00+00:00,1.196950741077394,1.2133999000960392,1.196743476331727,1.1970886040517559
2019-07-07 23:00:00+00:00,1.2104419437406482,1.213070044571835,1.2083941865697223,1.2099815562295249
2019-07-08 23:00:00+00:00,1.2128916986935523,1.2158909338613537,1.2118682287843907,1.2127863696318526
2019-07-09 23:00:00+00:00,1.213034387711004,1.2126574556989052,1.204725612986288,1.212465424757733
2019-07-10 23:00:00+00:00,1.2041815530905957,1.2033585019395856,1.198669273498477,1.203756350981002
2019-07-11 23:00:00+00:00,1.1996914431313022,1.200013236538404,1.1965217230113985,1.1991587514363364
2019-07-14 23:00:00+00:00,1.1966681982213654,1.197721104921336,1.1946965469188884,1.1969646161332006
2019-07-15 23:00:00+00:00,1.1943676072224998,1.2010348204684205,1.1960717687447489,1.1943322013576398
2019-07-16 23:00:00+00:00,1.2011775844172274,1.2027704286667558,1.1975229822299411,1.2007517135319477
2019-07-17 23:00:00+00:00,1.1984108255719048,1.1992643659200621,1.1969923959963091,1.1978367213283618
2019-07-18 23:00:00+00:00,1.1920969033745012,1.2006894225152902,1.1929427708888474,1.1921214127000863
2019-07-21 23:00:00+00:00,1.2022313929661321,1.20527368318486,1.2023919851846256,1.2018135653899669
2019-07-22 23:00:00+00:00,1.205776778970606,1.212734830432845,1.2056533279329489,1.20535889004957
2019-07-23 23:00:00+00:00,1.2126223839427799,1.2139080527450885,1.20689526106502,1.2126569883668814
2019-07-24 23:00:00+00:00,1.2059381936928295,1.2102405371125042,1.2057163577176586,1.2055775424341946
2019-07-25 23:00:00+00:00,1.2086478326701555,1.2153469708950133,1.208702006786804,1.2084574524808822
2019-07-28 23:00:00+00:00,1.2151279732639388,1.2170772803145282,1.213544372146431,1.2154442344564222
2019-07-29 23:00:00+00:00,1.212860836943265,1.2235074389001683,1.2124455187650218,1.212364487133388
2019-07-30 23:00:00+00:00,1.2225349166467512,1.225923098993249,1.2206925052251494,1.2225662035769171
2019-07-31 23:00:00+00:00,1.2345960615609255,1.2386560105798274,1.231776141779311,1.2344877217848882
2019-08-01 23:00:00+00:00,1.2336907230365484,1.2355153480475776,1.2326301875798218,1.2343462651890422
2019-08-04 23:00:00+00:00,1.2297659009705104,1.2305252109092601,1.2274005817908211,1.2292655957206813
2019-08-05 23:00:00+00:00,1.2205860270611142,1.224534308555422,1.2215966902602224,1.220077595163929
2019-08-06 23:00:00+00:00,1.2213615828139501,1.2290484785149087,1.2203292069251979,1.2214335741256477
2019-08-07 23:00:00+00:00,1.228149180934883,1.227923670059654,1.2211810929474143,1.2279226888178143
2019-08-08 23:00:00+00:00,1.2235556234513634,1.223378127807457,1.2150944626798357,1.2235627566408265
2019-08-11 23:00:00+00:00,1.2167553438117067,1.223658070536509,1.216410018970983,1.2164923215525854
2019-08-12 23:00:00+00:00,1.2181345100588832,1.2218048434438644,1.2150660008883367,1.2182923165929338
2019-08-13 23:00:00+00:00,1.2157711638763693,1.2280362014619037,1.213388468630082,1.215844463434187
2019-08-14 23:00:00+00:00,1.226745610840411,1.2305483554296566,1.22549136181841,1.2266747659458053
2019-08-15 23:00:00+00:00,1.2285141613472124,1.2358553049560101,1.228903859077467,1.2285240119499614
2019-08-18 23:00:00+00:00,1.2317763926173058,1.2336718982415187,1.231209586458793,1.2322582327758864
2019-08-19 23:00:00+00:00,1.2345830817221557,1.2403541180521136,1.2337343744669822,1.2344509381878292
2019-08-20 23:00:00+00:00,1.2348959050630581,1.2355379157675404,1.2262216226963327,1.235033443331437
2019-08-21 23:00:00+00:00,1.22564709076741,1.2353101142540759,1.2240483723809874,1.2260104184329697
2019-08-22 23:00:00+00:00,1.2339464516455143,1.236209471075995,1.2273205987234885,1.233806579974457
2019-08-25 23:00:00+00:00,1.2287135077238276,1.233320985654712,1.2263705951347257,1.2283977027135562
2019-08-26 23:00:00+00:00,1.2329913379637107,1.2340787741373669,1.227148170330622,1.2326578210990815
2019-08-27 23:00:00+00:00,1.2326660478948357,1.239761538884106,1.2323105444272568,1.2321005124543976
2019-08-28 23:00:00+00:00,1.238716292051322,1.245205542969095,1.2385117925793212,1.2391401715087502
2019-08-29 23:00:00+00:00,1.2457446460647572,1.2537125132018396,1.246823227042938,1.245579769093345
2019-09-01 23:00:00+00:00,1.2514949839287024,1.2530470591890033,1.2489859044797804,1.2515588275799798
2019-09-02 23:00:00+00:00,1.2531624664824583,1.260861483504754,1.2532487299581738,1.253470993865571
2019-09-03 23:00:00+00:00,1.2512653154122795,1.251434082473198,1.2432688389917301,1.2512653154122795
2019-09-04 23:00:00+00:00,1.241213174612635,1.242208887755599,1.2313384905003715,1.24085861946076
2019-09-05 23:00:00+00:00,1.2353593933902283,1.236079219628556,1.2245699544843092,1.2354262812432164
2019-09-08 23:00:00+00:00,1.229852049110334,1.232650732214661,1.228523008004517,1.229527994476474
2019-09-09 23:00:00+00:00,1.231970229151077,1.2441965970362492,1.2314538012233822,1.2319543264551291
2019-09-10 23:00:00+00:00,1.2346972952790496,1.2377212908873516,1.2323817695111057,1.2343556700090381
2019-09-11 23:00:00+00:00,1.2342009135698129,1.2412847786798424,1.2290308451312557,1.2339656444124412
2019-09-12 23:00:00+00:00,1.2308451946463494,1.2305191909780329,1.2250038942839836,1.2309908319203267
2019-09-15 23:00:00+00:00,1.226214675766462,1.2379242363962644,1.2272531810118466,1.226537233198729
2019-09-16 23:00:00+00:00,1.2354368909835516,1.2426811623961287,1.2342480403558016,1.2349886793023546
2019-09-17 23:00:00+00:00,1.2354494493730555,1.2421240999545502,1.2352079393759925,1.2354101382376121
2019-09-18 23:00:00+00:00,1.2416310261609098,1.2432008751874672,1.2372695993457672,1.2416701682572382
2019-09-19 23:00:00+00:00,1.2369231548670987,1.2410014397112696,1.2337104899056828,1.2370824786972512
2019-09-22 23:00:00+00:00,1.2369088607416308,1.2467687601896074,1.2366392314721772,1.2367179829918509
2019-09-23 23:00:00+00:00,1.2381578494324859,1.2420302396797729,1.235002247449209,1.2381802347820416
2019-09-24 23:00:00+00:00,1.2335706014576666,1.2441175281160577,1.233657446358559,1.233234709385736
2019-09-25 23:00:00+00:00,1.2433954776084974,1.2455976593677418,1.240533206641304,1.2428850646699494
2019-09-26 23:00:00+00:00,1.2449896267674112,1.251703196210697,1.2436144920019059,1.2452649201030266
2019-09-29 23:00:00+00:00,1.2481901948132115,1.2538270297190153,1.2482139898028484,1.2477440607842503
2019-09-30 23:00:00+00:00,1.255627401249617,1.2659696227710113,1.2553149749319066,1.2553119847954646
2019-10-01 23:00:00+00:00,1.258692768610054,1.2645553061355637,1.2572011873664302,1.2587095931570949
2019-10-02 23:00:00+00:00,1.2588946857894467,1.2634569817410604,1.2540408417459887,1.2584918453478526
2019-10-03 23:00:00+00:00,1.2568302867486933,1.2583590266059106,1.2534818789043525,1.2566857835276053
2019-10-06 23:00:00+00:00,1.2547151494381017,1.2643806240997475,1.2538196079013273,1.2547374358386247
2019-10-07 23:00:00+00:00,1.2632457501999628,1.2685808783956527,1.2590891818707144,1.2637969168741878
2019-10-08 23:00:00+00:00,1.266667918877868,1.2698577609706023,1.2643831311564182,1.2669760615505592
2019-10-09 23:00:00+00:00,1.2676111127150724,1.268217835473102,1.2521958473900203,1.2676643519661015
2019-10-10 23:00:00+00:00,1.2545107865782996,1.2544268652212591,1.247602145438735,1.2539386052692605
2019-10-13 23:00:00+00:00,1.2508255349676336,1.2567862457719783,1.249553732763992,1.2507267127717052
2019-10-14 23:00:00+00:00,1.251367167839972,1.2545445760432734,1.2466054930752937,1.2515112959081285
2019-10-15 23:00:00+00:00,1.2499898344192524,1.2527029724127254,1.2468457420207457,1.2495793212212287
2019-10-16 23:00:00+00:00,1.2459112612518424,1.251365214785567,1.2347247710661238,1.2458825930731452
2019-10-17 23:00:00+00:00,1.2375825075410847,1.2376787789778778,1.2314736004663354,1.2372386483696716
2019-10-20 23:00:00+00:00,1.2319375396540932,1.2320980882997261,1.2238345892328273,1.2318143475410663
2019-10-21 23:00:00+00:00,1.2291573950745613,1.2302178719738086,1.226823033395099,1.2291224212825365
2019-10-22 23:00:00+00:00,1.2292448852216904,1.2330775101083329,1.2285110094824991,1.22926097971381
2019-10-23 23:00:00+00:00,1.2291835719039335,1.2312814023903764,1.2196049242566225,1.2292246879454025
2019-10-24 23:00:00+00:00,1.2318065577745663,1.2369509102870233,1.2313570569260344,1.231769570547266
2019-10-28 00:00:00+00:00,1.234762772035125,1.2380924057158909,1.2331742476782526,1.2348700594259165
2019-10-29 00:00:00+00:00,1.238356358691589,1.242980187616631,1.237654241193702,1.2384037987353973
2019-10-30 00:00:00+00:00,1.2377818042540116,1.2412085349716027,1.235679799225439,1.2373272123446641
2019-10-31 00:00:00+00:00,1.2301285861857607,1.2330586828931853,1.2274935427317948,1.2302227107793886
2019-11-01 00:00:00+00:00,1.2308880128454638,1.2317690366976244,1.21904120466841,1.2311457593729287
2019-11-04 00:00:00+00:00,1.2193059120020346,1.2259155334609855,1.2171953714215613,1.2196504127072207
2019-11-05 00:00:00+00:00,1.2272594161034727,1.233783247962743,1.2235426549438981,1.2271916812279697
2019-11-06 00:00:00+00:00,1.2324745041359895,1.23344061130672,1.2262460677040634,1.2325354369269244
2019-11-07 00:00:00+00:00,1.2288972423106865,1.2316262257001451,1.2244238494529027,1.2290343615910928
2019-11-11 00:00:00+00:00,1.2392516558380926,1.2410326369610616,1.239078817464435,1.2393922668861301
2019-11-12 00:00:00+00:00,1.2387453532102506,1.2420170507738242,1.238188288181509,1.2385424507969842
2019-11-13 00:00:00+00:00,1.2403688495633864,1.2463105720067513,1.239792838402624,1.240460120109826
2019-11-14 00:00:00+00:00,1.2427938076470109,1.2453842934797268,1.2383557029681664,1.2423448148825869
2019-11-15 00:00:00+00:00,1.2360426111137646,1.2360931525759582,1.2299288659063903,1.2363123813069647
2019-11-18 00:00:00+00:00,1.230593334518192,1.2322435796060285,1.2273870952686015,1.2302841918944152
2019-11-19 00:00:00+00:00,1.2314468869132384,1.2327358143726466,1.2270533496635159,1.2314217879462108
2019-11-20 00:00:00+00:00,1.230662851579602,1.2410827244792093,1.2293630724820146,1.2306644675449427
2019-11-21 00:00:00+00:00,1.2309828393382864,1.232857451238653,1.2276912399174869,1.2308910686466497
2019-11-22 00:00:00+00:00,1.2295559383527188,1.2317245324305084,1.2261877162761627,1.2297869507031278
2019-11-25 00:00:00+00:00,1.2301415246796792,1.2329143246984438,1.2226521906695345,1.230026091618398
2019-11-26 00:00:00+00:00,1.231915412448279,1.23110850038265,1.2250939656340152,1.2318304315791193
2019-11-27 00:00:00+00:00,1.2243890898729495,1.2260782384425688,1.2230329444949204,1.2240532298538502
2019-11-28 00:00:00+00:00,1.2237921999190307,1.2253304212390432,1.2216755378219786,1.2236897541809513
2019-11-29 00:00:00+00:00,1.2199382168366308,1.2231092402680692,1.2186349359407167,1.219928237135948
2019-12-02 00:00:00+00:00,1.2226832872610072,1.2245120710826967,1.2167569468288062,1.2224032999667729
2019-12-03 00:00:00+00:00,1.2188770264459576,1.2197317429038408,1.2126012254078105,1.2187971896436256
2019-12-04 00:00:00+00:00,1.2167188439803718,1.2204129758802544,1.2121726092715748,1.216483412282444
2019-12-05 00:00:00+00:00,1.2127039798119355,1.2147229795740058,1.211208258704116,1.213429816598474
2019-12-06 00:00:00+00:00,1.2121218765729511,1.2151859947308825,1.2091869152622037,1.211903612467653
2019-12-09 00:00:00+00:00,1.2134111139810335,1.21734899512159,1.2129048531196538,1.2133016382293678
2019-12-10 00:00:00+00:00,1.2173841750904302,1.21907489960265,1.2130278288059053,1.2173407954077542
2019-12-11 00:00:00+00:00,1.2127512370703153,1.2136186789392815,1.2059715791544323,1.2127626908609717
2019-12-12 00:00:00+00:00,1.201176933950887,1.205424189604125,1.2018505293424548,1.2014865460910444
2019-12-13 00:00:00+00:00,1.1964352980174282,1.2049906829663295,1.1979822343786954,1.1966459205391549
2019-12-16 00:00:00+00:00,1.2027033711007302,1.2031947952572104,1.1989602555173045,1.2027688762742335
2019-12-17 00:00:00+00:00,1.202140284927083,1.2062899064705335,1.201400012554793,1.201887385770248
2019-12-18 00:00:00+00:00,1.2043337309645292,1.2101366304084222,1.2046383904529026,1.2042853740814057
2019-12-19 00:00:00+00:00,1.209090785525736,1.2105271395518147,1.204943720578832,1.2091165590480375
2019-12-20 00:00:00+00:00,1.2070942323131,1.2080422671897193,1.2046177161316622,1.2066740070776767
2019-12-23 00:00:00+00:00,1.205824407405174,1.2110473693578903,1.2066082036844419,1.2060126547441836
2019-12-24 00:00:00+00:00,1.2110662777196115,1.2121815050223448,1.2084437246433832,1.211119958325355
2019-12-25 00:00:00+00:00,1.2062376144451747,1.2123535913495729,1.1838724721972747,1.208176611657417
2019-12-26 00:00:00+00:00,1.2067994461051075,1.2121722482836703,1.2063952993470757,1.2065325821583828
2019-12-27 00:00:00+00:00,1.2076367422299457,1.2082268552891147,1.1984508795191742,1.2075592028365687
2019-12-30 00:00:00+00:00,1.1976040424359518,1.1995520704074027,1.1943742096480041,1.1975914835485295
2019-12-31 00:00:00+00:00,1.1998461071086195,1.2016996519806271,1.1938185707806879,1.1998664775098056
2020-01-01 00:00:00+00:00,1.1776934149869127,1.1833780878735876,1.1764474898347714,1.1777833137797336
2020-01-02 00:00:00+00:00,1.1992073428305898,1.2028691116198347,1.1966029665753304,1.1985114236231096
2020-01-03 00:00:00+00:00,1.2025345114001709,1.2142256277166303,1.20239492962521,1.20198241023571
2020-01-06 00:00:00+00:00,1.2092045017167579,1.2118475092218193,1.2082855741124887,1.2092373620226937
2020-01-07 00:00:00+00:00,1.2096165064901376,1.2168787879846952,1.2082687696874372,1.210169302227396
2020-01-08 00:00:00+00:00,1.2174289129041789,1.2179630540550894,1.2121464551880599,1.2175061219434733
2020-01-09 00:00:00+00:00,1.2151926027456568,1.2214304943179821,1.2156856243295626,1.21544336284689
2020-01-10 00:00:00+00:00,1.2212641677432807,1.2255191728912287,1.220625681909791,1.221351308356985
2020-01-13 00:00:00+00:00,1.223221769999556,1.225404166448941,1.2186339811079747,1.2234035303188429
2020-01-14 00:00:00+00:00,1.2179392884177818,1.218466745736858,1.215514106257043,1.2178639892202834
2020-01-15 00:00:00+00:00,1.2166773935100974,1.219296359942418,1.214908976380427,1.2166612820260163
2020-01-16 00:00:00+00:00,1.2166430335117993,1.221645101405101,1.216453175106621,1.2167920796744782
2020-01-17 00:00:00+00:00,1.2207051492495786,1.2251654857270171,1.2202824581598775,1.2205594645699476
2020-01-20 00:00:00+00:00,1.2250232286172882,1.2270155109551768,1.2232323503357705,1.2249945980189463
2020-01-21 00:00:00+00:00,1.2244247030032727,1.226730996494914,1.2210995150916701,1.224913741585213
2020-01-22 00:00:00+00:00,1.2249247481941101,1.226315401096423,1.222928950061276,1.224563048586432
2020-01-23 00:00:00+00:00,1.2219813761621798,1.2287518804887132,1.2215373035624748,1.2220219506235535
2020-01-24 00:00:00+00:00,1.226182773737961,1.2313156524838482,1.2258618554684313,1.2258276750471513
2020-01-27 00:00:00+00:00,1.2318028346088494,1.2381497921596998,1.2302071471960094,1.2316745482846057
2020-01-28 00:00:00+00:00,1.237514509136395,1.2393530375089636,1.2360680304766607,1.2370420388134442
2020-01-29 00:00:00+00:00,1.235393068083806,1.2381210721594464,1.2346235719151275,1.2354476925454487
2020-01-30 00:00:00+00:00,1.236794039590552,1.242560173262831,1.2378702779397048,1.2367826744899222
2020-01-31 00:00:00+00:00,1.241358005781619,1.2461855298112203,1.2397535207958765,1.2411716215987254
2020-02-03 00:00:00+00:00,1.2404575556893438,1.244630639663518,1.238036316676804,1.2404062623266654
2020-02-04 00:00:00+00:00,1.2418974952065158,1.2423142520647183,1.2355300010089367,1.2421195688547102
2020-02-05 00:00:00+00:00,1.234117767816757,1.235887260396297,1.2306136350400334,1.234214024516371
2020-02-06 00:00:00+00:00,1.2347690962113451,1.2420686507445202,1.2333721697083033,1.2344462236111597
2020-02-07 00:00:00+00:00,1.2392752792667294,1.2427250620283103,1.2375417007451905,1.2390206187181678
2020-02-10 00:00:00+00:00,1.2438653835491122,1.246773517822087,1.240625564613112,1.2437740170844238
2020-02-11 00:00:00+00:00,1.2432557160253914,1.24560017614154,1.2399356182285282,1.2435811304077353
2020-02-12 00:00:00+00:00,1.2398392243566934,1.2406195146298424,1.2340910369454516,1.239890806184047
2020-02-13 00:00:00+00:00,1.2405881581003584,1.2458019932853495,1.2397035704114223,1.2404498150199073
2020-02-14 00:00:00+00:00,1.2451030773078888,1.2512995401039484,1.2451994076161934,1.2449398599842667
2020-02-17 00:00:00+00:00,1.2498525036439734,1.252409806726859,1.2477175128622366,1.2497393199450553
2020-02-18 00:00:00+00:00,1.2468523977246033,1.2583138096987658,1.2470771589753773,1.2468910711476195
2020-02-19 00:00:00+00:00,1.2587480860929043,1.262509110232106,1.250485998259853,1.2587261120302773
2020-02-20 00:00:00+00:00,1.257992729440197,1.26312992892069,1.2564918378271424,1.2576608703797758
2020-02-21 00:00:00+00:00,1.261074205180008,1.2613143752523546,1.2483404327922318,1.2610112046035036
2020-02-24 00:00:00+00:00,1.2504928653849638,1.2568562022215406,1.2481911821445428,1.2504369561914128
2020-02-25 00:00:00+00:00,1.2486205107434485,1.2520536990200581,1.2463593393788015,1.2486460110012987
2020-02-26 00:00:00+00:00,1.2474202514234505,1.2507476493556793,1.2456564592402721,1.247704345228476
2020-02-27 00:00:00+00:00,1.2489375369507802,1.2481047129037286,1.235706819355739,1.2489400535390223
2020-02-28 00:00:00+00:00,1.2395546386020826,1.2506578901912955,1.2353135860887616,1.2394696319894563
2020-03-02 00:00:00+00:00,1.2340353771746355,1.2353692308539321,1.2202907526480835,1.2342104301873926
2020-03-03 00:00:00+00:00,1.2257617686943016,1.2276156139261567,1.2059723318585442,1.2256422921570589
2020-03-04 00:00:00+00:00,1.216844070386488,1.2253850840337552,1.213775988613196,1.216438629547162
2020-03-05 00:00:00+00:00,1.217867292538639,1.2205288077503607,1.2146265007682053,1.2184257474334665
2020-03-06 00:00:00+00:00,1.2148947010546494,1.2170732883003823,1.2014598664711063,1.2150868343100225
2020-03-09 00:00:00+00:00,1.2073004311566746,1.2149096831098554,1.178878838278997,1.2076351392032716
2020-03-10 00:00:00+00:00,1.2181211867139947,1.222526996263495,1.2120763505160461,1.2177763372916974
2020-03-11 00:00:00+00:00,1.2245987597862347,1.2255592271528983,1.2139336827883769,1.224497357329427
2020-03-12 00:00:00+00:00,1.226800333139035,1.264671399311587,1.2193710633294492,1.22666028305781
2020-03-13 00:00:00+00:00,1.252214318199949,1.2612505009823545,1.2359214913316068,1.2520703045096389
2020-03-16 00:00:00+00:00,1.2486925570759964,1.270538148531042,1.2398873205231642,1.2481664219602848
2020-03-18 00:00:00+00:00,1.272126503645458,1.3261582124707623,1.2471463674724041,1.2721685256645903
2020-03-19 00:00:00+00:00,1.315579925130217,1.3461583841410822,1.200501364015887,1.3135054823834054
2020-03-20 00:00:00+00:00,1.3100069905921583,1.343204569813344,1.2809817956197656,1.2908294183244533
2020-03-23 00:00:00+00:00,1.3434654857144543,1.3484859137703806,1.3170331610220405,1.3454156147134957
2020-03-24 00:00:00+00:00,1.3256287309772687,1.3286038359438688,1.3053729018036577,1.3255892175782242
2020-03-25 00:00:00+00:00,1.304892488990577,1.3163071058382778,1.2945650787862708,1.3026470232950744
2020-03-26 00:00:00+00:00,1.2981674189303771,1.308980593076144,1.2830522586974191,1.2978961435336027
2020-03-27 00:00:00+00:00,1.2811805774772882,1.299408518531206,1.2723121794251844,1.2821766045568266
2020-03-29 23:00:00+00:00,1.280269948392219,1.298097827473795,1.2740570522794172,1.2797394036613294
2020-03-30 23:00:00+00:00,1.2940303388501178,1.3063184642535697,1.2754376045522808,1.2931158035969654
2020-03-31 23:00:00+00:00,1.2762291137652884,1.29872195857338,1.2761392063271173,1.2766575350723655
2020-04-01 23:00:00+00:00,1.2923680378526534,1.3097974755122002,1.2880596212410822,1.293476442913855
2020-04-02 23:00:00+00:00,1.3019480231872018,1.3149306193323071,1.300525099161644,1.3015989796864318
2020-04-05 23:00:00+00:00,1.3131276564364536,1.315736032118588,1.3040473574074942,1.3126188679338122
2020-04-06 23:00:00+00:00,1.3031684033918645,1.3062527821241474,1.2836242601229697,1.3036135293183335
2020-04-07 23:00:00+00:00,1.2954238727789626,1.3046112874258864,1.2920448907337885,1.294905217839688
2020-04-08 23:00:00+00:00,1.2989387105104482,1.3021193247590184,1.2816604096271769,1.299201097617269
2020-04-09 23:00:00+00:00,1.282043128885834,1.28416850201977,1.2789788055763318,1.282694048761286
2020-04-12 23:00:00+00:00,1.2820024368656815,1.2896899751247484,1.278111086559287,1.2819343015741465
2020-04-13 23:00:00+00:00,1.2879297783916819,1.289281450715634,1.2819245658042728,1.2883365878414887
2020-04-14 23:00:00+00:00,1.279663220037015,1.298062473788411,1.2775954392655249,1.280327394471312
2020-04-15 23:00:00+00:00,1.29588232395474,1.3001961149421426,1.2873794586620753,1.2954044650846328
2020-04-16 23:00:00+00:00,1.2899359219970465,1.2966157321481546,1.2866530928371676,1.2900264029436048
2020-04-19 23:00:00+00:00,1.2884934092120794,1.2930229553740686,1.2851930325944316,1.2883836913849283
2020-04-20 23:00:00+00:00,1.2928801680047808,1.3075403151134224,1.2928210255832455,1.292423559962905
2020-04-21 23:00:00+00:00,1.3023282228174191,1.3043701141848523,1.2956281497104774,1.3024392164776935
2020-04-22 23:00:00+00:00,1.3044000441028227,1.3070556250766656,1.292671819670821,1.305083917774793
2020-04-23 23:00:00+00:00,1.2980956044137228,1.3044521041760684,1.2959084049347906,1.2986723543092222
2020-04-26 23:00:00+00:00,1.294620863605425,1.2979435324240847,1.288001930090341,1.294497094464942
2020-04-27 23:00:00+00:00,1.2912587563597464,1.2956240333363396,1.27199628803285,1.2909346019672556
2020-04-28 23:00:00+00:00,1.2743329947119946,1.2772354749106685,1.2698214598877007,1.2743377957206539
2020-04-29 23:00:00+00:00,1.2696713705378002,1.2714213669529075,1.2583562338399135,1.2697780978295112
2020-04-30 23:00:00+00:00,1.2598796697543384,1.26879204309021,1.2591137673154276,1.2586781536120586
2020-05-03 23:00:00+00:00,1.2785454283310476,1.280630311222807,1.2741917037962107,1.2783015975191598
2020-05-04 23:00:00+00:00,1.2714554854347764,1.2769251049145043,1.2644155169260678,1.271159891285235
2020-05-05 23:00:00+00:00,1.266413796060014,1.2735740874146537,1.2647089133245235,1.266429403830073
2020-05-06 23:00:00+00:00,1.2702712494681554,1.272182631810483,1.2650477501653856,1.270528941100399
2020-05-07 23:00:00+00:00,1.2645093950600832,1.2655384434628902,1.2558604698466107,1.2652668419031503
2020-05-10 23:00:00+00:00,1.2622127898738937,1.2739898782519965,1.2580050589842566,1.261928941754661
2020-05-11 23:00:00+00:00,1.2735783625521953,1.2779347699371926,1.2530730754271553,1.273551036489607
2020-05-12 23:00:00+00:00,1.2619750541315773,1.265489656706522,1.2537587888737671,1.2612734717171068
2020-05-13 23:00:00+00:00,1.2652959851599532,1.2762311500970678,1.2652051371912802,1.2655209237307874
2020-05-14 23:00:00+00:00,1.2630503828634,1.275650746936661,1.2629093564543967,1.2634210148773908
2020-05-17 23:00:00+00:00,1.2728505384873678,1.2728534589856049,1.253295854916,1.2724709057168289
2020-05-18 23:00:00+00:00,1.2511998137635572,1.2544464451261936,1.2430658648090978,1.2514481642375517
2020-05-19 23:00:00+00:00,1.2488865329829497,1.2492085165179094,1.2345090601738933,1.249135538856931
2020-05-20 23:00:00+00:00,1.2365453366605268,1.2422609960497328,1.233498087907107,1.236498063610446
2020-05-21 23:00:00+00:00,1.2400709244934545,1.2498491097521478,1.2401026288335104,1.2404858557518272
2020-05-24 23:00:00+00:00,1.2447986484252764,1.2500118792668158,1.245219324543717,1.2450172295562119
2020-05-25 23:00:00+00:00,1.2471583659175844,1.2476227166220903,1.2395383823697228,1.247316923248724
2020-05-26 23:00:00+00:00,1.240126941736616,1.2456393451979078,1.2337197103719408,1.2400542099555811
2020-05-27 23:00:00+00:00,1.2375763959887864,1.2404473883111156,1.2259059269124466,1.237073444454175
2020-05-28 23:00:00+00:00,1.2276516220852316,1.2282561255326052,1.2129744770880486,1.227378880948471
2020-05-31 23:00:00+00:00,1.2158578701220488,1.2161561147073494,1.2068705400530593,1.2149537642080706
2020-06-01 23:00:00+00:00,1.2091621054517294,1.2109319148666542,1.2016696098931787,1.2090770444437775
2020-06-02 23:00:00+00:00,1.203052845601735,1.2073088497162225,1.1940690867159014,1.2028720109546112
2020-06-03 23:00:00+00:00,1.198437875219398,1.2061082632048248,1.1807292837425,1.1982942396594631
2020-06-04 23:00:00+00:00,1.186894335137116,1.189471807447017,1.1779136823580034,1.1863562593266608
2020-06-07 23:00:00+00:00,1.1796075598744369,1.1908189021603757,1.179762822578566,1.1806281601508135
2020-06-08 23:00:00+00:00,1.1857137601489698,1.1992465397192649,1.1818744900458173,1.1851770605867076
2020-06-09 23:00:00+00:00,1.188715161252633,1.193327023655631,1.1815603520261304,1.188250525606697
2020-06-10 23:00:00+00:00,1.1856062475211837,1.195959102299988,1.1831729293051116,1.1868824648283447
2020-06-11 23:00:00+00:00,1.2043094994532653,1.208779714500616,1.1914692320476463,1.204358585342453
2020-06-14 23:00:00+00:00,1.2056451612903225,1.215379478627059,1.202802823523736,1.2059032071021296
2020-06-15 23:00:00+00:00,1.1952625677702158,1.2137667551043947,1.1925900623843115,1.1953739595195925
2020-06-16 23:00:00+00:00,1.2081317106467977,1.2121309478596565,1.2030157680178446,1.2080569221650639
2020-06-17 23:00:00+00:00,1.2035277354079081,1.2159774011313338,1.2008102976692714,1.2034233289471952
2020-06-18 23:00:00+00:00,1.2134983133476294,1.2204763942253418,1.2112352843126994,1.21348387195218
2020-06-21 23:00:00+00:00,1.220825541504662,1.2212269129084696,1.2071916929466964,1.2210964299463438
2020-06-22 23:00:00+00:00,1.205382939107936,1.214496991728777,1.1942987770171525,1.205154788109564
2020-06-23 23:00:00+00:00,1.1973741592899445,1.2051750853595498,1.1930610475968892,1.1975355159108352
2020-06-24 23:00:00+00:00,1.2095159716234491,1.210275818348867,1.202446704099685,1.209574813528035
2020-06-25 23:00:00+00:00,1.2026420401383509,1.2095503502260136,1.199916148331313,1.2022189367494265
2020-06-28 23:00:00+00:00,1.204642465333448,1.2048134647084465,1.1966681514180606,1.2042064051474295
2020-06-29 23:00:00+00:00,1.2033805713986172,1.2110131929848396,1.1974930853663759,1.2029560434536961
2020-06-30 23:00:00+00:00,1.2023314964463312,1.2095057376900427,1.1979263711883439,1.2022682649257246
2020-07-01 23:00:00+00:00,1.2009276372671025,1.2044754234657986,1.1913717458708546,1.2011779024911873
2020-07-02 23:00:00+00:00,1.202240006319929,1.2037531033112345,1.199197356632437,1.2020064544244333
2020-07-05 23:00:00+00:00,1.2028746662331808,1.2026020282218357,1.1922048689849971,1.2025474858767822
2020-07-06 23:00:00+00:00,1.1911848064278698,1.2010643378002872,1.1880692079317516,1.1919155900963652
2020-07-07 23:00:00+00:00,1.1939357028126212,1.196152597734176,1.1844355066320156,1.1947357868169741
2020-07-08 23:00:00+00:00,1.1830814455645426,1.1910485089810097,1.1791488699537216,1.182394583706081
2020-07-09 23:00:00+00:00,1.1914992926106267,1.1969798908942308,1.183139114885678,1.1912847824241164
2020-07-12 23:00:00+00:00,1.1863306021431836,1.1873344392299126,1.1779301160581264,1.1859731588708333
2020-07-13 23:00:00+00:00,1.1852422765476065,1.187090024867334,1.1735186781219324,1.1848815037411549
2020-07-14 23:00:00+00:00,1.171354334085008,1.1727703139876156,1.165667577547179,1.1726135302062803
2020-07-15 23:00:00+00:00,1.170106421658539,1.1742126938692061,1.1651388929128803,1.1696240427981055
2020-07-16 23:00:00+00:00,1.17035905214823,1.1715518065123802,1.163682554226217,1.168393192735338
2020-07-19 23:00:00+00:00,1.1646511600445981,1.1670359098699787,1.1574148908435182,1.1644192683346868
2020-07-20 23:00:00+00:00,1.1557398381845312,1.1579198445404866,1.1473574077520716,1.1558734880006112
2020-07-21 23:00:00+00:00,1.1442392390193894,1.1493755944164252,1.140412853610131,1.143515629590051
2020-07-22 23:00:00+00:00,1.1439793565955236,1.1491970406757317,1.139235922327648,1.144012473245258
2020-07-23 23:00:00+00:00,1.142836825176854,1.1448543697442086,1.1392297531663986,1.142618272578055
2020-07-26 23:00:00+00:00,1.1400013311947277,1.1397513807040858,1.1247576379797728,1.1396512273656483
2020-07-27 23:00:00+00:00,1.1243191501076422,1.1341908261490443,1.1225140887150173,1.124127823015611
2020-07-28 23:00:00+00:00,1.1311953162631672,1.1329644099745253,1.12537041766018,1.1320998684147947
2020-07-29 23:00:00+00:00,1.1264674622423154,1.133885518850837,1.124427859836282,1.1261374081871978
2020-07-30 23:00:00+00:00,1.120208986343876,1.129296817445682,1.115450688408584,1.120156394764248
2020-08-02 23:00:00+00:00,1.1321548954133065,1.1357984695611731,1.1294955653215157,1.1312644712386593
2020-08-03 23:00:00+00:00,1.1279771675630552,1.1332306163786274,1.1247353542046339,1.1270917725887815
2020-08-04 23:00:00+00:00,1.1248490118211316,1.1255860876036243,1.1157213646442894,1.1247981108137297
2020-08-05 23:00:00+00:00,1.1168980101495085,1.1248989944652226,1.1126683793554342,1.1163576533959676
2020-08-06 23:00:00+00:00,1.1211122082125755,1.1319192863099181,1.1207168620309365,1.12096660423396
2020-08-09 23:00:00+00:00,1.1284000027564265,1.1303960467609246,1.1239809073653286,1.128734884799239
2020-08-10 23:00:00+00:00,1.1291647188376792,1.1316629780637064,1.1229530146829885,1.1295973286048708
2020-08-11 23:00:00+00:00,1.1298818637170547,1.1338063544740262,1.1192453418543342,1.1306197523392703
2020-08-12 23:00:00+00:00,1.1197782179036537,1.1206047532514043,1.1157302603363224,1.119865887625519
2020-08-13 23:00:00+00:00,1.120385476101257,1.126224628558123,1.1190982834379484,1.1209910973060808
2020-08-16 23:00:00+00:00,1.1193858312623257,1.1230377267432543,1.11726927542904,1.1191664413398044
2020-08-17 23:00:00+00:00,1.1204910594722428,1.1205006451851043,1.1111151448637484,1.1200872041924657
2020-08-18 23:00:00+00:00,1.1138810028880597,1.1191064243575022,1.1127871394508115,1.1136229356328884
2020-08-19 23:00:00+00:00,1.121544378226035,1.1315233001241278,1.1208089520601858,1.1219306084687626
2020-08-20 23:00:00+00:00,1.1221148583196825,1.1374954274499178,1.120856076695824,1.1213389584689137
2020-08-23 23:00:00+00:00,1.1339535867014239,1.1351663584957108,1.1276711424502244,1.1340402058536359
2020-08-24 23:00:00+00:00,1.1339530864747471,1.134246748275535,1.1265645930541293,1.1327759353910738
2020-08-25 23:00:00+00:00,1.1283584906809603,1.1337006153937956,1.125954591156733,1.1282389448660377
2020-08-26 23:00:00+00:00,1.122029488712966,1.1315628853559598,1.117936260206346,1.1239811064034615
2020-08-27 23:00:00+00:00,1.1257699282440106,1.1261679083692115,1.1097520460381585,1.1257647600112668
2020-08-30 23:00:00+00:00,1.1120447050451787,1.1160540200940103,1.1105212275324392,1.1116529924148786
2020-08-31 23:00:00+00:00,1.1150867196489842,1.118844392218347,1.1090204006007984,1.1157720192716791
2020-09-01 23:00:00+00:00,1.1187178545786376,1.1265872194403834,1.1181817102153115,1.1191695454724158
2020-09-02 23:00:00+00:00,1.1244938669689508,1.132138145829019,1.1246245058072455,1.1243802889017493
2020-09-03 23:00:00+00:00,1.1268210031085262,1.1350076835591767,1.1251909853088224,1.127899416031376
2020-09-06 23:00:00+00:00,1.1271808380159494,1.1323889364036261,1.1253961132418724,1.1273130188861036
2020-09-07 23:00:00+00:00,1.1305368368754836,1.1391886847102777,1.1304200052618483,1.1312370571147554
2020-09-08 23:00:00+00:00,1.1390101922735214,1.1423762593814948,1.12919885654917,1.1397125773540675
2020-09-09 23:00:00+00:00,1.1280493657142125,1.129946095116667,1.1205254598450498,1.1270237709842867
2020-09-10 23:00:00+00:00,1.1294861083254069,1.1332782836101691,1.1260689115426725,1.130671485694608
2020-09-13 23:00:00+00:00,1.1310885821127847,1.133405598351211,1.1293278265460458,1.1326534253604525
2020-09-14 23:00:00+00:00,1.1317677651682208,1.134788638860035,1.1271236149421076,1.130770788318246
2020-09-15 23:00:00+00:00,1.13493874492156,1.1365917081937775,1.1305985694700793,1.1339193344051666
2020-09-16 23:00:00+00:00,1.1360089363823562,1.143117036116524,1.1352310217772883,1.1365051029887545
2020-09-17 23:00:00+00:00,1.1316739466412207,1.1339886947873088,1.1289826910165324,1.132116609664919
2020-09-20 23:00:00+00:00,1.1313917131194944,1.1463372762936275,1.124999992308681,1.130854934459658
2020-09-21 23:00:00+00:00,1.1412121960154602,1.1497399615358042,1.1403216367971694,1.1408328133177479
2020-09-22 23:00:00+00:00,1.1500452103153351,1.159038972207745,1.1487579164928572,1.1487619486168406
2020-09-23 23:00:00+00:00,1.1625184716928787,1.1801171999081812,1.1596840832390864,1.1601814539574242
2020-09-24 23:00:00+00:00,1.1744532040520421,1.1821708874395356,1.1711772802739222,1.1736103180916075
2020-09-27 23:00:00+00:00,1.1780180161999119,1.1790719708970183,1.1650561131304609,1.177428336970781
2020-09-28 23:00:00+00:00,1.1649161308042464,1.1675467314881487,1.156874332743635,1.1648571494316973
2020-09-29 23:00:00+00:00,1.156778193446932,1.165483961449177,1.153183612579566,1.1568878380562657
2020-09-30 23:00:00+00:00,1.1514271926755182,1.1563370919713363,1.148423559327947,1.1512548239623674
2020-10-01 23:00:00+00:00,1.1475180951272272,1.1565298932841055,1.1462602569033151,1.1476129101168724
2020-10-04 23:00:00+00:00,1.15027101578251,1.1509766567928963,1.1455591605839888,1.150882597892515
2020-10-05 23:00:00+00:00,1.1471168213793546,1.1517947438278362,1.1456550111529882,1.1466233976703701
2020-10-06 23:00:00+00:00,1.1530457687617,1.1560863232846168,1.145693005143486,1.153989135847924
2020-10-07 23:00:00+00:00,1.1454899637164182,1.1472928386214665,1.1429824782709022,1.1453426603614412
2020-10-08 23:00:00+00:00,1.1424341454764675,1.1431893743911656,1.1334812385620028,1.142113947116866
2020-10-11 23:00:00+00:00,1.1356366362844663,1.1378894903729304,1.1327482344054145,1.135317752182597
2020-10-12 23:00:00+00:00,1.1343001871280305,1.1379209046063177,1.1294888187818843,1.1347788824482423
2020-10-13 23:00:00+00:00,1.137663142459682,1.140005159151206,1.1348023430466805,1.1377689258660664
2020-10-14 23:00:00+00:00,1.138178099361777,1.147098085669523,1.136459524895524,1.1386889195057397
2020-10-15 23:00:00+00:00,1.1436250847396725,1.1465617828364587,1.1370987446598404,1.1454082710955884
2020-10-18 23:00:00+00:00,1.1411401448999388,1.1417877290370624,1.1329341159672242,1.1408910875555311
2020-10-19 23:00:00+00:00,1.1391215820683238,1.1401726414021343,1.127992045925318,1.1392482494624794
2020-10-20 23:00:00+00:00,1.1274217870809398,1.129001117772584,1.1224448658828012,1.1276446753687763
2020-10-21 23:00:00+00:00,1.128184959586452,1.1330362596018473,1.1257468251107121,1.1282510288103824
2020-10-22 23:00:00+00:00,1.129968786089201,1.133296024728168,1.1267863280490007,1.130112861608431
2020-10-26 00:00:00+00:00,1.129896190182082,1.1328409915840907,1.1264177455755644,1.1299585472162472
2020-10-27 00:00:00+00:00,1.1272714705093572,1.1296952473244692,1.1221337978091592,1.1272175369222572
2020-10-28 00:00:00+00:00,1.1274288358703413,1.1432570491906147,1.1251016240840757,1.127391430121447
2020-10-29 00:00:00+00:00,1.1412949302467006,1.1535606038617279,1.1382709626228578,1.1412149456923333
2020-10-30 00:00:00+00:00,1.1491407968229883,1.1534318988212218,1.141659148478701,1.1500084861355493
2020-11-02 00:00:00+00:00,1.1489216546223144,1.151465446566877,1.1453820100985372,1.1490353270563574
2020-11-03 00:00:00+00:00,1.1484827589473676,1.149938100975068,1.1382012294130293,1.1485744254469004
2020-11-04 00:00:00+00:00,1.131607520999126,1.1522285424667005,1.131173216113124,1.131589922376733
2020-11-05 00:00:00+00:00,1.13156269879361,1.1347647989812994,1.1177017542888528,1.1323535181219366
2020-11-06 00:00:00+00:00,1.1210355430603336,1.124353643071382,1.1124419893689672,1.1207657367382395
2020-11-09 00:00:00+00:00,1.1123726228085287,1.1154291148132038,1.1033206239500735,1.1124136465191201
2020-11-10 00:00:00+00:00,1.1118437587382068,1.1154504749648957,1.1098609344359505,1.1116924428804118
2020-11-11 00:00:00+00:00,1.1100738855621537,1.1184327827271714,1.108575423449472,1.1101088172192723
2020-11-12 00:00:00+00:00,1.11318737717364,1.117937324455755,1.1086677278532449,1.1135599619044878
2020-11-13 00:00:00+00:00,1.1145920313804323,1.12236639627754,1.1126831008438507,1.1140926233002453
2020-11-16 00:00:00+00:00,1.118326368149535,1.1191660583053935,1.1123738927874858,1.1180601493290379
2020-11-17 00:00:00+00:00,1.1104196321903943,1.1138359652332033,1.1078298160561812,1.1104799626419584
2020-11-18 00:00:00+00:00,1.1114737321928772,1.113528422065912,1.1066673351606184,1.1119424421490578
2020-11-19 00:00:00+00:00,1.1086444296681672,1.1162787036680604,1.1076863093834939,1.1093767818468898
2020-11-20 00:00:00+00:00,1.1081690994338096,1.11214619002445,1.1058802904621745,1.1087866620913853
2020-11-23 00:00:00+00:00,1.1107222267466765,1.1180372173334192,1.1066106395878006,1.1104718044093012
2020-11-24 00:00:00+00:00,1.112315230089532,1.112913991192462,1.1045517805845309,1.1122429208548255
2020-11-25 00:00:00+00:00,1.101105668699,1.1027398591601623,1.0970556168105234,1.1005598964164562
2020-11-26 00:00:00+00:00,1.0957922750308513,1.102716900290183,1.0940076607494205,1.0948683329764255
2020-11-27 00:00:00+00:00,1.0991303521828804,1.1013714189538002,1.0954476013518897,1.0999277979938473
2020-11-30 00:00:00+00:00,1.0965061059596815,1.1044227622654803,1.0894181788156847,1.0962934835264908
2020-12-01 00:00:00+00:00,1.1048544685512627,1.1057731546240364,1.0944058114472544,1.1049307352985145
2020-12-02 00:00:00+00:00,1.0936992217986912,1.1023099590341459,1.092075794156993,1.0944465286859812
2020-12-03 00:00:00+00:00,1.0920404129283428,1.0958218653225684,1.0866635869122867,1.0907972518136975
2020-12-04 00:00:00+00:00,1.0899780354120538,1.0908832550784477,1.0858743123049852,1.0895474101139648
2020-12-07 00:00:00+00:00,1.091471875635616,1.0992065735512009,1.077802309223574,1.0910757864228886
2020-12-08 00:00:00+00:00,1.0841076936280112,1.095464012248134,1.0822239095110073,1.0834481008029355
2020-12-09 00:00:00+00:00,1.0919185111750154,1.096920948451039,1.0878198538326103,1.0915217944684679
2020-12-10 00:00:00+00:00,1.0957541837925158,1.095957625956316,1.0873697155865467,1.0957696858706862
2020-12-11 00:00:00+00:00,1.089262557806832,1.0948618548299738,1.085808597306422,1.0892345446404026
2020-12-14 00:00:00+00:00,1.0874419002371205,1.0913781869694483,1.0791252551134187,1.087364336402291
2020-12-15 00:00:00+00:00,1.0837325333462269,1.0859602091368354,1.0801594329631858,1.083608596134799
2020-12-16 00:00:00+00:00,1.081130914056649,1.0819837631495024,1.0743010530296981,1.0806584501377845
2020-12-17 00:00:00+00:00,1.0762754331764584,1.0772077065396461,1.0633113941930437,1.0764546258507084
2020-12-18 00:00:00+00:00,1.0677225061601674,1.0710444059516577,1.0631990552943984,1.0676952664558117
2020-12-21 00:00:00+00:00,1.0688491124607942,1.0871229961980227,1.0647715961862132,1.0685487779853822
2020-12-22 00:00:00+00:00,1.0642709179029202,1.0756680092676243,1.0629144175175003,1.064298157929504
2020-12-23 00:00:00+00:00,1.0734673793975984,1.0760430028750627,1.0676084642440413,1.0740408900492613
2020-12-24 00:00:00+00:00,1.0683761630006046,1.0685660530854195,1.0646482474098957,1.0690822670143216
2020-12-25 00:00:00+00:00,1.058867297115268,1.0692440772755851,1.0293064898147872,1.0586086008547804
2020-12-28 00:00:00+00:00,1.064795576729021,1.0692336013778152,1.0595740421996307,1.0648715683473855
2020-12-29 00:00:00+00:00,1.0653872063065566,1.0660923360586734,1.0548574627913676,1.0652400373249624
2020-12-30 00:00:00+00:00,1.0576486713015263,1.0588007248535893,1.053041953071314,1.058148554988016
2020-12-31 00:00:00+00:00,1.0564562183170447,1.0597971131817394,1.0512331845944558,1.056318376134092
2021-01-01 00:00:00+00:00,1.001352982068052,1.0650223844428537,1.0016759773786734,1.051518056458695
2021-01-04 00:00:00+00:00,1.057280350840096,1.0637854725972373,1.0527593448683905,1.0571262863454873
2021-01-05 00:00:00+00:00,1.0624668024215442,1.0642561364917233,1.0550166808734063,1.063989316611622
2021-01-06 00:00:00+00:00,1.0549995079587668,1.0590791000492734,1.0478669661408522,1.0543872063532775
2021-01-07 00:00:00+00:00,1.052393838826415,1.0614676535732008,1.0463131423388863,1.05229014558697
2021-01-08 00:00:00+00:00,1.0562033882001638,1.0615507045555608,1.0542368375552067,1.0561550342608708
2021-01-11 00:00:00+00:00,1.065060579694941,1.0733521990179098,1.063243193843466,1.065169823904746
2021-01-12 00:00:00+00:00,1.0694650957713592,1.072440563203488,1.066378607013579,1.0695091739399025
2021-01-13 00:00:00+00:00,1.0627631524896497,1.0775923428111471,1.0613341956842395,1.0628700111090579
2021-01-14 00:00:00+00:00,1.0759091370067306,1.0776266259892882,1.0710609563117404,1.0749516391638947
2021-01-15 00:00:00+00:00,1.0721463312598225,1.083197785718098,1.070267547420474,1.0717509779891177
2021-01-18 00:00:00+00:00,1.0842563080943957,1.0870456881110355,1.0813028107528209,1.0841813991659404
2021-01-19 00:00:00+00:00,1.0828964353007542,1.0828335670728182,1.0722330827169426,1.0827695117706777
2021-01-20 00:00:00+00:00,1.075080149694779,1.0813242059684602,1.072792413424232,1.073984996075556
2021-01-21 00:00:00+00:00,1.0757057915157195,1.0760576925974912,1.0660611443205887,1.0755282913146658
2021-01-22 00:00:00+00:00,1.0669707214127608,1.0706402686545133,1.0654045663127427,1.0667268772326368
2021-01-25 00:00:00+00:00,1.0700622171469036,1.0734105202452648,1.06460524302465,1.0702929299602608
2021-01-26 00:00:00+00:00,1.0684508333723441,1.074745825665957,1.066840940515206,1.0686069962199487
2021-01-27 00:00:00+00:00,1.0704129113210334,1.083344737855199,1.0690156681306398,1.070531633114227
2021-01-28 00:00:00+00:00,1.0782554125519794,1.082965899621823,1.0734566433521262,1.0793959477766584
2021-01-29 00:00:00+00:00,1.0756244859136734,1.080569166888056,1.072539663588038,1.0762565356967584
2021-02-01 00:00:00+00:00,1.0807439075318854,1.0866491930091022,1.0771678611585633,1.080637472203694
2021-02-02 00:00:00+00:00,1.0857016754329736,1.0892191484161782,1.0825883928688973,1.0856587997495206
2021-02-03 00:00:00+00:00,1.0833397720354945,1.088287606275023,1.0809297927832042,1.0832544787186047
2021-02-04 00:00:00+00:00,1.0832376860446904,1.0918639270788661,1.0818052153660036,1.0829207465502595
2021-02-05 00:00:00+00:00,1.090727516917228,1.0935406157251895,1.080773618828255,1.0907165387791775
2021-02-08 00:00:00+00:00,1.0800067264899458,1.0854345572335882,1.07957097511745,1.080081684887035
2021-02-09 00:00:00+00:00,1.0822231753537332,1.08220680317784,1.0747432450838859,1.0821006474480335
2021-02-10 00:00:00+00:00,1.0739133440958717,1.0746981327035205,1.0680134873175613,1.0735549058810634
2021-02-11 00:00:00+00:00,1.0730463436600686,1.0742145013182642,1.069992996843505,1.0726696569506018
2021-02-12 00:00:00+00:00,1.0721960053194175,1.0763637369850716,1.0706014984500531,1.0730030094860625
2021-02-15 00:00:00+00:00,1.0707030087614229,1.0711292089404676,1.0660680627734407,1.070893907082969
2021-02-16 00:00:00+00:00,1.066764792445832,1.070132368867476,1.0645415068130888,1.0679580741177404
2021-02-17 00:00:00+00:00,1.069769684861376,1.076938680065726,1.069379763511801,1.070618411801721
2021-02-18 00:00:00+00:00,1.0734492120097054,1.076876913186586,1.0702938673004154,1.0730344760182433
2021-02-19 00:00:00+00:00,1.0715948332624858,1.0728315540385382,1.0656794053105498,1.071525081801855
2021-02-22 00:00:00+00:00,1.0664807517683073,1.0713502479534713,1.0639183602422277,1.0662126326866948
2021-02-23 00:00:00+00:00,1.0664983366359944,1.0717613505648784,1.064087547797816,1.0662896346261386
2021-02-24 00:00:00+00:00,1.0675994552344206,1.074569628381544,1.0642699596026535,1.0675853440470815
2021-02-25 00:00:00+00:00,1.0661890875215025,1.068060143622376,1.0579919797279012,1.0659952596070743
2021-02-26 00:00:00+00:00,1.0689778060828994,1.0856854869072075,1.0678467292175011,1.0710081423115905
2021-03-01 00:00:00+00:00,1.085399293227132,1.0945041732008012,1.0821871963985525,1.0852344675117318
2021-03-02 00:00:00+00:00,1.0849411534397988,1.0915617928728,1.0814915385293133,1.084112261005029
2021-03-03 00:00:00+00:00,1.079229346886418,1.084844334160992,1.0773196041088318,1.0790713216189314
2021-03-04 00:00:00+00:00,1.0870815079668563,1.0897250337781053,1.0843726907551514,1.0869456237802797
2021-03-05 00:00:00+00:00,1.0953964389898434,1.1028418302607443,1.0942942095466621,1.0937996238054644
2021-03-08 00:00:00+00:00,1.0974518828472442,1.1053783733544131,1.096780558730754,1.0972686727051646
2021-03-09 00:00:00+00:00,1.1041589279624742,1.106134056435396,1.0943824708929917,1.1042457974848898
2021-03-10 00:00:00+00:00,1.09509727729736,1.0993870210288093,1.0934268446225612,1.0948484884415077
2021-03-11 00:00:00+00:00,1.0925848786366728,1.0954580417649398,1.0880789631962196,1.092544908807372
2021-03-12 00:00:00+00:00,1.0889079147523857,1.0976450635765482,1.0860944551029101,1.0886848081621365
2021-03-15 00:00:00+00:00,1.0929950319083346,1.100598646058807,1.0901773749592276,1.092925765275832
2021-03-16 00:00:00+00:00,1.0965587746713394,1.0990176426493259,1.0922343863236132,1.0962667245927047
2021-03-17 00:00:00+00:00,1.0943618687472692,1.098181159164934,1.0910880115238095,1.0946453457686476
2021-03-18 00:00:00+00:00,1.087005297788031,1.0981331578019857,1.0861538971819853,1.08765618105934
2021-03-19 00:00:00+00:00,1.0966192498857437,1.1042704406334278,1.0930077209138878,1.0955729725278298
2021-03-22 00:00:00+00:00,1.1019423142331843,1.104130029987059,1.0952516114832476,1.1020289335341737
2021-03-23 00:00:00+00:00,1.0958572975553853,1.1046653235907846,1.0932222739017008,1.095410717970895
2021-03-24 00:00:00+00:00,1.107717824817521,1.111364820693177,1.1041513399765857,1.107715640909104
2021-03-25 00:00:00+00:00,1.1092280032581627,1.1159030718185525,1.1047994461332273,1.1086721633221774
2021-03-26 00:00:00+00:00,1.1121346137592074,1.1144197476707247,1.1107512562965214,1.1129128033473215
2021-03-28 23:00:00+00:00,1.1121008332390163,1.120035752206593,1.1115951635051693,1.1126885143611531
2021-03-29 23:00:00+00:00,1.1166107267780754,1.1268949666213368,1.1159687845790074,1.1168392861218082
2021-03-30 23:00:00+00:00,1.1228948984110765,1.1254572029801864,1.1200530422975883,1.1212354444216577
2021-03-31 23:00:00+00:00,1.1226940569142352,1.1263580738905987,1.1207209612292932,1.1228301454684044
2021-04-01 23:00:00+00:00,1.1208604226376078,1.1234157322220475,1.1196059204422177,1.1208013047633736
2021-04-04 23:00:00+00:00,1.121448835981928,1.1260681365870886,1.1184674143593647,1.1212962146502774
2021-04-05 23:00:00+00:00,1.1186596359820846,1.1210124019471495,1.1104614708309497,1.1179385938660589
2021-04-06 23:00:00+00:00,1.1056337527232876,1.1085135251656169,1.1048984686670509,1.1075411281245988
2021-04-07 23:00:00+00:00,1.108378070635434,1.1090536936705615,1.0992387186945876,1.108256430932278
2021-04-08 23:00:00+00:00,1.0976332583616004,1.102359221164649,1.095980234367987,1.0976550864545769
2021-04-11 23:00:00+00:00,1.098327250352818,1.1028720147190212,1.0967144296432405,1.0980886135589407
2021-04-12 23:00:00+00:00,1.1022480509034875,1.1051131662877813,1.094472025538489,1.1027420602586382
2021-04-13 23:00:00+00:00,1.0947161052954526,1.0947166007697595,1.088188707257748,1.0942390903575023
2021-04-14 23:00:00+00:00,1.0899775154612292,1.091438218642508,1.0869284777443267,1.089229807212491
2021-04-15 23:00:00+00:00,1.0866867303932797,1.0890427081165133,1.0838894345908685,1.086809829754686
2021-04-18 23:00:00+00:00,1.0867368439654257,1.0902563350090593,1.0783407432808445,1.0866987570459508
2021-04-19 23:00:00+00:00,1.079771157664647,1.0864902301085915,1.0765909563458105,1.0806611112110616
2021-04-20 23:00:00+00:00,1.087159445484368,1.0919740096494108,1.0836894100204209,1.086300682858247
2021-04-21 23:00:00+00:00,1.0825705712464497,1.0875560877031285,1.0808332011465922,1.082597553914534
2021-04-22 23:00:00+00:00,1.0861342233369322,1.0864004729304564,1.0818554267943912,1.0857542945110241
2021-04-25 23:00:00+00:00,1.0812569464724777,1.0818892314339104,1.0779532940652061,1.081272813412955
2021-04-26 23:00:00+00:00,1.0806262483910856,1.0845419508643277,1.078790645885207,1.080414606064825
2021-04-27 23:00:00+00:00,1.0779253553010268,1.0814418850069272,1.076315572175103,1.0784689929302194
2021-04-28 23:00:00+00:00,1.073377490701104,1.079639097663087,1.0706093235985792,1.0733278403443272
2021-04-29 23:00:00+00:00,1.0778204854175726,1.0889938079706594,1.075819720719925,1.077693513306373
2021-05-02 23:00:00+00:00,1.090011149946178,1.0912701893494532,1.0828643731464358,1.089731927977132
2021-05-03 23:00:00+00:00,1.0839821080618834,1.0935116024416527,1.0834694512372065,1.0840730579297502
2021-05-04 23:00:00+00:00,1.0909510568205159,1.094651904453734,1.0895298915729443,1.0899052940343823
2021-05-05 23:00:00+00:00,1.090834137121666,1.0941603816405803,1.0857815791822643,1.0915696182892023
2021-05-06 23:00:00+00:00,1.0843772099850488,1.0853338850615235,1.0700746791111795,1.0838444509810758
2021-05-09 23:00:00+00:00,1.069385071346579,1.0731802312892134,1.0690050844558858,1.0692463865721245
2021-05-10 23:00:00+00:00,1.0730399366499743,1.0757662592522748,1.0682705236655612,1.0711210342680506
2021-05-11 23:00:00+00:00,1.070994609570774,1.0835982616162574,1.0697075237393103,1.0709152255898584
2021-05-12 23:00:00+00:00,1.0848767924065608,1.0881566886294827,1.0803918124213352,1.0847552763906103
2021-05-13 23:00:00+00:00,1.0814489476484073,1.083573629260466,1.0738012294647863,1.0819810138039627
2021-05-16 23:00:00+00:00,1.0714746197522727,1.0771862673455597,1.071582184579615,1.0712418853976233
2021-05-17 23:00:00+00:00,1.072656232491299,1.0727580818948979,1.0658915238106585,1.0723820797724821
2021-05-18 23:00:00+00:00,1.0661179816821027,1.0736636425602335,1.064334078846904,1.0666902465975665
2021-05-19 23:00:00+00:00,1.075567299594059,1.0762117850543707,1.068816387283425,1.0757858426487161
2021-05-20 23:00:00+00:00,1.0699401725226059,1.0721574592429226,1.0655753839892863,1.068109949410651
2021-05-23 23:00:00+00:00,1.071449264458635,1.0734487627375813,1.070002231575086,1.0714147791954727
2021-05-24 23:00:00+00:00,1.0711332619333502,1.0712914742280337,1.062424294254731,1.0701527026125741
2021-05-25 23:00:00+00:00,1.0637849341199923,1.0713806115621387,1.0618768363940234,1.0632399422524847
2021-05-26 23:00:00+00:00,1.0714094198013435,1.0724809488169424,1.067433536902255,1.071368567078212
2021-05-27 23:00:00+00:00,1.0666971683174364,1.0746676087431528,1.0665884169717097,1.0665450287378517
2021-05-30 23:00:00+00:00,1.0704333752413964,1.0717687130618292,1.0677461614863275,1.0705450663754557
2021-05-31 23:00:00+00:00,1.0667151741322574,1.068553084278419,1.0627964252455235,1.066683411160619
2021-06-01 23:00:00+00:00,1.0651071275177,1.0693741820212708,1.0644996663374808,1.0653675939278606
2021-06-02 23:00:00+00:00,1.0658597732746504,1.0746716872730553,1.0648093813159303,1.0658017156023691
2021-06-03 23:00:00+00:00,1.073166048274653,1.0766520643594657,1.065726319889714,1.0735254265519873
2021-06-06 23:00:00+00:00,1.0668312145215204,1.0688250570590354,1.0642607843531453,1.066592877093212
2021-06-07 23:00:00+00:00,1.0647270960101118,1.0677654403677053,1.0638451244658471,1.0642476485387182
2021-06-08 23:00:00+00:00,1.065972406789356,1.0667659288893008,1.0614300252970301,1.0658943461616452
2021-06-09 23:00:00+00:00,1.0652894106328914,1.0678612259388387,1.0623849288018903,1.065186832904221
2021-06-10 23:00:00+00:00,1.0625448627049152,1.0728832959045238,1.0611866450193674,1.063128680964142
2021-06-13 23:00:00+00:00,1.0716166822968616,1.0738396409343933,1.0701188175851206,1.0716458049281177
2021-06-14 23:00:00+00:00,1.0715022287007312,1.074100225845662,1.0684585636319768,1.071540808156041
2021-06-15 23:00:00+00:00,1.071711996499304,1.0789390165528596,1.0719465435082107,1.0720719364972235
2021-06-16 23:00:00+00:00,1.0875990093855799,1.101301630565936,1.0871085220584722,1.0875080658461744
2021-06-17 23:00:00+00:00,1.1010831781553636,1.1125691313863417,1.099867339768569,1.1010481644685326
2021-06-20 23:00:00+00:00,1.1085749028880256,1.1124087630686426,1.0989329964527408,1.1085247937942142
2021-06-21 23:00:00+00:00,1.0989362650729966,1.1028696072226802,1.0949454672093841,1.0993107907176232
2021-06-22 23:00:00+00:00,1.0911990506236238,1.093951234762782,1.0890898725332814,1.091822206744009
2021-06-23 23:00:00+00:00,1.0915236627027465,1.0931494001957383,1.0888514646184004,1.0921355813587452
2021-06-24 23:00:00+00:00,1.0918860045277756,1.0931702480792704,1.0879702759539647,1.0915650805325319
2021-06-27 23:00:00+00:00,1.0938857859321551,1.0970334207369954,1.0901193094408055,1.0937263548291256
2021-06-28 23:00:00+00:00,1.095920271073632,1.1014295165665366,1.0957445913108206,1.0962760438901629
2021-06-29 23:00:00+00:00,1.097278269767739,1.102516440786584,1.0948599182571885,1.0971996496490963
2021-06-30 23:00:00+00:00,1.0988846306977769,1.1055693447827142,1.098941254447778,1.0988658569531506
2021-07-01 23:00:00+00:00,1.1049404157709808,1.1070282028548113,1.1008095142177767,1.104948765329231
2021-07-04 23:00:00+00:00,1.1009902468672312,1.1019226920106453,1.098993182882451,1.1005699812184122
2021-07-05 23:00:00+00:00,1.1002003586036546,1.1056161113223582,1.096922341126375,1.1000720836066702
2021-07-06 23:00:00+00:00,1.106053479791457,1.1128387330213425,1.103412459519467,1.105727589770918
2021-07-07 23:00:00+00:00,1.10953816710669,1.1120296217851258,1.1027551751695488,1.1102358913060735
2021-07-08 23:00:00+00:00,1.1042405768233463,1.108703233877659,1.1040600879034754,1.1061575754718465
2021-07-11 23:00:00+00:00,1.1042746321940686,1.1095741460678001,1.1022303965332232,1.1046995826681842
2021-07-12 23:00:00+00:00,1.1050362629425754,1.1133656127299993,1.1030575922609318,1.1051414148806737
2021-07-13 23:00:00+00:00,1.113723212849936,1.115941243427828,1.1095926309982802,1.1144244656396636
2021-07-14 23:00:00+00:00,1.1095445226879055,1.1159810053256412,1.1092238810002444,1.1099355091759109
2021-07-15 23:00:00+00:00,1.1152835710326732,1.1182991565102072,1.1139336794334045,1.1153567297978628
2021-07-18 23:00:00+00:00,1.1173582578627093,1.1228480137404129,1.1160403197772046,1.1172091535172066
2021-07-19 23:00:00+00:00,1.1179683713779145,1.1232845587483402,1.1165703907555977,1.1183033195369831
2021-07-20 23:00:00+00:00,1.1186761025106942,1.1231977240070268,1.1173894916392988,1.1186908171404935
2021-07-21 23:00:00+00:00,1.1175520053829262,1.1187768912540246,1.1123699477305407,1.117491303460414
2021-07-22 23:00:00+00:00,1.1169518709817878,1.119753112705466,1.1160862605333897,1.1166312956233382
2021-07-25 23:00:00+00:00,1.118817613510786,1.1182970136069477,1.1097005116825989,1.1188716230220987
2021-07-26 23:00:00+00:00,1.108727551941278,1.1121690818101713,1.1052220717588326,1.108109161798152
2021-07-27 23:00:00+00:00,1.1075751850317497,1.1115272330963835,1.1076404456220048,1.107614398190907
2021-07-28 23:00:00+00:00,1.1042278791914044,1.1050830617863445,1.0996087927436116,1.1042863496483493
2021-07-29 23:00:00+00:00,1.1007863047750421,1.1068157891896717,1.0991119843783974,1.1005850583815666
2021-08-01 23:00:00+00:00,1.106298257988168,1.1068585813280225,1.1020896384674013,1.106173372742039
2021-08-02 23:00:00+00:00,1.1051250608728604,1.1074304528702485,1.1022448427394296,1.1053237386242247
2021-08-03 23:00:00+00:00,1.1060341291655196,1.1070913956896946,1.1014871119195735,1.1059790514404226
2021-08-04 23:00:00+00:00,1.107143665322437,1.1079300700406844,1.1056189401006082,1.1071538912986285
2021-08-05 23:00:00+00:00,1.1074533674370457,1.11361634180414,1.106718827992918,1.107380384014697
2021-08-08 23:00:00+00:00,1.1155821273430606,1.1188347272710233,1.1131248171615529,1.1156319995351875
2021-08-09 23:00:00+00:00,1.1185896644527298,1.1206353842736425,1.1180711322357777,1.1184013766650183
2021-08-10 23:00:00+00:00,1.1206937453550514,1.1222519001770976,1.1165379093775847,1.1205773106921122
2021-08-11 23:00:00+00:00,1.1148792800635094,1.1172756545932874,1.113026739239918,1.116020525214401
2021-08-12 23:00:00+00:00,1.1155617017954589,1.117107114723756,1.109474777412973,1.1160305414611538
2021-08-15 23:00:00+00:00,1.1095063765375184,1.1131596985243213,1.109089749325226,1.1095191212794544
2021-08-16 23:00:00+00:00,1.1107257718174333,1.1224426768808276,1.1107728563189327,1.11110732669405
2021-08-17 23:00:00+00:00,1.1229236140638696,1.1240377334158325,1.1187680090144367,1.1239250922962447
2021-08-18 23:00:00+00:00,1.1217482029365302,1.130387463931414,1.1205349060013565,1.121737575777243
2021-08-19 23:00:00+00:00,1.1303469015767975,1.1361065875026344,1.1283914962138897,1.1298346134834316
2021-08-22 23:00:00+00:00,1.1301085804001985,1.1301227883806926,1.1185853797246528,1.1302255809553783
2021-08-23 23:00:00+00:00,1.1182542164494005,1.1194539361924047,1.1138176491733733,1.1183171288915599
2021-08-24 23:00:00+00:00,1.1154827578184028,1.1196343047951427,1.1154039770904454,1.1148989113530328
2021-08-25 23:00:00+00:00,1.1159537315950019,1.1206080192539676,1.1153306290605067,1.1158386204455346
2021-08-26 23:00:00+00:00,1.1172061646744618,1.1194740477449179,1.1096055988058129,1.1178744588479508
2021-08-29 23:00:00+00:00,1.1086856025329461,1.1106234392715726,1.1060189437640957,1.1088374079784287
2021-08-30 23:00:00+00:00,1.1075525896333835,1.1098059780786311,1.103098568059263,1.1075511654085362
2021-08-31 23:00:00+00:00,1.1079211343646627,1.1113248122048347,1.1055717455312386,1.1078953855634688
2021-09-01 23:00:00+00:00,1.1074053481203046,1.108052026266688,1.1032674078610938,1.1076085838168825
2021-09-02 23:00:00+00:00,1.1030025639837748,1.1035158199290995,1.098194346276958,1.1024718807700964
2021-09-05 23:00:00+00:00,1.099951622653754,1.1033119963730766,1.0993365357451155,1.0996898892405471
2021-09-06 23:00:00+00:00,1.1007051672970491,1.1039869652776595,1.0990025404459276,1.1007614660480263
2021-09-07 23:00:00+00:00,1.1049336379757322,1.1094187528987864,1.103991536973418,1.105000004293355
2021-09-08 23:00:00+00:00,1.1095789600468435,1.1110665796279826,1.1057580333830588,1.1090812040241418
2021-09-09 23:00:00+00:00,1.1070565753716597,1.1086671105573442,1.1042037740556934,1.1069801485635793
2021-09-12 23:00:00+00:00,1.1100089947992995,1.1126890944224817,1.1058398441392017,1.109668294561002
2021-09-13 23:00:00+00:00,1.1055308119951028,1.1068404345611118,1.0997171262320589,1.1052840370179629
2021-09-14 23:00:00+00:00,1.1060760029055066,1.106910727932329,1.1013835174671687,1.1059296093338378
2021-09-15 23:00:00+00:00,1.1021768721238128,1.1110539052522757,1.102227734802167,1.1023107164145611
2021-09-16 23:00:00+00:00,1.1075464664973864,1.1160496319857272,1.1057350053807775,1.1072849571280836
2021-09-19 23:00:00+00:00,1.1147031100480962,1.1229065456238674,1.114428015562295,1.114588517447115
2021-09-20 23:00:00+00:00,1.1137471597043165,1.1148521790070782,1.1112623907421766,1.1135682175675552
2021-09-21 23:00:00+00:00,1.1157145845642522,1.1169101520526146,1.1100079799385352,1.1157901750476464
2021-09-22 23:00:00+00:00,1.1168218907193599,1.1174138368693105,1.1073128992462202,1.1162325455684297
2021-09-23 23:00:00+00:00,1.108453794503113,1.1131031915767258,1.107274266891587,1.1081609908941206
2021-09-26 23:00:00+00:00,1.1093927286538319,1.1182601231283231,1.1073127775545435,1.1093727998426162
2021-09-27 23:00:00+00:00,1.117925863820556,1.1240065764896743,1.1168093095757154,1.1186349543133431
2021-09-28 23:00:00+00:00,1.121634748433578,1.1293030002238813,1.1205210840139754,1.121752584557877
2021-09-29 23:00:00+00:00,1.1296022036835576,1.1308671075649448,1.122368039233067,1.1295367699005605
2021-09-30 23:00:00+00:00,1.1248317598460567,1.12846796149762,1.1226766195491713,1.1254266792147014
2021-10-03 23:00:00+00:00,1.1222720946718772,1.1242614491341334,1.1174625641887583,1.122306134572413
2021-10-04 23:00:00+00:00,1.12081555684254,1.1242168101647276,1.1197512026156564,1.120069662289628
2021-10-05 23:00:00+00:00,1.122222714251039,1.1333214141389403,1.1220288187573393,1.1227885286249357
2021-10-06 23:00:00+00:00,1.1301233370902697,1.131108313268063,1.1260165617282654,1.1300774884556708
2021-10-07 23:00:00+00:00,1.127745060914782,1.1307231322510973,1.1190664227618816,1.1272046152051003
2021-10-10 23:00:00+00:00,1.123064455070365,1.125361309184985,1.120329262834034,1.123141515455569
2021-10-11 23:00:00+00:00,1.1276434250820015,1.1279390619963348,1.1236606636829427,1.1276076250689024
2021-10-12 23:00:00+00:00,1.1285755019118306,1.128818362808963,1.1190584312647565,1.1287652367970433
2021-10-13 23:00:00+00:00,1.1165905334580104,1.1172488832978527,1.1056623035471227,1.1163428946366993
2021-10-14 23:00:00+00:00,1.1095135493494654,1.1114847678176343,1.106751036174669,1.1094256825486124
2021-10-17 23:00:00+00:00,1.1066172841867554,1.1141479856410874,1.1068122265119502,1.1065106133219158
2021-10-18 23:00:00+00:00,1.1133954429741508,1.1132036610579092,1.1044182923924155,1.1135350836113553
2021-10-19 23:00:00+00:00,1.1088860632690662,1.1103612038378445,1.1045616652063737,1.109612651530749
2021-10-20 23:00:00+00:00,1.1044124059855895,1.107107462725187,1.1018732284238388,1.1043775694855633
2021-10-21 23:00:00+00:00,1.1064074260826668,1.1065678095374176,1.101388669388364,1.1060679998824943
2021-10-24 23:00:00+00:00,1.1036037075091267,1.1094772592834485,1.100955962765215,1.1042937287936678
2021-10-25 23:00:00+00:00,1.10619470600614,1.1093680987948893,1.104766218520911,1.1070006815595692
2021-10-26 23:00:00+00:00,1.107495564321236,1.1092698725769814,1.1019830398352615,1.1070382905878502
2021-10-27 23:00:00+00:00,1.1040290790729825,1.106074505990411,1.096109617400588,1.1035702740947815
2021-10-28 23:00:00+00:00,1.0940689999508928,1.1052648644878154,1.0924513231789856,1.092325803008991
2021-11-01 00:00:00+00:00,1.104589612465184,1.1067501008454352,1.0942982081049486,1.1049480811395949
2021-11-02 00:00:00+00:00,1.0939174829285474,1.101329842257711,1.0936886941040855,1.0940106871726663
2021-11-03 00:00:00+00:00,1.1009870486026085,1.1019683424097193,1.097658309019176,1.1012455964928698
2021-11-04 00:00:00+00:00,1.0957612445194,1.1038537461703783,1.0946158684677603,1.0956598517401046
2021-11-05 00:00:00+00:00,1.102793898969301,1.105454697342578,1.099881798754674,1.1031376166866418
2021-11-08 00:00:00+00:00,1.1007447163366806,1.1070742744545419,1.099561390180159,1.1007176932954972
2021-11-09 00:00:00+00:00,1.100184904038098,1.101989477756504,1.0946059914433843,1.1010056254609797
2021-11-10 00:00:00+00:00,1.098694011555927,1.1132138609450695,1.0988207463993716,1.1005391871389367
2021-11-11 00:00:00+00:00,1.1166499407457449,1.120421696053942,1.1144633707222416,1.1165860940672017
2021-11-12 00:00:00+00:00,1.1173801741352751,1.1238173109903244,1.1155803962677395,1.1179845950941532
2021-11-15 00:00:00+00:00,1.1240765651187397,1.1259737052467618,1.1213387548446547,1.1241261886734812
2021-11-16 00:00:00+00:00,1.1301669851674307,1.1388276299636486,1.1274758897653006,1.1294913814831415
2021-11-17 00:00:00+00:00,1.1425830861041968,1.1467684875187492,1.1349545278710647,1.142528218462482
2021-11-18 00:00:00+00:00,1.1371600744598147,1.1425606422127355,1.1350669426755065,1.137187550257868
2021-11-19 00:00:00+00:00,1.1378538697249938,1.1515283350607115,1.136573235552918,1.1378177563502294
2021-11-22 00:00:00+00:00,1.149560624514202,1.1565423780590043,1.147620721410143,1.1495904989263277
2021-11-23 00:00:00+00:00,1.1532912346712223,1.158759179128562,1.1514850948791489,1.1541705531388138
2021-11-24 00:00:00+00:00,1.1596758368817532,1.1710594621763033,1.1576828286846497,1.159498069512243
2021-11-25 00:00:00+00:00,1.169802411854555,1.169667380528424,1.1615100150011537,1.1694978400014333
2021-11-26 00:00:00+00:00,1.1689288619502263,1.1769004491108577,1.1628879644129155,1.16858003773205
2021-11-29 00:00:00+00:00,1.1732729417698555,1.1741855883781314,1.163823779762802,1.1729511813550484
2021-11-30 00:00:00+00:00,1.1617205803333512,1.1675036423507945,1.1555176695845797,1.1617802993250514
2021-12-01 00:00:00+00:00,1.1575633664451386,1.1607055805442517,1.153360745204315,1.157557640246196
2021-12-02 00:00:00+00:00,1.1657644886048153,1.1666183758476079,1.1588423536424706,1.1660950140334758
2021-12-03 00:00:00+00:00,1.1612890196368828,1.1776865616765209,1.16073710669339,1.161466695478728
2021-12-06 00:00:00+00:00,1.1736234969448016,1.1753599163677981,1.1636836461936129,1.173385545596352
2021-12-07 00:00:00+00:00,1.1656433506010597,1.1712617867733883,1.1609519200349785,1.1656326945485962
2021-12-08 00:00:00+00:00,1.1663717667988218,1.1666884320122743,1.1596148673707933,1.1665255853996175
2021-12-09 00:00:00+00:00,1.1586426587478968,1.1661746821279315,1.1551670804854302,1.1577444424849197
2021-12-10 00:00:00+00:00,1.161810534267523,1.1661382542927698,1.15843714132065,1.1625164745577785
2021-12-13 00:00:00+00:00,1.161285253634916,1.1671809183991322,1.160399426916014,1.1612884014871843
2021-12-14 00:00:00+00:00,1.1645893156229141,1.1720526936448676,1.1619941592766183,1.1653143699463069
2021-12-15 00:00:00+00:00,1.1708575177463065,1.1727880895323632,1.1655983037258673,1.171044311215756
2021-12-16 00:00:00+00:00,1.1624668590629554,1.1657705654660384,1.154334578041307,1.1634797060657218
2021-12-17 00:00:00+00:00,1.1575016755614413,1.1677597482189255,1.1553219509791488,1.1572229594843162
2021-12-20 00:00:00+00:00,1.172880443976387,1.1743821960067793,1.1685525585152958,1.1726673990804248
2021-12-21 00:00:00+00:00,1.1719953058502166,1.1750114112578198,1.1682439754663592,1.1722262419303857
2021-12-22 00:00:00+00:00,1.1691296704675063,1.1741943906876484,1.1639862716095886,1.1700956188950755
2021-12-23 00:00:00+00:00,1.1648203802677672,1.17048012101596,1.162240212369023,1.1641693976359555
2021-12-24 00:00:00+00:00,1.1646314615487388,1.1702417175259343,1.1600123447527189,1.164132869937828
2021-12-27 00:00:00+00:00,1.1688025657445131,1.171381874271874,1.1664495017007233,1.1684922289239053
2021-12-28 00:00:00+00:00,1.167388582078236,1.1679352541136172,1.1591217899499866,1.1654767087505442
2021-12-29 00:00:00+00:00,1.1604283120447367,1.1652327924083659,1.1567590659707505,1.1601859187991188
2021-12-30 00:00:00+00:00,1.1577499877221729,1.1630211304839155,1.156588932416633,1.1576351865839376
2021-12-31 00:00:00+00:00,1.160197518827049,1.1637741924064933,1.1579386402787564,1.1602103607674075
2022-01-03 00:00:00+00:00,1.1605321029831124,1.1699958788470288,1.1584478576708446,1.1601888994276122
2022-01-04 00:00:00+00:00,1.1677203967603083,1.1701866899808246,1.1631457770310578,1.1669659600505398
2022-01-05 00:00:00+00:00,1.1672175874015869,1.1682130095385046,1.1602455826732134,1.1668955150569433
2022-01-06 00:00:00+00:00,1.1691357277040968,1.174165596095338,1.1679048492430664,1.168969444605697
2022-01-07 00:00:00+00:00,1.1716000008313336,1.1731461980983842,1.1618429011316465,1.1723811464772542
2022-01-10 00:00:00+00:00,1.1616080290154096,1.1730517500045248,1.1605170980701105,1.1612428998795887
2022-01-11 00:00:00+00:00,1.167235445608755,1.1673354658345554,1.1607569445718864,1.1673683481658208
2022-01-12 00:00:00+00:00,1.1579322466755195,1.160874287398652,1.1486792971958737,1.1589815820118625
2022-01-13 00:00:00+00:00,1.1480060000439398,1.1486061710029305,1.1426608496822994,1.146495274827656
2022-01-14 00:00:00+00:00,1.146884459867095,1.157139229322139,1.1431260219405261,1.145776285392174
2022-01-17 00:00:00+00:00,1.1591972867992915,1.1605771911671579,1.1564973039569124,1.1595376036265248
2022-01-18 00:00:00+00:00,1.1578040019166578,1.1704192118404102,1.154933874887456,1.157505317506625
2022-01-19 00:00:00+00:00,1.1712017648696245,1.1747889293503941,1.1673615887365576,1.1711156659865358
2022-01-20 00:00:00+00:00,1.1695822797151243,1.1738601096434127,1.1671255195251273,1.1695193916221358
2022-01-21 00:00:00+00:00,1.18458773580428,1.1863355215957259,1.1756219588991113,1.1840143964525267
2022-01-24 00:00:00+00:00,1.180295360538488,1.1985881097020956,1.179920586560973,1.1803003775477863
2022-01-25 00:00:00+00:00,1.1890781007474809,1.1967436107811564,1.1883148461469526,1.188605744051133
2022-01-26 00:00:00+00:00,1.187356017296482,1.1916623533299686,1.1872127517428932,1.1888965734523405
2022-01-27 00:00:00+00:00,1.1951588405918514,1.2042417131206078,1.194222979965926,1.1943263500620624
2022-01-28 00:00:00+00:00,1.2036180060185424,1.216169272047631,1.201868019812309,1.2036934647342277
2022-01-31 00:00:00+00:00,1.2089869598860368,1.2087171697103996,1.1944458993058598,1.208972765299424
2022-02-01 00:00:00+00:00,1.1960712615904356,1.1980837745378108,1.186782625763316,1.1966221834966537
2022-02-02 00:00:00+00:00,1.1846226923815324,1.1880090747492564,1.1745239430042282,1.184532301742327
2022-02-03 00:00:00+00:00,1.1780854932756315,1.183262425696211,1.1663567517555862,1.1801808965652065
2022-02-04 00:00:00+00:00,1.1664372537809071,1.1767569652836396,1.1628840850644435,1.1673414219116074
2022-02-07 00:00:00+00:00,1.1740880158273246,1.176864851028612,1.1706693168063305,1.1739750594064198
2022-02-08 00:00:00+00:00,1.1710029239658721,1.1771268221776723,1.1691592285969974,1.1701503709659642
2022-02-09 00:00:00+00:00,1.1721735576353878,1.173797869555597,1.1650134328688906,1.171898957000955
2022-02-10 00:00:00+00:00,1.1696529068417796,1.190904993920223,1.1613232974951635,1.168965231066619
2022-02-11 00:00:00+00:00,1.1946687943475383,1.1982423141108665,1.1849146675980775,1.1945189507511407
2022-02-14 00:00:00+00:00,1.192551937832488,1.2104706564920387,1.1927598713867569,1.1926704966879846
2022-02-15 00:00:00+00:00,1.2018656684722304,1.202298701829551,1.1866555524877531,1.2029131398076591
2022-02-16 00:00:00+00:00,1.1902144627258608,1.1938395693374795,1.1854003541342095,1.1903615235493838
2022-02-17 00:00:00+00:00,1.1888925465844202,1.2012144797849096,1.1880456649075193,1.1891660298750295
2022-02-18 00:00:00+00:00,1.1971522078435344,1.2051013763090204,1.189229315985967,1.195108455677579
2022-02-21 00:00:00+00:00,1.205347181407266,1.2064323708863793,1.1935141321622587,1.2054504305127274
2022-02-22 00:00:00+00:00,1.2089152273693737,1.2139102560381443,1.1924889987458924,1.2085323465817441
2022-02-23 00:00:00+00:00,1.195520326825689,1.2019447106911438,1.1919052227646187,1.1960764839078155
2022-02-24 00:00:00+00:00,1.202910887088423,1.2343295165315944,1.2030526649718278,1.2028477034249736
2022-02-25 00:00:00+00:00,1.2164079920116526,1.2212884274943323,1.2044068157535117,1.21479995070087
2022-02-28 00:00:00+00:00,1.2207689697452964,1.2260208396676,1.207663999736137,1.2209406777011012
2022-03-01 00:00:00+00:00,1.2115220434418634,1.2341499662133848,1.2083173828125,1.2100326664996093
2022-03-02 00:00:00+00:00,1.2329196701717209,1.2491453393719043,1.2323846821151696,1.2311595356756977
2022-03-03 00:00:00+00:00,1.2377899464541489,1.2520236727139378,1.237568141501526,1.2378495082463623
2022-03-04 00:00:00+00:00,1.2445933129725832,1.2740135603677518,1.2451732140582226,1.2465620178419194
2022-03-07 00:00:00+00:00,1.26965928766583,1.2879621356991975,1.265782294321852,1.2695736570809457
2022-03-08 00:00:00+00:00,1.2768415390844796,1.2823461648864416,1.2681092048793752,1.2769643727011009
2022-03-09 00:00:00+00:00,1.2707534252882788,1.2710542508932725,1.2349688956524674,1.2711994351578386
2022-03-10 00:00:00+00:00,1.2366781179230775,1.2491489350289127,1.230803450782967,1.2364526462060899
2022-03-11 00:00:00+00:00,1.2343499767850703,1.2443960264726415,1.2284020922973087,1.2344169389629283
2022-03-14 00:00:00+00:00,1.2417986671657861,1.2456428155522015,1.221020199888588,1.2420049574368497
2022-03-15 00:00:00+00:00,1.2268332819558596,1.229025917615914,1.220654034007018,1.228389466563872
2022-03-16 00:00:00+00:00,1.226563903179873,1.2289891786048064,1.2041127381449432,1.2263277563120742
2022-03-17 00:00:00+00:00,1.2032428804298052,1.210895794074347,1.2015565252521112,1.2033100722052454
2022-03-18 00:00:00+00:00,1.2041301070831305,1.211634942371139,1.2010711142322354,1.204016979402603
2022-03-21 00:00:00+00:00,1.2043829897170792,1.209013732561668,1.2025644845357557,1.2041401046599793
2022-03-22 00:00:00+00:00,1.2128468179869587,1.217854265691282,1.2006607114073877,1.2113704113586872
2022-03-23 00:00:00+00:00,1.2062109159855143,1.2122293603867766,1.2031888581483061,1.2063201772030065
2022-03-24 00:00:00+00:00,1.2073027754027943,1.2101656427541412,1.1988196534803113,1.205740042727052
2022-03-25 00:00:00+00:00,1.2001631529477823,1.204714598860309,1.1969864333542437,1.2001367233057834
2022-03-27 23:00:00+00:00,1.2023948299623706,1.2199152809458862,1.2013300021950228,1.2023948299623706
2022-03-28 23:00:00+00:00,1.2111548999572668,1.2139293120301096,1.1831035415207631,1.2111548999572668
2022-03-29 23:00:00+00:00,1.19123319476756,1.1912633077040082,1.1812994572518412,1.19123319476756
2022-03-30 23:00:00+00:00,1.1799604910629702,1.1962663796399342,1.177556703261784,1.1799604910629702
2022-03-31 23:00:00+00:00,1.196492475833026,1.2006176811847669,1.192183335805289,1.196492475833026
2022-04-03 23:00:00+00:00,1.195849241650222,1.2057408220549133,1.1932422555463793,1.195849241650222
2022-04-04 23:00:00+00:00,1.2024568636510182,1.2040867010300307,1.1936740848103191,1.2024568636510182
2022-04-05 23:00:00+00:00,1.2029600845112345,1.206948796958414,1.1992160143161756,1.2029600845112345
2022-04-06 23:00:00+00:00,1.2103300570937099,1.2108068540384795,1.2025077719791057,1.2103300570937099
2022-04-07 23:00:00+00:00,1.2075143713419807,1.2110483709287818,1.203601420136088,1.2075143713419807
2022-04-10 23:00:00+00:00,1.2040998630049573,1.2097832905613868,1.2015584988919494,1.2040998630049573
2022-04-11 23:00:00+00:00,1.2135714310918657,1.2168587469388594,1.2057792919194603,1.2135714310918657
2022-04-12 23:00:00+00:00,1.214784706176251,1.219950293780774,1.2112485526672148,1.214784706176251
2022-04-13 23:00:00+00:00,1.2078568186730263,1.2209991741613615,1.2012635876491655,1.2078568186730263
2022-04-14 23:00:00+00:00,1.214664216315443,1.2198791081265528,1.2124272916672367,1.214664216315443
2022-04-17 23:00:00+00:00,1.21947708040399,1.2236206665666112,1.2181092808559528,1.21947708040399
2022-04-18 23:00:00+00:00,1.2232353817011163,1.2260681000013194,1.218169660603861,1.2232353817011163
2022-04-19 23:00:00+00:00,1.2154770840397002,1.2175550560530048,1.2015673665889135,1.2154770840397002
2022-04-20 23:00:00+00:00,1.202090766658008,1.2100957284815148,1.1946983882844058,1.202090766658008
2022-04-21 23:00:00+00:00,1.2125066689181578,1.2178575973216959,1.2056453502859765,1.2125066689181578
2022-04-24 23:00:00+00:00,1.213412958831684,1.2415880110488509,1.2124778155021707,1.2138985295714708
2022-04-25 23:00:00+00:00,1.2376645405467552,1.2502918788148933,1.233481161120739,1.2376645405467552
2022-04-26 23:00:00+00:00,1.2539385134369665,1.2591102588313643,1.2459449441891524,1.2539385134369665
2022-04-27 23:00:00+00:00,1.2522717267408268,1.261284961789713,1.2373445285841533,1.2522717267408268
2022-04-28 23:00:00+00:00,1.2595473319525372,1.2586662344004744,1.241355318637257,1.2595473319525372
2022-05-01 23:00:00+00:00,1.2513316438539965,1.2635125787151347,1.248206186078249,1.2513316438539965
2022-05-02 23:00:00+00:00,1.2614743519632505,1.2637150717994177,1.25273219726948,1.2614743519632505
2022-05-03 23:00:00+00:00,1.2552789265193798,1.261203144014434,1.2537885303899405,1.2552789265193798
2022-05-04 23:00:00+00:00,1.2395832681439185,1.269691948763728,1.2382076843093603,1.2395832681439185
2022-05-05 23:00:00+00:00,1.2670208581331652,1.2761503726953198,1.2552612534762353,1.2670208581331652
2022-05-08 23:00:00+00:00,1.2703229011896493,1.2898229038921638,1.2686287813322887,1.2703229011896493
2022-05-09 23:00:00+00:00,1.283466245397942,1.2883694313239982,1.2706694182857763,1.283466245397942
2022-05-10 23:00:00+00:00,1.2817119812775053,1.283335002769604,1.2658358127470162,1.2817119812775053
2022-05-11 23:00:00+00:00,1.2838481509694366,1.2950547491068112,1.2810144015807743,1.2838481509694366
2022-05-12 23:00:00+00:00,1.293605975541218,1.2944776850229942,1.280163070467959,1.293605975541218
2022-05-15 23:00:00+00:00,1.2825409576203537,1.2869185099865192,1.2787750088281014,1.2825409576203537
2022-05-16 23:00:00+00:00,1.28113887909736,1.281258665452443,1.2584364793577028,1.28113887909736
2022-05-17 23:00:00+00:00,1.2644820049008152,1.2763104206201117,1.2610556968737272,1.2644820049008152
2022-05-18 23:00:00+00:00,1.2800045831967153,1.279452413971752,1.2603487564609934,1.2800045831967153
2022-05-19 23:00:00+00:00,1.2646338408380142,1.269830704492617,1.2592329426327162,1.2646338408380142
2022-05-22 23:00:00+00:00,1.2657359762746734,1.2656458459948807,1.2490975067056205,1.2657359762746734
2022-05-23 23:00:00+00:00,1.251912974106414,1.2551206328784046,1.242348967694261,1.251912974106414
2022-05-24 23:00:00+00:00,1.2431437793062154,1.2616550473374681,1.2414591154985775,1.2431437793062154
2022-05-25 23:00:00+00:00,1.2559780507295923,1.263537574130715,1.2502822462592005,1.2559780507295923
2022-05-26 23:00:00+00:00,1.255915312376887,1.2562080963141946,1.248222029003539,1.255915312376887
2022-05-29 23:00:00+00:00,1.2512198772929806,1.2517227436668714,1.2398691854521224,1.2512198772929806
2022-05-30 23:00:00+00:00,1.2418724106251184,1.2542673290333162,1.2419000864738794,1.2418724106251184
2022-05-31 23:00:00+00:00,1.2416231502417874,1.257983161874415,1.241400759626999,1.2416231502417874
2022-06-01 23:00:00+00:00,1.2546782105933347,1.2558867267331717,1.2390555232362543,1.2546782105933347
2022-06-02 23:00:00+00:00,1.235814708964825,1.2462542062731432,1.2320918560377496,1.235814708964825
2022-06-05 23:00:00+00:00,1.2445495502284958,1.2481431602891992,1.2395029042319572,1.2445495502284958
2022-06-06 23:00:00+00:00,1.2485086379630832,1.2567192237402909,1.2463260848567825,1.2485086379630832
2022-06-07 23:00:00+00:00,1.2482984167179645,1.2525626098974192,1.2442092202334016,1.2482984167179645
2022-06-08 23:00:00+00:00,1.2515928162602845,1.2595764312052753,1.243840091377328,1.2515928162602845
2022-06-09 23:00:00+00:00,1.2620247705257681,1.2788568188554084,1.2567614408926022,1.2620247705257681
2022-06-12 23:00:00+00:00,1.2810030328294493,1.2989668791335631,1.277679509512535,1.2810030328294493
2022-06-13 23:00:00+00:00,1.297577046697943,1.3010127231696633,1.2650861351526237,1.297577046697943
2022-06-14 23:00:00+00:00,1.2963999914228959,1.3064254627886904,1.2822157279967614,1.2963999914228959
2022-06-15 23:00:00+00:00,1.2953672869146455,1.3127528793523615,1.290725340284642,1.2953672869146455
2022-06-16 23:00:00+00:00,1.2932069292413904,1.3049682241180836,1.2832563077691734,1.2932069292413904
2022-06-19 23:00:00+00:00,1.2968095195399432,1.2969416716304305,1.2814535894000552,1.2968095195399432
2022-06-20 23:00:00+00:00,1.2874466028275762,1.2889808762784933,1.2773160219864117,1.2874466028275762
2022-06-21 23:00:00+00:00,1.2874990197166494,1.2980293625999177,1.2797871652169794,1.2874990197166494
2022-06-22 23:00:00+00:00,1.2872768404276744,1.300247102207543,1.2785253220137847,1.2872768404276744
2022-06-23 23:00:00+00:00,1.2959207259899457,1.2978750623245072,1.2873741985171763,1.2959207259899457
2022-06-26 23:00:00+00:00,1.288974884778839,1.2918631517784274,1.280872412233564,1.288974884778839
2022-06-27 23:00:00+00:00,1.285215234553915,1.2921944571157629,1.279274689686618,1.285215234553915
2022-06-28 23:00:00+00:00,1.2926929193103005,1.301712171247505,1.2907687994074044,1.2926929193103005
2022-06-29 23:00:00+00:00,1.3023441869126207,1.3180210663764804,1.2983237394128204,1.3023441869126207
2022-06-30 23:00:00+00:00,1.3040065904413443,1.3218166034182748,1.3023375814481324,1.3040065904413443
2022-07-03 23:00:00+00:00,1.3133112120298018,1.3202309189944317,1.3098205861524594,1.3122802160339508
2022-07-04 23:00:00+00:00,1.3169219755011699,1.3432983805674166,1.3096027167265574,1.3169219755011699
2022-07-05 23:00:00+00:00,1.3402266894067079,1.3474175939087416,1.3340538397443271,1.3402266894067079
2022-07-06 23:00:00+00:00,1.3430335008047452,1.3456573425961655,1.334934052960355,1.3430335008047452
2022-07-07 23:00:00+00:00,1.3399571098168181,1.3532161373184068,1.3347844227401537,1.3399571098168181
2022-07-10 23:00:00+00:00,1.3424594967189845,1.356222934555527,1.3391001389440675,1.3424594967189845
2022-07-11 23:00:00+00:00,1.3522084235865672,1.3607808904074516,1.3419011772659606,1.3522084235865672
2022-07-12 23:00:00+00:00,1.3457839362789998,1.35288410251015,1.3347114690797044,1.3457839362789998
2022-07-13 23:00:00+00:00,1.3486871988178242,1.3584191797149463,1.2480518528198477,1.3486871988178242
2022-07-14 23:00:00+00:00,1.3468838708462496,1.3493197902669698,1.3330352253229412,1.3468838708462496
2022-07-17 23:00:00+00:00,1.3330106469497511,1.3349044864788722,1.3140837203199327,1.3330106469497511
2022-07-18 23:00:00+00:00,1.322404433325655,1.326826804177191,1.2981743263638788,1.322404433325655
2022-07-19 23:00:00+00:00,1.3024061674623164,1.3105439808762243,1.2971870587266907,1.3024061674623164
2022-07-20 23:00:00+00:00,1.3045942836204316,1.3083070561634602,1.2934682744611985,1.3045942836204316
2022-07-21 23:00:00+00:00,1.2990278624036258,1.309539099941782,1.2964941308989124,1.2990278624036258
2022-07-24 23:00:00+00:00,1.302678879995461,1.30637110194972,1.2920489652457532,1.302678879995461
2022-07-25 23:00:00+00:00,1.2972596320997152,1.3160964722848414,1.292552474689044,1.2972596320997152
2022-07-26 23:00:00+00:00,1.3131811251149756,1.3182854732705156,1.3086120619879194,1.3131811251149756
2022-07-27 23:00:00+00:00,1.3019556331434594,1.3158306354575022,1.297075660902872,1.3019556331434594
2022-07-28 23:00:00+00:00,1.3000623572624646,1.304330624419244,1.2905159408653626,1.3000623572624646
2022-07-31 23:00:00+00:00,1.2955586163057502,1.2954844662877893,1.2824569181651384,1.2955586163057502
2022-08-01 23:00:00+00:00,1.2889704331565406,1.3013656434146081,1.2832610586783444,1.2889704331565406
2022-08-02 23:00:00+00:00,1.3064486520300616,1.307796202590313,1.2978021372496094,1.3064486520300616
2022-08-03 23:00:00+00:00,1.3017733319523235,1.302475185788819,1.2891236505451042,1.3017733319523235
2022-08-04 23:00:00+00:00,1.2874743911510398,1.3035605522150968,1.2864065812202314,1.2874743911510398
2022-08-07 23:00:00+00:00,1.3000330939489102,1.3005121260419106,1.2902423399843206,1.3000330939489102
2022-08-08 23:00:00+00:00,1.2899855614338849,1.2949898749550723,1.2900506782238068,1.2899855614338849
2022-08-09 23:00:00+00:00,1.2946367315688105,1.2970548156520973,1.275193634010295,1.2946367315688105
2022-08-10 23:00:00+00:00,1.279918650971258,1.2844720561807528,1.2746815932851132,1.279918650971258
2022-08-11 23:00:00+00:00,1.2827433688579888,1.3028112320885132,1.2832441422410754,1.2827433688579888
2022-08-14 23:00:00+00:00,1.3018319656693802,1.317602230807731,1.3001881551101369,1.3018319656693802
2022-08-15 23:00:00+00:00,1.3174357198532018,1.3265770866352027,1.31750260171013,1.3174357198532018
2022-08-16 23:00:00+00:00,1.317987790842603,1.3275029750913043,1.315087945642731,1.317987790842603
2022-08-17 23:00:00+00:00,1.3250365798084323,1.3369677640240472,1.3226975066842577,1.3250365798084323
2022-08-18 23:00:00+00:00,1.3395461076932769,1.3505645190156026,1.339043828285857,1.3395461076932769
2022-08-21 23:00:00+00:00,1.3503657380267762,1.3678560868033343,1.3406293354988097,1.3503657380267762
2022-08-22 23:00:00+00:00,1.3645841904859373,1.3711439249144994,1.3469257647945776,1.3645841904859373
2022-08-23 23:00:00+00:00,1.3547767855216617,1.3610667148257154,1.346860179414149,1.3547767855216617
2022-08-24 23:00:00+00:00,1.3522394019388186,1.3527041716171362,1.341458211762798,1.3522394019388186
2022-08-25 23:00:00+00:00,1.348591093076074,1.3562299109961495,1.3359311680968757,1.348591093076074
2022-08-28 23:00:00+00:00,1.3565095498674795,1.3675780989661126,1.3524455907269497,1.3565095498674795
2022-08-29 23:00:00+00:00,1.3573503574911505,1.3644305949084228,1.3507264838183193,1.3573503574911505
2022-08-30 23:00:00+00:00,1.359306395689614,1.3651154307028508,1.3527414278363543,1.359306395689614
2022-08-31 23:00:00+00:00,1.3602494748178382,1.37973599080845,1.3597471387886662,1.3602494748178382
2022-09-01 23:00:00+00:00,1.3746037673416251,1.3748060505309212,1.3619577812331196,1.3746037673416251
2022-09-04 23:00:00+00:00,1.379966310758285,1.3858380610992262,1.3740934066668498,1.379966310758285
2022-09-05 23:00:00+00:00,1.3736851483588188,1.38245991242111,1.3650972415188867,1.3736851483588188
2022-09-06 23:00:00+00:00,1.3760621616556596,1.3808000331417014,1.3679943391458913,1.3760621616556596
2022-09-07 23:00:00+00:00,1.3635365196308173,1.3741169364212444,1.3519048819153299,1.3635365196308173
2022-09-08 23:00:00+00:00,1.3625595408560567,1.362741092341649,1.34014808765681,1.3625595408560567
2022-09-11 23:00:00+00:00,1.3478939743296028,1.350224811143756,1.3299007392759183,1.3478939743296028
2022-09-12 23:00:00+00:00,1.3346711354847889,1.3572591856639036,1.3269661876785268,1.3346711354847889
2022-09-13 23:00:00+00:00,1.3610675028756325,1.3638542896027674,1.3531773356797163,1.3610675028756325
2022-09-14 23:00:00+00:00,1.3621935252538526,1.3677455844642643,1.3599959887258888,1.3621935252538526
2022-09-15 23:00:00+00:00,1.368639290580033,1.378472857531289,1.36484805637909,1.368639290580033
2022-09-18 23:00:00+00:00,1.366799786305497,1.3803095926183357,1.3662660108363052,1.3674965897939126
2022-09-19 23:00:00+00:00,1.3713195161994265,1.3882443217088911,1.354115684583419,1.3713195161994265
2022-09-20 23:00:00+00:00,1.3875668217977462,1.4059622972646841,1.3872206838189771,1.3875668217977462
2022-09-21 23:00:00+00:00,1.4131467360046537,1.4183200016668254,1.3981758725950553,1.4131467360046537
2022-09-22 23:00:00+00:00,1.4096879917882599,1.4352329138649564,1.4080974463128326,1.4096879917882599
2022-09-25 23:00:00+00:00,1.4391827557706156,1.4557248189127348,1.4309904674482938,1.4391827557706156
2022-09-26 23:00:00+00:00,1.4422584399263405,1.4485873258625608,1.4299215143219126,1.4422584399263405
2022-09-27 23:00:00+00:00,1.4473604472511032,1.464063698641828,1.430334916026612,1.4473604472511032
2022-09-28 23:00:00+00:00,1.4302223792076452,1.448659853706358,1.4239078716254638,1.4302223792076452
2022-09-29 23:00:00+00:00,1.4188226272163125,1.4260165879804356,1.411276036857401,1.4188226272163125
2022-10-02 23:00:00+00:00,1.4141186361501963,1.4240878575815559,1.398606253362035,1.4141186361501963
2022-10-03 23:00:00+00:00,1.4015182748102917,1.4058296427122479,1.3825897395632263,1.4015182748102917
2022-10-04 23:00:00+00:00,1.38195054060393,1.4058599217634737,1.3785372251484307,1.38195054060393
2022-10-05 23:00:00+00:00,1.391420291834222,1.421193668598657,1.388146714921626,1.391420291834222
2022-10-06 23:00:00+00:00,1.419072867297319,1.4260776960297323,1.4113754097847784,1.419072867297319
2022-10-09 23:00:00+00:00,1.430171923998657,1.444170659595789,1.4269556972434052,1.430171923998657
2022-10-10 23:00:00+00:00,1.4388147291764732,1.4486751610904762,1.4350671365684795,1.4388147291764732
2022-10-11 23:00:00+00:00,1.445648291506664,1.4508930309671415,1.4401363113957457,1.445648291506664
2022-10-12 23:00:00+00:00,1.4431134170633841,1.4614327056031147,1.4293883373186627,1.4431134170633841
2022-10-13 23:00:00+00:00,1.4327671606478092,1.4449444873053576,1.4260057704743556,1.4327671606478092
2022-10-16 23:00:00+00:00,1.4362498659742178,1.4419134278742485,1.4193186242321052,1.4362498659742178
2022-10-17 23:00:00+00:00,1.4179610976634724,1.4216968684797453,1.4068203036664018,1.4179610976634724
2022-10-18 23:00:00+00:00,1.4105030296616836,1.4295987588384198,1.410157658854851,1.4105030296616836
2022-10-19 23:00:00+00:00,1.43005528533716,1.4326181629382808,1.4214961880186574,1.43005528533716
2022-10-20 23:00:00+00:00,1.4358972770006444,1.4555816871054237,1.4286159887353571,1.4358972770006444
2022-10-23 23:00:00+00:00,1.4256362997402712,1.438673850851288,1.4221356420690112,1.4256362997402712
2022-10-24 23:00:00+00:00,1.419674572756541,1.4238407526665071,1.2806311234740735,1.419674572756541
2022-10-25 23:00:00+00:00,1.3972239527251245,1.4003733179417182,1.3826910182404732,1.3972239527251245
2022-10-26 23:00:00+00:00,1.3810441842699563,1.3943207923212306,1.3809080778546197,1.3810441842699563
2022-10-27 23:00:00+00:00,1.3957550417877218,1.404625703756539,1.3920695385346094,1.3957550417877218
2022-10-31 00:00:00+00:00,1.3971465736848983,1.4094458587239,1.3941834408950489,1.3971465736848983
2022-11-01 00:00:00+00:00,1.4036623397561578,1.4067835548829855,1.390520741994021,1.4036623397561578
2022-11-02 00:00:00+00:00,1.4023069193791928,1.4068484629108458,1.3986456898571207,1.4023069193791928
2022-11-03 00:00:00+00:00,1.4152485158180117,1.431831814612028,1.4103774642363018,1.4152485158180117
2022-11-04 00:00:00+00:00,1.425457565055333,1.4254219981874516,1.3886698303120908,1.425457565055333
2022-11-07 00:00:00+00:00,1.3926944960932146,1.395416519692494,1.377392519375901,1.3926944960932146
2022-11-08 00:00:00+00:00,1.3813503700468994,1.3875051841348827,1.364851218852122,1.3813503700468994
2022-11-09 00:00:00+00:00,1.3692499907051656,1.382904337408693,1.365523364430906,1.3692499907051656
2022-11-10 00:00:00+00:00,1.3858054656849552,1.3950140326799287,1.3531356104195387,1.3858054656849552
2022-11-11 00:00:00+00:00,1.3505672766224461,1.3555128780129702,1.3212884332609378,1.3505672766224461
2022-11-14 00:00:00+00:00,1.3266395773066688,1.3382283929389664,1.3192770409698533,1.3266395773066688
2022-11-15 00:00:00+00:00,1.3386575281396904,1.3398192206214343,1.3182766424865615,1.3386575281396904
2022-11-16 00:00:00+00:00,1.3375363021317879,1.3430151149546574,1.330395594428564,1.3375363021317879
2022-11-17 00:00:00+00:00,1.3400270846815896,1.362503860416358,1.338313216553414,1.3400270846815896
2022-11-18 00:00:00+00:00,1.3537673753177073,1.358541089526649,1.3418981972473678,1.3537673753177073
2022-11-21 00:00:00+00:00,1.358774723021358,1.3735295168108073,1.3581887206045276,1.358774723021358
2022-11-22 00:00:00+00:00,1.3712504512946113,1.3696769784629341,1.364629841420425,1.3712504512946113
2022-11-23 00:00:00+00:00,1.359513405776504,1.361289161836663,1.3391158481402108,1.359513405776504
2022-11-24 00:00:00+00:00,1.334313953669928,1.3405235286376112,1.3296154693510525,1.334313953669928
2022-11-25 00:00:00+00:00,1.3301521391658049,1.338295441723161,1.3290363443690811,1.3301521391658049
2022-11-28 00:00:00+00:00,1.3390700512594023,1.3426719712588262,1.32750701455625,1.3390700512594023
2022-11-29 00:00:00+00:00,1.3500451515443526,1.3542895608137768,1.3418889031113266,1.3500451515443526
2022-11-30 00:00:00+00:00,1.356342271492699,1.3657436245226806,1.3484502044561029,1.356342271492699
2022-12-01 00:00:00+00:00,1.3420529023464194,1.3468718340735948,1.3261143994186264,1.3420529023464194
2022-12-02 00:00:00+00:00,1.3236005309046504,1.342838407455151,1.322517855183107,1.3236005309046504
2022-12-05 00:00:00+00:00,1.3249382511581391,1.3366153834093397,1.3208412483672842,1.3249382511581391
2022-12-06 00:00:00+00:00,1.338572983356088,1.3411957813396547,1.3308651828458957,1.338572983356088
2022-12-07 00:00:00+00:00,1.3385674708458324,1.3392997265314754,1.3271691729830584,1.3385674708458324
2022-12-08 00:00:00+00:00,1.331556136000333,1.3363054765220674,1.3265531886054105,1.331556136000333
2022-12-09 00:00:00+00:00,1.3262386626329894,1.3320922061451954,1.3192090296783354,1.3262386626329894
2022-12-12 00:00:00+00:00,1.3268510725644158,1.3313444251048887,1.3248529978325667,1.3268510725644158
2022-12-13 00:00:00+00:00,1.3277769794510705,1.3286253844519538,1.308583615426056,1.3277769794510705
2022-12-14 00:00:00+00:00,1.3138100441602443,1.3156474197337602,1.309209930808752,1.3138100441602443
2022-12-15 00:00:00+00:00,1.3068663238814433,1.3285357700798184,1.30247786427867,1.3068663238814433
2022-12-16 00:00:00+00:00,1.3300564894074924,1.336031869839055,1.323582004209922,1.3300564894074924
2022-12-19 00:00:00+00:00,1.3214904465829966,1.3382644692363221,1.3215704627955527,1.3214904465829966
2022-12-20 00:00:00+00:00,1.334906099799025,1.341465015416188,1.3292366173211327,1.334906099799025
2022-12-21 00:00:00+00:00,1.3375236110286235,1.3393890221553963,1.3330722747040553,1.3375236110286235
2022-12-22 00:00:00+00:00,1.3359128448775555,1.3435777656222496,1.3275745541435735,1.3359128448775555
2022-12-23 00:00:00+00:00,1.341127307318254,1.3498616678596556,1.3360709414972225,1.341127307318254
2022-12-26 00:00:00+00:00,1.345490633234153,1.3481357032072085,1.339420411473688,1.345490633234153
2022-12-27 00:00:00+00:00,1.3430410555506038,1.3435871260442687,1.3359836826793994,1.3430410555506038
2022-12-28 00:00:00+00:00,1.341770921564063,1.3439678809686928,1.3313423800067092,1.341770921564063
2022-12-29 00:00:00+00:00,1.3409013653513373,1.345318114617801,1.3397244724429274,1.3409013653513373
2022-12-30 00:00:00+00:00,1.340988356692097,1.3437196458038723,1.3314140950421995,1.340988356692097
2023-01-02 00:00:00+00:00,1.3332307423484888,1.3414170318668468,1.333376930945481,1.3332307423484888
2023-01-03 00:00:00+00:00,1.3370687359035074,1.3540723392515648,1.3357396429675348,1.3370687359035074
2023-01-04 00:00:00+00:00,1.3524752542924008,1.351574974623737,1.341708339323635,1.3524752542924008
2023-01-05 00:00:00+00:00,1.3438395551827704,1.3680732895142134,1.3422586814306428,1.3438395551827704
2023-01-06 00:00:00+00:00,1.3665083964909328,1.3751829449290536,1.3507218577389415,1.3665083964909328
2023-01-09 00:00:00+00:00,1.3468151239283055,1.3465936969884835,1.3270806054112483,1.3468151239283055
2023-01-10 00:00:00+00:00,1.332127636540213,1.3385097690111747,1.3272380077739196,1.332127636540213
2023-01-11 00:00:00+00:00,1.3335979952137358,1.344861276164702,1.330589974601712,1.3335979952137358
2023-01-12 00:00:00+00:00,1.3389419637210378,1.3454597579523708,1.3283197188786318,1.3389419637210378
2023-01-13 00:00:00+00:00,1.3325917596651549,1.3392559201046494,1.3275377879076862,1.3325917596651549
2023-01-16 00:00:00+00:00,1.325892635280433,1.33745218758307,1.3231742976115228,1.325892635280433
2023-01-17 00:00:00+00:00,1.3306327038485224,1.3362527474657602,1.3219322271079357,1.3306327038485224
2023-01-18 00:00:00+00:00,1.3325104431786785,1.3333026746232315,1.3102729876951054,1.3325104431786785
2023-01-19 00:00:00+00:00,1.3198925601192129,1.3250849475389637,1.3104911269439528,1.3198925601192129
2023-01-20 00:00:00+00:00,1.3165125493284797,1.3215140717764682,1.313742339161779,1.3165125493284797
2023-01-23 00:00:00+00:00,1.3127408620751417,1.3123305366314886,1.3042433522224803,1.3129618891023274
2023-01-24 00:00:00+00:00,1.3071766033520353,1.3103731672296033,1.3008144862324762,1.3071766033520353
2023-01-25 00:00:00+00:00,1.3023788703328076,1.3122149113156165,1.2993767838303645,1.3023788703328076
2023-01-26 00:00:00+00:00,1.3016309968079713,1.3183747337518306,1.300182268952352,1.3016309968079713
2023-01-27 00:00:00+00:00,1.3113176274317198,1.3215223636454523,1.3093397297539502,1.3113176274317198
2023-01-30 00:00:00+00:00,1.315299755213857,1.3255525432403519,1.3070863542016045,1.315299755213857
2023-01-31 00:00:00+00:00,1.3266148794212373,1.3418822513433477,1.3250681365922519,1.3266148794212373
2023-02-01 00:00:00+00:00,1.3299491836212232,1.3340345978081858,1.3263964879422045,1.3299491836212232
2023-02-02 00:00:00+00:00,1.3144469975653263,1.3281438660287361,1.3091768369153303,1.3144469975653263
2023-02-03 00:00:00+00:00,1.3231986896278434,1.3418904313461675,1.3197037399841829,1.3231986896278434
2023-02-06 00:00:00+00:00,1.3397257371901592,1.3574641489699844,1.341924425675875,1.3397257371901592
2023-02-07 00:00:00+00:00,1.3522779257562418,1.3596108852212982,1.3475310675964143,1.3522779257562418
2023-02-08 00:00:00+00:00,1.3466331322275522,1.3523594623236965,1.3376103611088999,1.3466331322275522
2023-02-09 00:00:00+00:00,1.3485673105155997,1.3486942528001127,1.3119150538605215,1.3485673105155997
2023-02-10 00:00:00+00:00,1.3171713983477358,1.3332701199901427,1.3127422209966184,1.3171713983477358
2023-02-13 00:00:00+00:00,1.3313050834710616,1.336420245015693,1.3215725212980753,1.3316364089662243
2023-02-14 00:00:00+00:00,1.3211775315637169,1.3255391836674446,1.3066814285042547,1.3211775315637169
2023-02-15 00:00:00+00:00,1.3192717164332937,1.3321909426211707,1.318139319271065,1.3192717164332937
2023-02-16 00:00:00+00:00,1.327215964593135,1.3368055620940114,1.321892594815166,1.327215964593135
2023-02-17 00:00:00+00:00,1.3319199685695735,1.344173514170407,1.3321973307912298,1.3319199685695735
2023-02-20 00:00:00+00:00,1.3333265253077413,1.3354306736199264,1.319877337708963,1.3333265253077413
2023-02-21 00:00:00+00:00,1.3195917992944013,1.3252102474188696,1.3135618378821456,1.3195917992944013
2023-02-22 00:00:00+00:00,1.321071244873946,1.3259840558046836,1.3162279743997312,1.321071244873946
2023-02-23 00:00:00+00:00,1.327420956811834,1.3340333211030941,1.3229222958726155,1.327420956811834
2023-02-24 00:00:00+00:00,1.32881385142066,1.3366037774820614,1.3229024230819837,1.32881385142066
2023-02-27 00:00:00+00:00,1.3356643594587625,1.339835719159583,1.3242236443181368,1.3356643594587625
2023-02-28 00:00:00+00:00,1.3241978396722385,1.3319906228951808,1.322684201312059,1.3241978396722385
2023-03-01 00:00:00+00:00,1.3331676851398018,1.335785178290475,1.321905744660827,1.3331676851398018
2023-03-02 00:00:00+00:00,1.3290210338521504,1.3416923245792405,1.3286460706348426,1.3290210338521504
2023-03-03 00:00:00+00:00,1.3380092865819009,1.3405147252043954,1.3334849763729086,1.3380092865819009
2023-03-06 00:00:00+00:00,1.334896051329497,1.338120313078875,1.3295707802679624,1.334896051329497
2023-03-07 00:00:00+00:00,1.3296791341358194,1.3638450257780523,1.3262069304480697,1.3296791341358194
2023-03-08 00:00:00+00:00,1.365867911619207,1.3705692281469601,1.3574926372430174,1.365867911619207
2023-03-09 00:00:00+00:00,1.3659232132457342,1.3682303421258617,1.359982532578121,1.3659232132457342
2023-03-10 00:00:00+00:00,1.3658514805401756,1.3729451980944545,1.3517182657469236,1.3658514805401756
2023-03-13 00:00:00+00:00,1.3567177693836017,1.3702959936955506,1.3446537909844918,1.3567177693836017
2023-03-14 00:00:00+00:00,1.3517629802206133,1.3583599781393607,1.3347817823698125,1.3517629802206133
2023-03-15 00:00:00+00:00,1.3339322557064768,1.3550886433372273,1.3246808033537183,1.3339322557064768
2023-03-16 00:00:00+00:00,1.349657570160781,1.3518796401479658,1.33753058415005,1.349657570160781
2023-03-17 00:00:00+00:00,1.3376463541993515,1.3436592270413492,1.3265359375152832,1.3376463541993515
2023-03-20 00:00:00+00:00,1.335049064621268,1.342692091016324,1.3226627447007182,1.3378520629509998
2023-03-21 00:00:00+00:00,1.321771566624172,1.3260452913554754,1.3118551945437489,1.321771566624172
2023-03-22 00:00:00+00:00,1.3161955377404555,1.3210068129836474,1.3127210351481222,1.3161955377404555
2023-03-23 00:00:00+00:00,1.311710235795585,1.316195121340813,1.302086329999673,1.311710235795585
2023-03-24 00:00:00+00:00,1.3163413649580518,1.333502405142666,1.3078488969718058,1.3163413649580518
2023-03-26 23:00:00+00:00,1.3272004557499617,1.329748160554397,1.321726603879775,1.3249965465204052
2023-03-27 23:00:00+00:00,1.3200554926025456,1.3222360691841628,1.313239185835506,1.3200554926025456
2023-03-28 23:00:00+00:00,1.3177306251835283,1.3286836882060566,1.3171853555669368,1.3177306251835283
2023-03-29 23:00:00+00:00,1.324188836486077,1.3305804973692394,1.3169426140715068,1.324188836486077
2023-03-30 23:00:00+00:00,1.3189895285073432,1.3224700694310596,1.3165044230825194,1.3189895285073432
2023-04-02 23:00:00+00:00,1.327914850644559,1.3297919190831937,1.3191081267899618,1.327914850644559
2023-04-03 23:00:00+00:00,1.3207151235786831,1.3242589354805574,1.3077981089110817,1.3207151235786831
2023-04-04 23:00:00+00:00,1.3084734230697384,1.3257265483921759,1.3068811343662543,1.3084734230697384
2023-04-05 23:00:00+00:00,1.3262579831254877,1.3338412352537554,1.3250134305480434,1.3262579831254877
2023-04-06 23:00:00+00:00,1.3275751365348452,1.3342411676584691,1.3269523553454579,1.3275751365348452
2023-04-09 23:00:00+00:00,1.3331719921997394,1.345434100136929,1.331133681887878,1.3331719921997394
2023-04-10 23:00:00+00:00,1.338651395371653,1.3391185564151582,1.3287084783688499,1.338651395371653
2023-04-11 23:00:00+00:00,1.3306070917270962,1.3312823332586992,1.3113933041153563,1.3306070917270962
2023-04-12 23:00:00+00:00,1.31634561584056,1.319113353079605,1.3059107218846662,1.31634561584056
2023-04-13 23:00:00+00:00,1.307298365801414,1.3170580972788113,1.2958822954768359,1.307298365801414
2023-04-16 23:00:00+00:00,1.31643927547393,1.3216661826378069,1.3124231845455159,1.31643927547393
2023-04-17 23:00:00+00:00,1.3186534608523,1.3194623884063414,1.3079711850783229,1.3186534608523
2023-04-18 23:00:00+00:00,1.3125488923663544,1.3215825388628764,1.312579398823977,1.3125488923663544
2023-04-19 23:00:00+00:00,1.3190903328899888,1.3201340287914916,1.3119768909337381,1.3190903328899888
2023-04-20 23:00:00+00:00,1.3125601985795232,1.3195918798270978,1.3122990969904016,1.3125601985795232
2023-04-23 23:00:00+00:00,1.3124695783066465,1.3160702076249113,1.3061048898832643,1.3124695783066465
2023-04-24 23:00:00+00:00,1.3043788511293162,1.3144919709012635,1.3029258000768595,1.3043788511293162
2023-04-25 23:00:00+00:00,1.3123178966290694,1.3184975487983688,1.3040426392268056,1.3123178966290694
2023-04-26 23:00:00+00:00,1.3139355852813637,1.3178852298223898,1.3100381294759487,1.3139355852813637
2023-04-27 23:00:00+00:00,1.3097683677740708,1.318794409710569,1.3045134447572424,1.3097683677740708
2023-04-30 23:00:00+00:00,1.3068905428498934,1.3162766968621222,1.3054212865664758,1.3068905428498934
2023-05-01 23:00:00+00:00,1.3156709381748741,1.3176963357654818,1.3079527659702694,1.3156709381748741
2023-05-02 23:00:00+00:00,1.3124987395320413,1.3129892851272387,1.3048230955318816,1.3124987395320413
2023-05-03 23:00:00+00:00,1.306481622900849,1.311077894743748,1.298719225927924,1.306481622900849
2023-05-04 23:00:00+00:00,1.3022709908832106,1.30403851194781,1.2940486445598638,1.3022709908832106
2023-05-07 23:00:00+00:00,1.2965422229411445,1.2963188624981783,1.2911303793210063,1.2965422229411445
2023-05-08 23:00:00+00:00,1.295862891614956,1.3012204778820466,1.2946283513664527,1.295862891614956
2023-05-09 23:00:00+00:00,1.2993240535238257,1.3057540257212958,1.2973462475969404,1.2993240535238257
2023-05-10 23:00:00+00:00,1.3044439191002075,1.3188602798880362,1.3031100981534298,1.3044439191002075
2023-05-11 23:00:00+00:00,1.3168371984576053,1.324117635149911,1.3129548911522408,1.3168371984576053
2023-05-14 23:00:00+00:00,1.3243012506152447,1.3264788291163419,1.3191852758156373,1.3243012506152447
2023-05-15 23:00:00+00:00,1.3196565695843594,1.329755663351583,1.317137607360361,1.3196565695843594
2023-05-16 23:00:00+00:00,1.3278605620464694,1.3380921744834882,1.3269376491450517,1.3278605620464694
2023-05-17 23:00:00+00:00,1.333882539241152,1.351816923627104,1.3339157004680329,1.333882539241152
2023-05-18 23:00:00+00:00,1.3494116797049145,1.3516966489079267,1.3457003276429498,1.3494116797049145
2023-05-21 23:00:00+00:00,1.343861880710434,1.3504330320576259,1.3430189461797064,1.343861880710434
2023-05-22 23:00:00+00:00,1.3490170338407292,1.3566991954274252,1.346506880622553,1.3490170338407292
2023-05-23 23:00:00+00:00,1.3542968017711954,1.3686582007548707,1.3542018122078134,1.3542968017711954
2023-05-24 23:00:00+00:00,1.3678170383466022,1.3826109061860157,1.3678690091294299,1.3678170383466022
2023-05-25 23:00:00+00:00,1.3805487930086118,1.382191596088811,1.3667254709620102,1.3805487930086118
2023-05-28 23:00:00+00:00,1.378356204369966,1.3839037979638447,1.3781126950872475,1.378356204369966
2023-05-29 23:00:00+00:00,1.3815252770595643,1.3886354651117496,1.379846740553512,1.3815252770595643
2023-05-30 23:00:00+00:00,1.3866138388906215,1.3978981033431608,1.3860327360946663,1.3866138388906215
2023-05-31 23:00:00+00:00,1.3842305640337185,1.3923060637975002,1.3807200114925313,1.3842305640337185
2023-06-01 23:00:00+00:00,1.3799272107154439,1.378720786369747,1.3643075361222332,1.3799272107154439
2023-06-04 23:00:00+00:00,1.3796799122141719,1.392525088617384,1.3793838579337319,1.3796799122141719
2023-06-05 23:00:00+00:00,1.3836569572987685,1.393436639234016,1.3788012061765165,1.3836569572987685
2023-06-06 23:00:00+00:00,1.3915593073744146,1.3950510866552222,1.3800001192521818,1.3915593073744146
2023-06-07 23:00:00+00:00,1.3889465964800707,1.38897964837587,1.3775014608970564,1.3889465964800707
2023-06-08 23:00:00+00:00,1.3781552558914347,1.3849435852771288,1.3760056586178266,1.3781552558914347
2023-06-11 23:00:00+00:00,1.3805162126642154,1.3841149561458457,1.3713799566962201,1.3805162126642154
2023-06-12 23:00:00+00:00,1.3799501764154165,1.3810061956704363,1.3658496019995177,1.3799501764154165
2023-06-13 23:00:00+00:00,1.363218044318229,1.368537160512915,1.3597072753217694,1.363218044318229
2023-06-14 23:00:00+00:00,1.3665223775935924,1.374915125602539,1.354726526722583,1.3665223775935924
2023-06-15 23:00:00+00:00,1.354271026883196,1.3614896782956247,1.3501596723119185,1.354271026883196
2023-06-18 23:00:00+00:00,1.3604340831533426,1.3734134784275973,1.3608434344525522,1.3604340831533426
2023-06-19 23:00:00+00:00,1.3733123569148467,1.3855400090780865,1.3705407881434737,1.3733123569148467
2023-06-20 23:00:00+00:00,1.3781734610488539,1.3819932625350566,1.365953518287527,1.3781734610488539
2023-06-21 23:00:00+00:00,1.35960811676337,1.3671642470833754,1.3573940134368354,1.35960811676337
2023-06-22 23:00:00+00:00,1.3649122977959198,1.3794879713314407,1.3644522856735395,1.3649122977959198
2023-06-25 23:00:00+00:00,1.369233649372167,1.3700829971870745,1.3661018107789131,1.369233649372167
2023-06-26 23:00:00+00:00,1.3678295999298464,1.3709363664450571,1.3459263484223576,1.3678295999298464
2023-06-27 23:00:00+00:00,1.3690526614907867,1.3816296699535138,1.367906103843415,1.3690526614907867
2023-06-28 23:00:00+00:00,1.375225682123419,1.3915712960898647,1.3705960341032102,1.375225682123419
2023-06-29 23:00:00+00:00,1.3853332485763408,1.3915956142514625,1.3750264614672951,1.3853332485763408
2023-07-02 23:00:00+00:00,1.3764179613189553,1.3871321860697874,1.3736529101621866,1.3764179613189553
2023-07-03 23:00:00+00:00,1.3837965566148962,1.3850282586632734,1.3795385681441854,1.3837965566148962
2023-07-04 23:00:00+00:00,1.3799653134056309,1.391362326580963,1.3796053547809446,1.3799653134056309
2023-07-05 23:00:00+00:00,1.3996625118803903,1.4050174226052086,1.397885926607518,1.3996625118803903
2023-07-06 23:00:00+00:00,1.3975281831702413,1.399951982769342,1.384376297418058,1.3975281831702413
2023-07-09 23:00:00+00:00,1.3835677992338489,1.3876628282319543,1.378198339575561,1.3835677992338489
2023-07-10 23:00:00+00:00,1.374312180874311,1.374088472549422,1.3634893591865331,1.374312180874311
2023-07-11 23:00:00+00:00,1.3605700600871609,1.362221641218522,1.3265364290558976,1.3605700600871609
2023-07-12 23:00:00+00:00,1.3245956643622707,1.3257426381979047,1.3028856465199945,1.3245956643622707
2023-07-13 23:00:00+00:00,1.3041168614978114,1.3135650397523808,1.3003188116964222,1.3041168614978114
2023-07-16 23:00:00+00:00,1.3098148507250216,1.3162932797804483,1.3028065299263867,1.3098148507250216
2023-07-17 23:00:00+00:00,1.3106718260962003,1.3128302030176207,1.3021496346967152,1.3106718260962003
2023-07-18 23:00:00+00:00,1.3058510755152763,1.3168068916551818,1.305947915753314,1.3058510755152763
2023-07-19 23:00:00+00:00,1.3152860613742492,1.325875103090157,1.3088364889728283,1.3152860613742492
2023-07-20 23:00:00+00:00,1.3240935825471636,1.3324097943842919,1.3215784421195715,1.3240935825471636
2023-07-23 23:00:00+00:00,1.3315986302934124,1.3344443920615858,1.3269788826996738,1.3286948113359474
2023-07-24 23:00:00+00:00,1.3314737416021476,1.337484133213034,1.3250726348708066,1.3314737416021476
2023-07-25 23:00:00+00:00,1.3275220230123737,1.3385673228045576,1.32467551683018,1.3275220230123737
2023-07-26 23:00:00+00:00,1.3332760460531061,1.3462864377476016,1.3212572813208527,1.3332760460531061
2023-07-27 23:00:00+00:00,1.3445624470520596,1.3563973669624567,1.3390467244970645,1.3445624470520596
2023-07-30 23:00:00+00:00,1.3502905711749995,1.3529303848430967,1.343900639980123,1.3502905711749995
2023-07-31 23:00:00+00:00,1.3492995717594065,1.3643203555566423,1.3493619766839333,1.3492995717594065
2023-08-01 23:00:00+00:00,1.354348093942219,1.3780871986857353,1.3527873800185584,1.354348093942219
2023-08-02 23:00:00+00:00,1.3713656650446702,1.3773275255659392,1.3691795102945108,1.3713656650446702
2023-08-03 23:00:00+00:00,1.3658589670510783,1.3719489784729735,1.3499823048142818,1.3658589670510783
2023-08-06 23:00:00+00:00,1.3560571076510464,1.3638140574417965,1.3541266446373688,1.3560571076510464
2023-08-07 23:00:00+00:00,1.3560134621568465,1.3760677058622337,1.3533241491233412,1.3560134621568465
2023-08-08 23:00:00+00:00,1.371682007254984,1.371325449656434,1.362168206888069,1.371682007254984
2023-08-09 23:00:00+00:00,1.3641083693904297,1.3653557064133193,1.350105046406809,1.3641083693904297
2023-08-10 23:00:00+00:00,1.3686249496154923,1.38719950799187,1.3670548679849606,1.3686249496154923
2023-08-13 23:00:00+00:00,1.385200151634416,1.3917462325069574,1.381467648410199,1.385200151634416
2023-08-14 23:00:00+00:00,1.3811721864897748,1.3885013769309882,1.3733887074330513,1.3811721864897748
2023-08-15 23:00:00+00:00,1.388072775487714,1.3899217204451932,1.3833484581910251,1.388072775487714
2023-08-16 23:00:00+00:00,1.3942742519130904,1.3973626461924673,1.38706031285082,1.3942742519130904
2023-08-17 23:00:00+00:00,1.3960407357556492,1.404667725925994,1.3926556820741876,1.3960407357556492
2023-08-20 23:00:00+00:00,1.400056628916288,1.4027221474514684,1.3914411412168897,1.400056628916288
2023-08-21 23:00:00+00:00,1.3966066641017179,1.3991912545809606,1.3890292728259523,1.3966066641017179
2023-08-22 23:00:00+00:00,1.3941141893407076,1.406837647583046,1.3911560871406041,1.3941141893407076
2023-08-23 23:00:00+00:00,1.3915889032094375,1.4054316634831925,1.3908259423520186,1.3915889032094375
2023-08-24 23:00:00+00:00,1.4036664644093388,1.4145018133025604,1.399293930896304,1.4036664644093388
2023-08-27 23:00:00+00:00,1.4082661729126407,1.4081400999241318,1.4012998603149343,1.4082661729126407
2023-08-28 23:00:00+00:00,1.3977792479986408,1.4051113020061212,1.3889469669366925,1.3977792479986408
2023-08-29 23:00:00+00:00,1.3864354893934696,1.3901690503359496,1.3743314373410953,1.3864354893934696
2023-08-30 23:00:00+00:00,1.3808504833577762,1.3967039559432002,1.3790114060487184,1.3808504833577762
2023-08-31 23:00:00+00:00,1.3958864100742365,1.4082208964421818,1.390133173698348,1.3958864100742365
2023-09-03 23:00:00+00:00,1.4065990635975125,1.4072300965476268,1.403895354072536,1.4065990635975125
2023-09-04 23:00:00+00:00,1.4036525079880584,1.4193880450053902,1.4032384205866892,1.4036525079880584
2023-09-05 23:00:00+00:00,1.4144856071078509,1.4202004498564695,1.4096680263911965,1.4144856071078509
2023-09-06 23:00:00+00:00,1.4163058538380326,1.4234833821063437,1.410964786751127,1.4163058538380326
2023-09-07 23:00:00+00:00,1.4215094995603628,1.421998687238135,1.4110453960741245,1.4215094995603628
2023-09-10 23:00:00+00:00,1.4137495201474808,1.4152331534890146,1.4102454891104241,1.4137495201474808
2023-09-11 23:00:00+00:00,1.4152448513056726,1.4200116605212951,1.4145500801281075,1.4152448513056726
2023-09-12 23:00:00+00:00,1.4175242433132902,1.4251389889375898,1.4166890260590033,1.4175242433132902
2023-09-13 23:00:00+00:00,1.4219861023079285,1.4300456739029255,1.415091367273397,1.4219861023079285
2023-09-14 23:00:00+00:00,1.4289774384856784,1.4290714090091328,1.4216551380794977,1.4289774384856784
2023-09-17 23:00:00+00:00,1.4258349106138641,1.4370461892385544,1.4259108915172576,1.4258349106138641
2023-09-18 23:00:00+00:00,1.4249417874678107,1.4270528690464483,1.4185209462821433,1.4249417874678107
2023-09-19 23:00:00+00:00,1.4262462918288052,1.427880733479738,1.4108178478330462,1.4262462918288052
2023-09-20 23:00:00+00:00,1.42519870855741,1.4374161218272827,1.4121193826331577,1.42519870855741
2023-09-21 23:00:00+00:00,1.4282112247746075,1.4324434970252928,1.4201732504919768,1.4282112247746075
2023-09-24 23:00:00+00:00,1.4219676757930875,1.4249754414443063,1.4092083083071965,1.4219676757930875
2023-09-25 23:00:00+00:00,1.4154490929926895,1.4188137037502087,1.4015998106242018,1.4154490929926895
2023-09-26 23:00:00+00:00,1.406845377719372,1.4135951311582553,1.399308115043406,1.406845377719372
2023-09-27 23:00:00+00:00,1.414424855904715,1.4140350310818548,1.3944346978884337,1.414424855904715
2023-09-28 23:00:00+00:00,1.3949203917307988,1.396125191333601,1.382307106477422,1.3949203917307988
2023-10-01 23:00:00+00:00,1.3948707919651515,1.4098303611748182,1.3908720253511277,1.3943127081398161
2023-10-02 23:00:00+00:00,1.4108811219210597,1.421807710113503,1.4086025611859334,1.4108811219210597
2023-10-03 23:00:00+00:00,1.4140374803522164,1.4194097268768335,1.4044986815809721,1.4140374803522164
2023-10-04 23:00:00+00:00,1.41223170601572,1.4136381033284553,1.4051605815032115,1.41223170601572
2023-10-05 23:00:00+00:00,1.4051537577740785,1.4158936714045387,1.3957893321367445,1.4051537577740785
2023-10-08 23:00:00+00:00,1.401275055008712,1.4110218016354772,1.400152546176222,1.401275055008712
2023-10-09 23:00:00+00:00,1.3971413281565679,1.4027558711330284,1.388794772101324,1.3971413281565679
2023-10-10 23:00:00+00:00,1.390101862193475,1.3966172170898137,1.3884653904854036,1.390101862193475
2023-10-11 23:00:00+00:00,1.393825843724707,1.4027443034647886,1.3890903102743204,1.393825843724707
2023-10-12 23:00:00+00:00,1.4035583785123302,1.4110742314950782,1.3944914772685701,1.4035583785123302
2023-10-15 23:00:00+00:00,1.4071153987981717,1.4078306934547316,1.3965923767447501,1.4071153987981717
2023-10-16 23:00:00+00:00,1.396958099204818,1.4012078135692931,1.3927629179616872,1.396958099204818
2023-10-17 23:00:00+00:00,1.3950270179086202,1.409678317650722,1.3926533959198781,1.3950270179086202
2023-10-18 23:00:00+00:00,1.4080952540187772,1.4126567017945673,1.397861174367665,1.4080952540187772
2023-10-19 23:00:00+00:00,1.398570746476935,1.4079337914048249,1.3892317605470692,1.398570746476935
2023-10-22 23:00:00+00:00,1.4028374626874949,1.413732970047169,1.402708446289889,1.4028374626874949
2023-10-23 23:00:00+00:00,1.4026472093074989,1.4205495431077253,1.3961300145097477,1.4026472093074989
2023-10-24 23:00:00+00:00,1.4212409766605754,1.4280116440747048,1.4176267523430721,1.4212409766605754
2023-10-25 23:00:00+00:00,1.4242677862018192,1.4328622850278503,1.424523461631007,1.4242677862018192
2023-10-26 23:00:00+00:00,1.424760898524978,1.4350305077868981,1.4220766329769603,1.424760898524978
2023-10-30 00:00:00+00:00,1.4264054164168904,1.429222815716028,1.4218582747531443,1.4264054164168904
2023-10-31 00:00:00+00:00,1.4246524811573205,1.4296376823648491,1.416981865533782,1.4246524811573205
2023-11-01 00:00:00+00:00,1.4273533260287574,1.4358430548581176,1.4259360366711447,1.4273533260287574
2023-11-02 00:00:00+00:00,1.4259945291243692,1.425675686379982,1.4151499942176617,1.4259945291243692
2023-11-03 00:00:00+00:00,1.4205830043716918,1.421077820614386,1.393657257783616,1.4205830043716918
2023-11-06 00:00:00+00:00,1.3902943065212634,1.3947605603210937,1.3859203856223654,1.3902943065212634
2023-11-07 00:00:00+00:00,1.395734542254861,1.4016233823236794,1.3958284906691174,1.395734542254861
2023-11-08 00:00:00+00:00,1.3963770814481942,1.4038130874491663,1.3916975083055365,1.3963770814481942
2023-11-09 00:00:00+00:00,1.3932173294371122,1.395272419408281,1.3872791874253616,1.3932173294371122
2023-11-10 00:00:00+00:00,1.398314775180213,1.400280317227351,1.3941126352804976,1.398314775180213
2023-11-13 00:00:00+00:00,1.393017448260302,1.3969847080602775,1.3871241894179764,1.393017448260302
2023-11-14 00:00:00+00:00,1.3874587417632374,1.3944883637095107,1.3589269583426262,1.3874587417632374
2023-11-15 00:00:00+00:00,1.3563057404687484,1.3580931790629571,1.3476651207278731,1.3563057404687484
2023-11-16 00:00:00+00:00,1.349401305057495,1.3593105937064993,1.3472247639438444,1.349401305057495
2023-11-17 00:00:00+00:00,1.3562230275073208,1.359985342378963,1.351756322056499,1.3562230275073208
2023-11-20 00:00:00+00:00,1.3501948409984172,1.3519121429836398,1.3412952174220147,1.3501948409984172
2023-11-21 00:00:00+00:00,1.3394687930821043,1.3404820172373988,1.331972890477453,1.3394687930821043
2023-11-22 00:00:00+00:00,1.3396775422028047,1.3515574652948312,1.338361051545959,1.3396775422028047
2023-11-23 00:00:00+00:00,1.3436926430019098,1.3485390382086884,1.3330258131578785,1.3436926430019098
2023-11-24 00:00:00+00:00,1.3444891899460811,1.3467826558602238,1.340103229421199,1.3444891899460811
2023-11-27 00:00:00+00:00,1.340728021057529,1.3453554706713644,1.3361255529989435,1.340728021057529
2023-11-28 00:00:00+00:00,1.3374700862926547,1.339303347387284,1.3252549955220116,1.3374700862926547
2023-11-29 00:00:00+00:00,1.3226963310044026,1.3309816966347117,1.3163169624365858,1.3226963310044026
2023-11-30 00:00:00+00:00,1.3261580566605304,1.34866681292188,1.323929319738418,1.3261580566605304
2023-12-01 00:00:00+00:00,1.3391142064539747,1.3417404214925237,1.3268891852220912,1.3391142064539747
2023-12-04 00:00:00+00:00,1.3263723389934434,1.3391938278155036,1.3267364476863905,1.3263723389934434
2023-12-05 00:00:00+00:00,1.3340336639464896,1.3430523200703153,1.332452401229546,1.3340336639464896
2023-12-06 00:00:00+00:00,1.3402654654353583,1.342706398461622,1.3352488496978177,1.3402654654353583
2023-12-07 00:00:00+00:00,1.3404798132789657,1.341528092525642,1.3314799600424787,1.3404798132789657
2023-12-08 00:00:00+00:00,1.329265836820057,1.3455804082270169,1.3277515782471443,1.329265836820057
2023-12-11 00:00:00+00:00,1.3394997137863396,1.3455151768855302,1.3392037446800606,1.3394997137863396
2023-12-12 00:00:00+00:00,1.343305282555733,1.3456516621875112,1.3353733498537674,1.343305282555733
2023-12-13 00:00:00+00:00,1.335296774414541,1.339022430749242,1.3325307106399014,1.335296774414541
2023-12-14 00:00:00+00:00,1.3192321452978029,1.3194577072173501,1.3059227116140666,1.3192321452978029
2023-12-15 00:00:00+00:00,1.3117370019134809,1.3214881569915162,1.3077215375681892,1.3117370019134809
2023-12-18 00:00:00+00:00,1.3155992421501974,1.317618665573392,1.3057760073803082,1.3155992421501974
2023-12-19 00:00:00+00:00,1.3105155464043148,1.3111935105208583,1.3024701030339967,1.3105155464043148
2023-12-20 00:00:00+00:00,1.302118054182116,1.3040828116889065,1.2993220440552125,1.302118054182116
2023-12-21 00:00:00+00:00,1.3013989835924027,1.3037447137162756,1.2891608921478765,1.3013989835924027
2023-12-22 00:00:00+00:00,1.2921266633915085,1.2934599099618733,1.2766095516317182,1.2921266633915085
2023-12-25 00:00:00+00:00,1.2782078706206699,1.287658368734474,1.252799559134069,1.2782078706206699
2023-12-26 00:00:00+00:00,1.2785631106349056,1.289098324168591,1.2772916061738266,1.2785631106349056
2023-12-27 00:00:00+00:00,1.2789953070007256,1.2809273426877295,1.2688661523907028,1.2789953070007256
2023-12-28 00:00:00+00:00,1.2712095889824657,1.276082784414748,1.2684530903942635,1.2712095889824657
2023-12-29 00:00:00+00:00,1.2764139267361112,1.289836366390019,1.2760586260534044,1.2764139267361112
2024-01-01 00:00:00+00:00,1.289773290438346,1.2894848748818442,1.289773290438346,1.289773290438346
2024-01-02 00:00:00+00:00,1.2874439707208016,1.3063924037465362,1.2868858404974386,1.2874439707208016
2024-01-03 00:00:00+00:00,1.3058261419665853,1.3210151976781759,1.3039622064487706,1.3058261419665853
2024-01-04 00:00:00+00:00,1.316619877687832,1.3177454630132939,1.3068714781507442,1.316619877687832
2024-01-05 00:00:00+00:00,1.3070981207031624,1.3233199784089589,1.301519027957929,1.3070981207031624
2024-01-08 00:00:00+00:00,1.3134099138789348,1.3197560670108872,1.3080983262101713,1.3134099138789348
2024-01-09 00:00:00+00:00,1.3095566752343826,1.3147803695006963,1.3066660053354042,1.3095566752343826
2024-01-10 00:00:00+00:00,1.3110165644324863,1.31167194179164,1.3075195290929882,1.3110165644324863
2024-01-11 00:00:00+00:00,1.3064105111863342,1.3185618979433829,1.302087403365588,1.3064105111863342
2024-01-12 00:00:00+00:00,1.309965681850966,1.317167935999606,1.308346834528253,1.309965681850966
2024-01-15 00:00:00+00:00,1.3140088340823526,1.3191251438186307,1.3144962156024147,1.3140088340823526
2024-01-16 00:00:00+00:00,1.3193159851373628,1.3333980636932121,1.3203930557636296,1.3193159851373628
2024-01-17 00:00:00+00:00,1.3330437244610822,1.3431323054989441,1.3330144814828766,1.3330437244610822
2024-01-18 00:00:00+00:00,1.3346849984495535,1.341414549016572,1.332228896959624,1.3346849984495535
2024-01-19 00:00:00+00:00,1.340119503909044,1.3427184264214014,1.3362124918258629,1.340119503909044
2024-01-22 00:00:00+00:00,1.337533518491374,1.34047287087332,1.3327439035996862,1.337533518491374
2024-01-23 00:00:00+00:00,1.3387349063946383,1.3426340489689654,1.3314540228777205,1.3387349063946383
2024-01-24 00:00:00+00:00,1.3392789029794885,1.3410407491993899,1.3261351819419076,1.3392789029794885
2024-01-25 00:00:00+00:00,1.3347749194033147,1.337255559593821,1.3305883188460055,1.3347749194033147
2024-01-26 00:00:00+00:00,1.3349022982094882,1.3384107574959039,1.3296921246706455,1.3349022982094882
2024-01-29 00:00:00+00:00,1.3351900789121955,1.3437334821264904,1.3354862400106957,1.3345885641398083
2024-01-30 00:00:00+00:00,1.3361297430615486,1.336897850365795,1.3305945675107935,1.3361297430615486
2024-01-31 00:00:00+00:00,1.3311180565734935,1.33458319394613,1.3200361160694487,1.3311180565734935
2024-02-01 00:00:00+00:00,1.3303946217039073,1.3406420889335573,1.327740501996786,1.3303946217039073
2024-02-02 00:00:00+00:00,1.3267681865626566,1.3434937142779102,1.3230481341223324,1.3267681865626566
2024-02-05 00:00:00+00:00,1.3429897651820855,1.358547088514546,1.3414211757590317,1.3429897651820855
2024-02-06 00:00:00+00:00,1.3553748795043663,1.358756075274899,1.3458703590995802,1.3553748795043663
2024-02-07 00:00:00+00:00,1.3422872697912542,1.3434742195668417,1.334636202389809,1.3422872697912542
2024-02-08 00:00:00+00:00,1.338656595096879,1.3424897722412792,1.3359425416324389,1.338656595096879
2024-02-09 00:00:00+00:00,1.3386240047602633,1.340421609806839,1.3353624899118461,1.3386240047602633
2024-02-12 00:00:00+00:00,1.3354745406506605,1.336524156288018,1.3316272900335202,1.3354745406506605
2024-02-13 00:00:00+00:00,1.3299546327407556,1.3532194665084953,1.3277424843659476,1.3299546327407556
2024-02-14 00:00:00+00:00,1.3530596242825361,1.3543432908100022,1.3460149924803353,1.3530596242825361
2024-02-15 00:00:00+00:00,1.343791521774068,1.3465253947741609,1.3326407595010834,1.343791521774068
2024-02-16 00:00:00+00:00,1.3358657231750257,1.3432576629864663,1.3338222901374066,1.3358657231750257
2024-02-19 00:00:00+00:00,1.331939961905951,1.3355911174263335,1.3290558040252207,1.3320180059895175
2024-02-20 00:00:00+00:00,1.328572135818812,1.3326698657459561,1.321583881448469,1.328572135818812
2024-02-21 00:00:00+00:00,1.3242973247121614,1.3286696900125592,1.3209066961777902,1.3242973247121614
2024-02-22 00:00:00+00:00,1.3243348674588253,1.324638589839157,1.310982260231646,1.3243348674588253
2024-02-23 00:00:00+00:00,1.3187471456824187,1.3229095068522452,1.3153440850054714,1.3187471456824187
2024-02-26 00:00:00+00:00,1.3186118885608848,1.320136518105809,1.3133084993352608,1.3186118885608848
2024-02-27 00:00:00+00:00,1.3132132892190116,1.319391503839267,1.3115987997428404,1.3132132892190116
2024-02-28 00:00:00+00:00,1.3168202454652476,1.325508455150729,1.3152794792125586,1.3168202454652476
2024-02-29 00:00:00+00:00,1.3198663798423083,1.3244017663039673,1.3129287591870822,1.3198663798423083
2024-03-01 00:00:00+00:00,1.3244805304445475,1.3257933846588223,1.3170326485419563,1.3244805304445475
2024-03-04 00:00:00+00:00,1.3165808772358882,1.3259378738280285,1.3157349074981888,1.3165808772358882
2024-03-05 00:00:00+00:00,1.3245408517547679,1.3292950531260408,1.3231049408368667,1.3245408517547679
2024-03-06 00:00:00+00:00,1.3263312855439429,1.328627870619174,1.3121468425451293,1.3263312855439429
2024-03-07 00:00:00+00:00,1.3133103573066915,1.3174538751504017,1.3073666555857977,1.3133103573066915
2024-03-08 00:00:00+00:00,1.306699133834877,1.308811120994375,1.2980790944740734,1.306699133834877
2024-03-11 00:00:00+00:00,1.3055012278905915,1.311308524375478,1.3049560824581818,1.3055012278905915
2024-03-12 00:00:00+00:00,1.308541874140574,1.3126148184179436,1.301401619686545,1.308541874140574
2024-03-13 00:00:00+00:00,1.307728495037329,1.3107416183894962,1.3057218703298263,1.307728495037329
2024-03-14 00:00:00+00:00,1.3058411862645973,1.3221362314201541,1.3057655326481015,1.3058411862645973
2024-03-15 00:00:00+00:00,1.322676709416181,1.3265226946757565,1.32015107100902,1.322676709416181
2024-03-18 00:00:00+00:00,1.3248221649649512,1.333050828189714,1.3235888361540762,1.3248221649649512
2024-03-19 00:00:00+00:00,1.33270335828211,1.3432760731013487,1.3313424487209893,1.33270335828211
2024-03-20 00:00:00+00:00,1.3330742315132873,1.3419304713965594,1.3329890647689018,1.3330742315132873
2024-03-21 00:00:00+00:00,1.3247155617267323,1.3376497716357802,1.3236354411792506,1.3247155617267323
2024-03-22 00:00:00+00:00,1.3378273789454391,1.350190413032931,1.337344998396977,1.3378273789454391
2024-03-25 00:00:00+00:00,1.350538985873648,1.3548524044525774,1.347583609567981,1.350538985873648
2024-03-26 00:00:00+00:00,1.3517698023868865,1.3531315797781935,1.3467479384568184,1.3517698023868865
2024-03-27 00:00:00+00:00,1.3529951346331093,1.35980544761547,1.3525470214061053,1.3529951346331093
2024-03-28 00:00:00+00:00,1.3597545058169747,1.36889559727092,1.356153348492848,1.3597545058169747
2024-03-29 00:00:00+00:00,1.365713032948116,1.3691607216598907,1.3630123548378623,1.365713032948116
2024-03-31 23:00:00+00:00,1.3644477787356553,1.3828430244310286,1.3631388808661598,1.3644477787356553
2024-04-01 23:00:00+00:00,1.3803851819497042,1.3804833198956672,1.3668309301220092,1.3803851819497042
2024-04-02 23:00:00+00:00,1.3717859982841318,1.3740912754526007,1.3582990655014051,1.3717859982841318
2024-04-03 23:00:00+00:00,1.3591502780689304,1.3595899724233542,1.3482343976770865,1.3591502780689304
2024-04-04 23:00:00+00:00,1.359566726934162,1.3675735267829654,1.356560444389095,1.359566726934162
2024-04-07 23:00:00+00:00,1.3602557041713825,1.3613883966883862,1.3459085371135124,1.3602557041713825
2024-04-08 23:00:00+00:00,1.3475745794408456,1.3498173914234703,1.340727291463376,1.3475745794408456
2024-04-09 23:00:00+00:00,1.346697253784742,1.3702187712976985,1.34463465785123,1.346697253784742
2024-04-10 23:00:00+00:00,1.3682947379823835,1.3764250310072073,1.3551931461934894,1.3682947379823835
2024-04-11 23:00:00+00:00,1.3679310494615275,1.3938145925466445,1.366902882205247,1.3679310494615275
2024-04-14 23:00:00+00:00,1.3852382400135022,1.3913280479456804,1.3838939741531935,1.3852382400135022
2024-04-15 23:00:00+00:00,1.3893267142527284,1.3993960651148003,1.3888940270453876,1.3893267142527284
2024-04-16 23:00:00+00:00,1.3965043071948775,1.4044736998951584,1.3932338354509315,1.3965043071948775
2024-04-17 23:00:00+00:00,1.3972635708091081,1.4001672053270948,1.388806552561388,1.3972635708091081
2024-04-18 23:00:00+00:00,1.4008784544131745,1.4076145663719506,1.3909950646221731,1.4008784544131745
2024-04-21 23:00:00+00:00,1.394741599229767,1.394710824078013,1.389559951434838,1.394689059847107
2024-04-22 23:00:00+00:00,1.388713520824044,1.3907956486724569,1.3794247790303455,1.388713520824044
2024-04-23 23:00:00+00:00,1.379512886204505,1.3903916819984545,1.3765187279154525,1.379512886204505
2024-04-24 23:00:00+00:00,1.3893495669999238,1.4003422690597247,1.3842624710059483,1.3893495669999238
2024-04-25 23:00:00+00:00,1.3901017898708672,1.4004877915709752,1.3855215816216278,1.3901017898708672
2024-04-28 23:00:00+00:00,1.3953303411491909,1.3980484241056934,1.3886822269174046,1.3953303411491909
2024-04-29 23:00:00+00:00,1.3965190857035195,1.405222698844803,1.3981080711315093,1.3965190857035195
2024-04-30 23:00:00+00:00,1.4081599641329903,1.4118500896705433,1.4020942962014742,1.4081599641329903
2024-05-01 23:00:00+00:00,1.3948364858324542,1.3989185766495238,1.393358924509204,1.3948364858324542
2024-05-02 23:00:00+00:00,1.3891140078162463,1.3905505799707167,1.3746659010987259,1.3891140078162463
2024-05-05 23:00:00+00:00,1.3852883508294376,1.3870603967899386,1.3771007009204577,1.3852883508294376
2024-05-06 23:00:00+00:00,1.3824597098818743,1.3883032717720656,1.3802883557228265,1.3824597098818743
2024-05-07 23:00:00+00:00,1.3892522947370065,1.399374880825761,1.3875204281774047,1.3892522947370065
2024-05-08 23:00:00+00:00,1.3955607280798321,1.3991297142890253,1.3877122613614046,1.3955607280798321
2024-05-09 23:00:00+00:00,1.3873101546893931,1.3905717431685158,1.3839498256955014,1.3873101546893931
2024-05-12 23:00:00+00:00,1.3877262055361559,1.3903551819434927,1.3844126930542147,1.3877262055361559
2024-05-13 23:00:00+00:00,1.3869694374744794,1.3936386393540738,1.3843521485262522,1.3869694374744794
2024-05-14 23:00:00+00:00,1.381912699540041,1.3835814541912461,1.3676492948360388,1.381912699540041
2024-05-15 23:00:00+00:00,1.363704383252108,1.373926407962501,1.3631400788929102,1.363704383252108
2024-05-16 23:00:00+00:00,1.3721035406791098,1.3798728625697094,1.3718479739875316,1.3721035406791098
2024-05-19 23:00:00+00:00,1.3714006120334636,1.3727278826428266,1.36789542211547,1.3714006120334636
2024-05-20 23:00:00+00:00,1.3692204962391148,1.3716414374165806,1.365433954158478,1.3692204962391148
2024-05-21 23:00:00+00:00,1.369360244365812,1.378064855009948,1.3670079426013615,1.369360244365812
2024-05-22 23:00:00+00:00,1.3754802164538642,1.3752091449958401,1.3676559816993237,1.3754802164538642
2024-05-23 23:00:00+00:00,1.374689905098014,1.3758932290196642,1.3624101196670055,1.374689905098014
2024-05-26 23:00:00+00:00,1.364545184260309,1.364488629741452,1.3582440288691546,1.364545184260309
2024-05-27 23:00:00+00:00,1.3584174480371716,1.35838389841636,1.348037862505143,1.3584174480371716
2024-05-28 23:00:00+00:00,1.3541353335264423,1.3650042678257923,1.3519845602412783,1.3541353335264423
2024-05-29 23:00:00+00:00,1.3654628846000343,1.3677640433746667,1.3547864725880343,1.3654628846000343
2024-05-30 23:00:00+00:00,1.3543263186936423,1.3560699036170307,1.343295786064605,1.3543263186936423
2024-06-02 23:00:00+00:00,1.345729420866354,1.3467838623889936,1.3310105324419057,1.345729420866354
2024-06-03 23:00:00+00:00,1.3307024431631196,1.341166186343689,1.3303449362300384,1.3307024431631196
2024-06-04 23:00:00+00:00,1.3335005396982083,1.3358750246998699,1.3284409169451594,1.3335005396982083
2024-06-05 23:00:00+00:00,1.3297567086440076,1.3351973863941953,1.3254042972939037,1.3297567086440076
2024-06-06 23:00:00+00:00,1.3297841998796995,1.3496253525329023,1.32560165443442,1.3297841998796995
2024-06-09 23:00:00+00:00,1.3515028250629209,1.3548496386390607,1.3433833325435207,1.3515028250629209
2024-06-10 23:00:00+00:00,1.3409926128361176,1.3466002104092776,1.3394935086817894,1.3409926128361176
2024-06-11 23:00:00+00:00,1.3417443579796937,1.3431320051458833,1.3167130147220576,1.3417443579796937
2024-06-12 23:00:00+00:00,1.3290472563619407,1.3416156447032614,1.3272460555606553,1.3290472563619407
2024-06-13 23:00:00+00:00,1.3415642663835163,1.3552664515018937,1.33878905379371,1.3415642663835163
2024-06-16 23:00:00+00:00,1.3467162331431162,1.3518985505990229,1.345664956048038,1.3467162331431162
2024-06-17 23:00:00+00:00,1.3402278390842968,1.3456106276645396,1.33659357979166,1.3402278390842968
2024-06-18 23:00:00+00:00,1.336431237323432,1.3374666384062128,1.3338595024579947,1.336431237323432
2024-06-19 23:00:00+00:00,1.3369877208839898,1.3413680685062264,1.3340464112134318,1.3369877208839898
2024-06-20 23:00:00+00:00,1.3444530025373487,1.350471518369907,1.342869192483792,1.3444530025373487
2024-06-23 23:00:00+00:00,1.3472158925433797,1.3477146405367342,1.337505216483532,1.3472158925433797
2024-06-24 23:00:00+00:00,1.341137226074369,1.347068926702423,1.3391758067430484,1.341137226074369
2024-06-25 23:00:00+00:00,1.3457593068094733,1.3591772657106849,1.3444417197848055,1.3457593068094733
2024-06-26 23:00:00+00:00,1.3544789943301891,1.3604202746864882,1.3508275840626778,1.3544789943301891
2024-06-27 23:00:00+00:00,1.360390580252628,1.365155163032876,1.3551640707687724,1.360390580252628
2024-06-30 23:00:00+00:00,1.3531311042506162,1.3619801042142767,1.3410749259504793,1.3531311042506162
2024-07-01 23:00:00+00:00,1.3588487244206777,1.3650534879777516,1.357439652854152,1.3588487244206777
2024-07-02 23:00:00+00:00,1.3530812126890253,1.3550944057802468,1.3400587405584625,1.3530812126890253
2024-07-03 23:00:00+00:00,1.3424824624152736,1.3459117224002246,1.3424823869450067,1.3424824624152736
2024-07-07 23:00:00+00:00,1.3430662440744248,1.3505191006202595,1.3409056427153174,1.3389601113213874
2024-07-08 23:00:00+00:00,1.3548310363142286,1.3557197265625,1.349351386095214,1.3548310363142286
2024-07-09 23:00:00+00:00,1.350413476988783,1.352759033203125,1.3441299768532582,1.350413476988783
2024-07-10 23:00:00+00:00,1.3499270318523287,1.3504519361444767,1.3351466912356873,1.3499270318523287
2024-07-11 23:00:00+00:00,1.3433703261931067,1.3545014923528291,1.3429717285713152,1.3433703261931067
2024-07-14 23:00:00+00:00,1.3523935455500453,1.3569162091112201,1.3265733870081797,1.3523935455500453
